k,time_s,history_row,altitude_km,velocity_kms,mach,knudsen,flow_branch,mesh,n_nodes,n_tets,n_faces,n_flipped,n_open_directed_edges,n_nonmanifold_edges,n_nonmanifold_vertices,volume_rel_diff,mass_rel_diff,film_rel_diff,max_abs_dfl,fl_bitwise,n_delta_m_mismatch,n_girin,n_nan_forbidden,loads_valid,n_valid,theta_last_deg,D_hist_N,D_patch_N,D_table_N,D_smooth_N,rel_table_patch,rel_patch_hist,rel_smooth_hist,lee_share,smooth_lee_share,thickness_min_m,thickness_nan,n_thin_at_2.2mm,depth_normals,n_marched,n_wrong_way,n_left_body,max_slurry_depth_m,max_liquid_depth_m,facet_max_slurry_depth_m,bulk_area_2mm_m2,bulk_area_3mm_m2,bulk_area_2mm_with_deep_m2,bulk_area_3mm_with_deep_m2,max_layer_m,n_bulk_2mm,n_runoff_2mm,n_skin_2mm,release_sum_kg,sprayed_increment_kg,film_mass_kg,p_w_max_Pa,p_w_stag_step_Pa,rel_p_w_max_stag,size_bytes,t_read_s,t_checks_s,t_loads_s,t_thickness_s,t_locator_s,t_depths_s,t_write_s,t_total_s
0,0,0,77.500133,7.5,26.2248129,0.0298070991,nan,0,33355,177363,18830,0,0,0,0,0,3.08268588e-09,0,0,1,0,0,0,0,0,,5.89397472,0,,,,-1,,,,0.0999418529,0,0,derived,0,0,0,0,0,0,0,0,0,0,0,0,0,0,0,0,0,0,nan,,713095,0.050486916,0.185013084,0.000476791989,0.56561375,0.282172625,0.000778584043,0.154600334,1.38054642
1,0.5,1,77.4372281,7.49807015,26.2101586,0.0295194042,nan,0,33355,177363,18830,0,0,0,0,0,3.08268588e-09,0,0,1,0,0,0,1,18830,179.5,5.93986268,6.55189946,6.55050662,6.55047227,-0.000212586615,0.103038878,0.102798604,0,0,0.0999418529,0,0,derived,0,0,0,0,0,0,0,0,0,0,0,0,0,0,0,0,0,1508.19318,1508.19318,-2.35815456e-09,1220937,0.0519721661,0.184464958,0.00358412496,0.560505917,0.275115791,0.000766708981,0.138698542,1.25990654
2,1,2,77.3740831,7.49612495,26.1954317,0.0292335127,nan,0,33355,177363,18830,0,0,0,0,0,3.08268588e-09,0,0,1,0,0,0,1,18830,179.5,5.98623985,6.60392287,6.60251567,6.60248128,-0.000213085133,0.103183807,0.10294299,0,0,0.0999418529,0,0,derived,0,0,0,0,0,0,0,0,0,0,0,0,0,0,0,0,0,1522.13242,1522.13242,3.08323811e-10,1228556,0.050072375,0.185904,0.00375575002,0.562901875,0.272832667,0.000757917063,0.137975667,1.258205
3,1.5,3,77.310697,7.49416425,26.1806317,0.0289494688,nan,0,33355,177363,18830,0,0,0,0,0,3.08268588e-09,0,0,1,0,0,0,1,18830,179.5,6.03310401,6.65650627,6.65508453,6.6550501,-0.000213586438,0.10333027,0.103088907,0,0,0.0999418529,0,0,derived,0,0,0,0,0,0,0,0,0,0,0,0,0,0,0,0,0,1536.2427,1536.2427,-1.39434786e-09,1233383,0.0497322921,0.185406042,0.00349295803,0.557010042,0.274131084,0.00077520893,0.137011375,1.25209317
4,2,4,77.2470689,7.49218788,26.1657577,0.0286673325,nan,0,33355,177363,18830,0,0,0,0,0,3.08268588e-09,0,0,1,0,0,0,1,18830,179.5,6.08044969,6.70964345,6.70820698,6.70817251,-0.000214090486,0.103478162,0.103236249,0,0,0.0999418529,0,0,derived,0,0,0,0,0,0,0,0,0,0,0,0,0,0,0,0,0,1550.52307,1550.52307,3.19594196e-09,1236217,0.049353917,0.185612917,0.0034028329,0.552684416,0.273848625,0.000762749929,0.13722425,1.247646
5,2.5,5,77.1831978,7.49019568,26.1508095,0.0283869953,nan,0,33355,177363,18830,0,0,0,0,0,3.08268588e-09,0,0,1,0,0,0,1,18830,179.5,6.12830156,6.76336231,6.76191091,6.7618764,-0.000214597585,0.10362753,0.103385063,0,0,0.0999418529,0,0,derived,0,0,0,0,0,0,0,0,0,0,0,0,0,0,0,0,0,1564.98164,1564.98164,9.1048391e-10,1238222,0.049588916,0.1852725,0.00340587506,0.555944916,0.273979042,0.000771541963,0.136563959,1.25010542
6,3,6,77.1190826,7.48818747,26.1357863,0.0281085334,nan,0,33355,177363,18830,0,0,0,0,0,3.08268588e-09,0,0,1,0,0,0,1,18830,179.5,6.17665122,6.81765372,6.81618719,6.81615265,-0.000215107398,0.103778322,0.103535298,0,0,0.0999418529,0,0,derived,0,0,0,0,0,0,0,0,0,0,0,0,0,0,0,0,0,1579.61662,1579.61662,-2.27549657e-09,1239700,0.0497333329,0.185985917,0.00348374993,0.555959625,0.273964792,0.000771457911,0.135889333,1.25058704
7,3.5,7,77.0547225,7.48616309,26.1206876,0.0278319339,nan,0,33355,177363,18830,0,0,0,0,0,3.08268588e-09,0,0,1,0,0,0,1,18830,179.5,6.22550621,6.87252638,6.87104452,6.87100995,-0.000215620191,0.103930531,0.103686948,0,0,0.0999418529,0,0,derived,0,0,0,0,0,0,0,0,0,0,0,0,0,0,0,0,0,1594.43096,1594.43096,2.24011698e-09,1241026,0.049605875,0.186953417,0.00366779102,0.553135042,0.274113458,0.00075687503,0.136361667,1.24979504
8,4,8,76.9901165,7.48412237,26.1055129,0.0275571283,nan,0,33355,177363,18830,0,0,0,0,0,3.08268588e-09,0,0,1,0,0,0,1,18830,179.5,6.27488505,6.92800189,6.92650449,6.92646989,-0.00021613604,0.104084272,0.103840124,0,0,0.0999418529,0,0,derived,0,0,0,0,0,0,0,0,0,0,0,0,0,0,0,0,0,1609.43111,1609.43111,9.22396826e-10,1242068,0.0493601661,0.184943666,0.00364841707,0.552828417,0.275095833,0.000817083055,0.135219083,1.24645613
9,4.5,9,76.9252635,7.48206513,26.0902615,0.0272842139,nan,0,33355,177363,18830,0,0,0,0,0,3.08268588e-09,0,0,1,0,0,0,1,18830,179.5,6.32477451,6.98406556,6.98255243,6.98251779,-0.000216654784,0.104239456,0.103994741,0,0,0.0999418529,0,0,derived,0,0,0,0,0,0,0,0,0,0,0,0,0,0,0,0,0,1624.6138,1624.6138,-1.76431381e-09,1243010,0.051605875,0.186275291,0.00356783404,0.559968042,0.274001542,0.000756957917,0.135830625,1.25702308
10,5,10,76.8601625,7.47999119,26.0749328,0.0270131266,nan,0,33355,177363,18830,0,0,0,0,0,3.08268588e-09,0,0,1,0,0,0,1,18830,179.5,6.37519241,7.0407378,7.03920871,7.03917405,-0.00021717656,0.104396125,0.104150839,0,0,0.0999418529,0,0,derived,0,0,0,0,0,0,0,0,0,0,0,0,0,0,0,0,0,1639.98516,1639.98516,3.04589975e-09,1243814,0.049462541,0.186086833,0.00367887504,0.561654792,0.27252275,0.000765083008,0.135556375,1.25405183
11,5.5,11,76.7948126,7.47790038,26.0595263,0.0267438272,nan,0,33355,177363,18830,0,0,0,0,0,3.08268588e-09,0,0,1,0,0,0,1,18830,179.5,6.42615244,7.09803444,7.09648919,7.0964545,-0.000217701459,0.10455432,0.104308459,0,0,0.0999418529,0,0,derived,0,0,0,0,0,0,0,0,0,0,0,0,0,0,0,0,0,1655.55017,1655.55017,-7.02469194e-11,1244575,0.049359875,0.186569458,0.00326945807,0.56242025,0.273316584,0.000746959005,0.13550925,1.25584175
12,6,12,76.7292127,7.47579252,26.0440413,0.0264764237,nan,0,33355,177363,18830,0,0,0,0,0,3.08268588e-09,0,0,1,0,0,0,1,18830,179.5,6.4776382,7.15593755,7.15437592,7.15434121,-0.0002182293,0.104713991,0.104467552,0,0,0.0999418529,0,0,derived,0,0,0,0,0,0,0,0,0,0,0,0,0,0,0,0,0,1671.30468,1671.30468,-2.05796569e-09,1244978,0.05070525,0.185627292,0.00367470901,0.562003375,0.2748605,0.000757541042,0.13534625,1.25771596
13,6.5,13,76.6633619,7.47366742,26.0284773,0.0262108216,nan,0,33355,177363,18830,0,0,0,0,0,3.08268588e-09,0,0,1,0,0,0,1,18830,179.5,6.52967465,7.2144756,7.21289736,7.21286263,-0.000218760274,0.104875202,0.104628181,0,0,0.0999418529,0,0,derived,0,0,0,0,0,0,0,0,0,0,0,0,0,0,0,0,0,1687.25707,1687.25707,1.02436126e-09,1245521,0.0492017081,0.186533833,0.00380487496,0.563471834,0.271422375,0.000758499955,0.13532475,1.25551933
14,7,14,76.597259,7.4715249,26.0128336,0.025947,nan,0,33355,177363,18830,0,0,0,0,0,3.08268588e-09,0,0,1,0,0,0,1,18830,179.5,6.58227221,7.27366083,7.27206576,7.27203101,-0.000219294452,0.105037987,0.104790379,0,0,0.0999418529,0,0,derived,0,0,0,0,0,0,0,0,0,0,0,0,0,0,0,0,0,1703.4114,1703.4114,-2.08382345e-09,1245897,0.049856209,0.185986083,0.00375358295,0.554456542,0.27245825,0.000755666057,0.135041625,1.24666646
15,7.5,15,76.5309031,7.46936477,25.9971095,0.0256850692,nan,0,33355,177363,18830,0,0,0,0,0,3.08268588e-09,0,0,1,0,0,0,1,18830,179.5,6.63541298,7.33347357,7.33186144,7.33182668,-0.000219831697,0.105202282,0.104954085,0,0,0.0999418529,0,0,derived,0,0,0,0,0,0,0,0,0,0,0,0,0,0,0,0,0,1719.76307,1719.76307,-2.8957593e-09,1246368,0.0521205,0.186871292,0.0035633751,0.555558459,0.272990916,0.000763291959,0.136355666,1.25301296
16,8,16,76.4642931,7.46718685,25.9813045,0.0254249224,nan,0,33355,177363,18830,0,0,0,0,0,3.08268588e-09,0,0,1,0,0,0,1,18830,179.5,6.68912575,7.39394669,7.39231727,7.39228249,-0.000220372096,0.10536817,0.105119379,0,0,0.0999418529,0,0,derived,0,0,0,0,0,0,0,0,0,0,0,0,0,0,0,0,0,1736.32173,1736.32173,2.08614415e-09,1246514,0.0495362499,0.185830709,0.00363608403,0.557031708,0.279010375,0.000761375064,0.135521042,1.25610879
17,8.5,17,76.397428,7.46499094,25.965418,0.0251665478,nan,0,33355,177363,18830,0,0,0,0,0,3.08268588e-09,0,0,1,0,0,0,1,18830,179.5,6.74341937,7.45509039,7.45344344,7.45340865,-0.000220915696,0.105535631,0.105286241,0,0,0.0999418529,0,0,derived,0,0,0,0,0,0,0,0,0,0,0,0,0,0,0,0,0,1753.09096,1753.09096,-1.25136179e-09,1246853,0.0492788339,0.185719791,0.00362874998,0.555699417,0.272862208,0.000751666958,0.135956459,1.24839104
18,9,18,76.3303068,7.46277684,25.9494491,0.0249100497,nan,0,33355,177363,18830,0,0,0,0,0,3.08268588e-09,0,0,1,0,0,0,1,18830,179.5,6.79827615,7.51688595,7.51522124,7.51518644,-0.000221462441,0.105704708,0.105454717,0,0,0.0999418529,0,0,derived,0,0,0,0,0,0,0,0,0,0,0,0,0,0,0,0,0,1770.06641,1770.06641,8.66220429e-11,1247064,0.050698916,0.186367083,0.00376012502,0.558695416,0.272620584,0.000776292058,0.135432083,1.25316875
19,9.5,19,76.2629283,7.46054437,25.9333974,0.0246553257,nan,0,33355,177363,18830,0,0,0,0,0,3.08268588e-09,0,0,1,0,0,0,1,18830,179.5,6.85372524,7.57936627,7.57768355,7.57764875,-0.00022201249,0.105875418,0.105624822,0,0,0.0999418529,0,0,derived,0,0,0,0,0,0,0,0,0,0,0,0,0,0,0,0,0,1787.25785,1787.25785,-1.03222242e-09,1247513,0.0498852909,0.188132542,0.00361945794,0.554541625,0.273150583,0.000760208,0.136587042,1.25128312
20,10,20,76.1952915,7.45829332,25.9172622,0.0244023649,nan,0,33355,177363,18830,0,0,0,0,0,3.08268588e-09,0,0,1,0,0,0,1,18830,179.5,6.90977567,7.64254205,7.64084108,7.64080627,-0.000222565886,0.106047781,0.105796575,0,0,0.0999418529,0,0,derived,0,0,0,0,0,0,0,0,0,0,0,0,0,0,0,0,0,1804.66901,1804.66901,2.41893106e-09,1247565,0.049591292,0.186100125,0.00333408301,0.556491625,0.274838166,0.000844708993,0.1359515,1.25152937
21,10.5,21,76.1273953,7.4560235,25.9010427,0.0241512575,nan,0,33355,177363,18830,0,0,0,0,0,3.08268588e-09,0,0,1,0,0,0,1,18830,179.5,6.9664119,7.70639637,7.7046769,7.70464209,-0.000223122444,0.106221751,0.105969932,0,0,0.0999418529,0,0,derived,0,0,0,0,0,0,0,0,0,0,0,0,0,0,0,0,0,1822.29611,1822.29611,2.61672572e-09,1247671,0.049165208,0.18525625,0.00363999989,0.5652145,0.273216292,0.000776916975,0.134800375,1.25729317
22,11,22,76.0592387,7.4537347,25.8847384,0.0239019215,nan,0,33355,177363,18830,0,0,0,0,0,3.08268588e-09,0,0,1,0,0,0,1,18830,179.5,7.02365965,7.77095877,7.76922054,7.76918573,-0.000223682371,0.1063974,0.106144962,0,0,0.0999418529,0,0,derived,0,0,0,0,0,0,0,0,0,0,0,0,0,0,0,0,0,1840.14806,1840.14806,2.55526889e-09,1247983,0.0498205001,0.186583666,0.00364324998,0.55949325,0.271993542,0.000762707903,0.13519225,1.25264396
23,11.5,23,75.9908206,7.45142663,25.8683483,0.0236543387,nan,0,33355,177363,18830,0,0,0,0,0,3.08268588e-09,0,0,1,0,0,0,1,18830,179.5,7.08325795,7.83770187,7.83594495,7.83591014,-0.000224162662,0.106510863,0.10625791,0,0,0.0999418529,0,0,derived,0,0,0,0,0,0,0,0,0,0,0,0,0,0,0,0,0,1858.22928,1858.22928,-2.63705591e-09,1247891,0.048923917,0.18723125,0.00339800003,0.556379958,0.272706125,0.000770375016,0.136612375,1.25050163
24,12,24,75.9221399,7.44909743,25.8518657,0.0234085787,nan,0,33355,177363,18830,0,0,0,0,0,3.08268588e-09,0,0,1,0,0,0,1,18830,179.5,7.1490208,7.90984516,7.90807033,7.90803549,-0.000224382568,0.106423576,0.106170441,0,0,0.0999418529,0,0,derived,0,0,0,0,0,0,0,0,0,0,0,0,0,0,0,0,0,1876.53638,1876.53638,-1.26456623e-09,1248161,0.050132917,0.186332291,0.00370562507,0.554121958,0.273270541,0.000789958052,0.134885334,1.247422
25,12.5,25,75.8531954,7.44674613,25.8352876,0.0231645937,nan,0,33355,177363,18830,0,0,0,0,0,3.08268588e-09,0,0,1,0,0,0,1,18830,179.5,7.21557631,7.98285803,7.98106506,7.98103019,-0.000224603377,0.106336859,0.10608354,0,0,0.0999418529,0,0,derived,0,0,0,0,0,0,0,0,0,0,0,0,0,0,0,0,0,1895.07583,1895.07583,8.90994167e-10,1248353,0.0507157079,0.187798458,0.00406775007,0.557021375,0.273715792,0.00076545903,0.135998292,1.25650167
26,13,26,75.7839862,7.44437245,25.818613,0.0229223511,nan,0,33355,177363,18830,0,0,0,0,0,3.08268588e-09,0,0,1,0,0,0,1,18830,179.5,7.28294384,8.05676098,8.05494962,8.05491473,-0.000224825119,0.106250599,0.105997096,0,0,0.0999418529,0,0,derived,0,0,0,0,0,0,0,0,0,0,0,0,0,0,0,0,0,1913.85317,1913.85317,-7.80173703e-11,1248222,0.049390542,0.1868565,0.00344891706,0.559506125,0.273235334,0.000758082955,0.135573459,1.25346121
27,13.5,27,75.7145111,7.44197612,25.8018409,0.0226818937,nan,0,33355,177363,18830,0,0,0,0,0,3.08268588e-09,0,0,1,0,0,0,1,18830,179.5,7.35112035,8.1315507,8.12972071,8.12968581,-0.000225047759,0.106164818,0.105911129,0,0,0.0999418529,0,0,derived,0,0,0,0,0,0,0,0,0,0,0,0,0,0,0,0,0,1932.8679,1932.8679,1.41205247e-09,1248618,0.049575292,0.187009959,0.00396550004,0.552645625,0.273412791,0.000758624985,0.136380792,1.24841321
28,14,28,75.6447691,7.43955687,25.7849706,0.0224432208,nan,0,33355,177363,18830,0,0,0,0,0,3.08268588e-09,0,0,1,0,0,0,1,18830,179.5,7.42011544,8.20723849,8.20538963,8.20535471,-0.000225271297,0.106079623,0.105825748,0,0,0.0999418529,0,0,derived,0,0,0,0,0,0,0,0,0,0,0,0,0,0,0,0,0,1952.12324,1952.12324,-1.0569311e-09,1249506,0.049953583,0.186768833,0.00351929094,0.551406208,0.27414375,0.00074649998,0.135006041,1.24673238
29,14.5,29,75.574759,7.43711442,25.7680009,0.0222062787,nan,0,33355,177363,18830,0,0,0,0,0,3.08268588e-09,0,0,1,0,0,0,1,18830,179.5,7.48995566,8.28385277,8.2819848,8.28194985,-0.000225495778,0.105994901,0.105740838,0,0,0.0999418529,0,0,derived,0,0,0,0,0,0,0,0,0,0,0,0,0,0,0,0,0,1971.62674,1971.62674,6.25280494e-10,1250388,0.049751416,0.186243042,0.00363024999,0.553087583,0.272764917,0.000760415918,0.134096209,1.24467483
30,15,30,75.5044797,7.43464848,25.7509312,0.0219710778,nan,0,33355,177363,18830,0,0,0,0,0,3.08268588e-09,0,0,1,0,0,0,1,18830,179.5,7.56064803,8.36140156,8.35951422,8.35947926,-0.000225721201,0.105910701,0.10565645,0,0,0.0999418529,0,0,derived,0,0,0,0,0,0,0,0,0,0,0,0,0,0,0,0,0,1991.38081,1991.38081,1.03708264e-09,1251176,0.049776708,0.186399916,0.00352504104,0.554750417,0.272906125,0.000772541971,0.136019625,1.24845012
31,15.5,31,75.4339301,7.43215876,25.7337602,0.0217376759,nan,0,33355,177363,18830,0,0,0,0,0,3.08268588e-09,0,0,1,0,0,0,1,18830,179.5,7.63218371,8.4398751,8.43796813,8.43793316,-0.000225947504,0.105827037,0.105572596,0,0,0.0999418529,0,0,derived,0,0,0,0,0,0,0,0,0,0,0,0,0,0,0,0,0,2011.38334,2011.38334,1.93157979e-09,1252103,0.049572375,0.187598,0.00334541698,0.553545375,0.273579292,0.000744207995,0.135587875,1.24839204
32,16,32,75.363109,7.42964498,25.7164872,0.0215059922,nan,0,33355,177363,18830,0,0,0,0,0,3.08268588e-09,0,0,1,0,0,0,1,18830,179.5,7.70459912,8.51931341,8.51738656,8.51735157,-0.000226174767,0.105743891,0.105489259,0,0,0.0999418529,0,0,derived,0,0,0,0,0,0,0,0,0,0,0,0,0,0,0,0,0,2031.64487,2031.64487,2.05120143e-09,1253095,0.05099975,0.187109375,0.0033849579,0.5601165,0.273795459,0.000819582958,0.138856875,1.26032025
33,16.5,33,75.2920153,7.42710684,25.6991111,0.0212760235,nan,0,33355,177363,18830,0,0,0,0,0,3.08268588e-09,0,0,1,0,0,0,1,18830,179.5,7.77790623,8.59972963,8.59778262,8.59774763,-0.000226402993,0.105661262,0.105406438,0,0,0.0999418529,0,0,derived,0,0,0,0,0,0,0,0,0,0,0,0,0,0,0,0,0,2052.16913,2052.16913,-7.91419152e-11,1253954,0.0495439591,0.186237459,0.00358787493,0.5593785,0.273661334,0.000765249948,0.136460125,1.25413208
34,17,34,75.220648,7.42454403,25.681631,0.0210478258,nan,0,33355,177363,18830,0,0,0,0,0,3.08268588e-09,0,0,1,0,0,0,1,18830,179.5,7.85209614,8.68111403,8.67914661,8.67911161,-0.00022663219,0.105579183,0.105324165,0,0,0.0999418529,0,0,derived,0,0,0,0,0,0,0,0,0,0,0,0,0,0,0,0,0,2072.95403,2072.95403,2.0192803e-10,1255167,0.0491165,0.186834958,0.00378158398,0.5581175,0.279770334,0.000803000061,0.135169334,1.25795567
35,17.5,35,75.1490057,7.42195625,25.6640458,0.0208213565,nan,0,33355,177363,18830,0,0,0,0,0,3.08268588e-09,0,0,1,0,0,0,1,18830,179.5,7.92719391,8.76349412,8.76150602,8.76147101,-0.000226862203,0.105497635,0.105242424,0,0,0.0999418529,0,0,derived,0,0,0,0,0,0,0,0,0,0,0,0,0,0,0,0,0,2094.00698,2094.00698,-2.27438224e-09,1256481,0.049492167,0.187236875,0.003317917,0.559218458,0.275161792,0.000803417061,0.135393375,1.25550325
36,18,36,75.0770874,7.41934321,25.6463546,0.0205965884,nan,0,33355,177363,18830,0,0,0,0,0,3.08268588e-09,0,0,1,0,0,0,1,18830,179.5,8.00322008,8.8468925,8.84488343,8.84484842,-0.000227093261,0.105416622,0.105161214,0,0,0.0999418529,0,0,derived,0,0,0,0,0,0,0,0,0,0,0,0,0,0,0,0,0,2115.33412,2115.33412,-2.3308766e-09,1257768,0.0511219171,0.186625584,0.00380862504,0.561836,0.273836375,0.000767334015,0.149652958,1.27218488
37,18.5,37,75.0048918,7.41670457,25.6285564,0.0203735316,nan,0,33355,177363,18830,0,0,0,0,0,3.08268588e-09,0,0,1,0,0,0,1,18830,179.5,8.08018219,8.93131728,8.92928697,8.92925196,-0.000227325281,0.105336127,0.105080524,0,0,0.0999418529,0,0,derived,0,0,0,0,0,0,0,0,0,0,0,0,0,0,0,0,0,2136.93794,2136.93794,1.40338496e-09,1259063,0.050315291,0.186243875,0.00352849998,0.562267709,0.273298584,0.000756249996,0.134596083,1.25606221
38,19,38,74.9324178,7.41404003,25.61065,0.0201522302,nan,0,33355,177363,18830,0,0,0,0,0,3.08268588e-09,0,0,1,0,0,0,1,18830,179.5,8.15807431,9.01676245,9.01471062,9.01467561,-0.000227558222,0.10525623,0.105000429,0,0,0.0999418529,0,0,derived,0,0,0,0,0,0,0,0,0,0,0,0,0,0,0,0,0,2158.81734,2158.81734,-6.02673356e-10,1260260,0.0497259169,0.186087583,0.00334062509,0.56107925,0.273699583,0.000795874977,0.135691167,1.25447671
39,19.5,39,74.8596643,7.41134926,25.5926345,0.0199326159,nan,0,33355,177363,18830,0,0,0,0,0,3.08268588e-09,0,0,1,0,0,0,1,18830,179.5,8.23693318,9.10326803,9.10119438,9.10115937,-0.000227792147,0.10517687,0.10492087,0,0,0.0999418529,0,0,derived,0,0,0,0,0,0,0,0,0,0,0,0,0,0,0,0,0,2180.98294,2180.98294,-1.08511033e-09,1261672,0.0501665419,0.188561666,0.00368216704,0.559683667,0.274233875,0.000764459022,0.136162417,1.25772054
40,20,40,74.7866299,7.40863194,25.5745088,0.0197146844,nan,0,33355,177363,18830,0,0,0,0,0,3.08268588e-09,0,0,1,0,0,0,1,18830,179.5,8.31677202,9.19084857,9.18875281,9.18871781,-0.00022802707,0.105098054,0.104841853,0,0,0.0999418529,0,0,derived,0,0,0,0,0,0,0,0,0,0,0,0,0,0,0,0,0,2203.4389,2203.4389,-1.87674054e-09,1263389,0.0514393339,0.196422208,0.00354370906,0.551673459,0.273933583,0.000762250042,0.134864875,1.25699233
41,20.5,41,74.7133135,7.40588774,25.5562717,0.019498467,nan,0,33355,177363,18830,0,0,0,0,0,3.08268588e-09,0,0,1,0,0,0,1,18830,179.5,8.3975899,9.27950311,9.27738494,9.27734995,-0.000228262946,0.105019799,0.104763398,0,0,0.0999418529,0,0,derived,0,0,0,0,0,0,0,0,0,0,0,0,0,0,0,0,0,2226.18541,2226.18541,3.91675359e-10,1264898,0.049737875,0.188926334,0.00418525003,0.557791083,0.275371875,0.000749083003,0.135576458,1.25732388
42,21,42,74.6397139,7.40311632,25.5379223,0.0192839573,nan,0,33355,177363,18830,0,0,0,0,0,3.08268588e-09,0,0,1,0,0,0,1,18830,179.5,8.47940033,9.3692465,9.36710563,9.36707065,-0.000228499787,0.104942111,0.104685507,0,0,0.0999418529,0,0,derived,0,0,0,0,0,0,0,0,0,0,0,0,0,0,0,0,0,2249.22673,2249.22673,1.23793553e-09,1266167,0.049982167,0.186253459,0.003798333,0.560118625,0.274115542,0.000876207952,0.135250667,1.25535237
43,21.5,43,74.5658299,7.40031734,25.5194594,0.0190711152,nan,0,33355,177363,18830,0,0,0,0,0,3.08268588e-09,0,0,1,0,0,0,1,18830,179.5,8.56223139,9.46010963,9.45794575,9.45791078,-0.000228737631,0.104864982,0.104608174,0,0,0.0999418529,0,0,derived,0,0,0,0,0,0,0,0,0,0,0,0,0,0,0,0,0,2272.57122,2272.57122,-7.04508896e-10,1267620,0.0500952499,0.185974333,0.00364024995,0.558498375,0.27304625,0.000912832911,0.135656959,1.25202454
44,22,44,74.4916601,7.39749046,25.5008819,0.0188599362,nan,0,33355,177363,18830,0,0,0,0,0,3.08268588e-09,0,0,1,0,0,0,1,18830,179.5,8.64609709,9.55210792,9.54992071,9.54988576,-0.000228976489,0.104788416,0.104531404,0,0,0.0999418529,0,0,derived,0,0,0,0,0,0,0,0,0,0,0,0,0,0,0,0,0,2296.22329,2296.22329,-1.72629766e-09,1269247,0.050260708,0.185839375,0.00345600001,0.554067583,0.274069292,0.000760375056,0.136104125,1.24985929
45,22.5,45,74.4172035,7.39463534,25.4821887,0.0186504591,nan,0,33355,177363,18830,0,0,0,0,0,3.08268588e-09,0,0,1,0,0,0,1,18830,179.5,8.7309925,9.64523566,9.64302482,9.64298989,-0.000229216307,0.104712398,0.10445518,0,0,0.0999418529,0,0,derived,0,0,0,0,0,0,0,0,0,0,0,0,0,0,0,0,0,2320.18196,2320.18196,-5.79588599e-11,1270932,0.050468959,0.185842917,0.00339883298,0.551393833,0.274670166,0.000756707974,0.135495083,1.24668671
46,23,46,74.3424586,7.39175161,25.4633786,0.0184426548,nan,0,33355,177363,18830,0,0,0,0,0,3.08268588e-09,0,0,1,0,0,0,1,18830,179.5,8.81694183,9.73952027,9.73728547,9.73725057,-0.000229457125,0.104637011,0.104379586,0,0,0.0999418529,0,0,derived,78,0,0,0.000492929432,0,0.000492933311,0,0,0,0,0.000492929432,0,78,0,0,0,0,2344.45474,2344.45474,-1.2372593e-09,1273317,0.0493262081,0.18638075,0.00378912501,0.555981292,0.273509875,0.010898167,0.135930792,1.27058758
47,23.5,47,74.2674244,7.38883892,25.4444504,0.0182364973,nan,0,33355,177363,18830,0,0,0,0,0,3.08268588e-09,0,0,1,0,0,0,1,18830,179.5,8.90396895,9.83498742,9.83272834,9.83269347,-0.00022969896,0.104562188,0.104304554,0,0,0.0999418529,0,0,derived,182,0,0,0.0011119601,0,0.00111156607,0,0,0,0,0.0011119601,0,182,0,0,0,0,2369.0487,2369.0487,1.06629838e-09,1275599,0.0510214169,0.185925542,0.00357050006,0.557336708,0.274146,0.024098958,0.140682667,1.30381
48,24,48,74.1920994,7.3858969,25.425403,0.0180319818,1,0,33355,177363,18830,0,0,0,0,0,3.08268588e-09,4.04409839e-10,0,1,0,0,0,1,18830,179.5,8.99208867,9.93165349,9.92936979,9.92933494,-0.000229941832,0.104487939,0.104230096,0,0,0.0999418529,0,0,derived,286,0,0,0.00166103378,0,0.00165993851,0,0,0,0,0.00166284081,0,286,0,0,0,3.88426335e-06,2393.96857,2393.96857,-2.06957818e-09,1279723,0.049248,0.190416584,0.00337854098,0.559196166,0.282855208,0.0371090421,0.135856083,1.34001996
49,24.5,49,74.1164825,7.38292518,25.4062352,0.0178291429,1,0,33355,177363,18830,0,0,0,0,0,5.57922153e-10,1.26718191e-10,0,1,0,0,0,1,18830,179.5,9.08035017,10.0295142,10.0272056,10.0271708,-0.000230185678,0.104529455,0.104271374,0,0,0.0999418529,0,0,derived,386,0,0,0.00208544361,3.74656942e-12,0.00208403222,1.74227041e-06,0,1.74227041e-06,0,0.00208716139,1,385,0,0.000153493717,0.000153493717,7.46856529e-06,2419.21375,2419.21375,8.00925326e-10,1285266,0.050414833,0.188072541,0.00372975005,0.552902333,0.284199292,0.0506513329,0.137740791,1.36213579
50,25,50,74.0405722,7.37992307,25.3869446,0.0176285659,1,0,33355,177363,18830,0,0,0,0,0,3.28196059e-09,1.12661525e-09,0,1,0,0,0,1,18830,179.5,9.169355,10.1286116,10.1262777,10.1262429,-0.000230429872,0.104615492,0.104357163,0,0,0.0999418529,0,0,derived,482,0,0,0.00215447456,4.45009155e-12,0.00215310517,3.4675725e-06,0,3.4675725e-06,0,0.00215623079,2,480,0,0.000366135651,0.00036613565,2.5336125e-06,2444.79166,2444.79166,1.17108789e-09,1290895,0.0493684589,0.189438958,0.00365541608,0.554554625,0.274007459,0.068318584,0.136435291,1.38369179
51,25.5,51,73.9643675,7.37688971,25.3675284,0.0174317728,1,0,33352,177273,18878,59,0,1,0,0,1.9867511e-09,5.96645844e-10,0,1,0,0,0,1,18878,179.5,9.26320695,10.0138139,10.0113355,10.1690442,-0.000247499059,0.0810310061,0.0977887259,0,0,0.00037043744,0,77,derived,634,0,15,0.00565,5.71167695e-12,0.0128636777,4.20055106e-05,1.20677576e-05,4.20055106e-05,1.20677576e-05,0.00565,20,623,0,0.000337648093,0.000337648094,4.18082849e-05,2432.782,2470.70945,-0.0153508319,1298754,0.0508643329,0.187121042,0.00371791702,0.556865542,0.273972166,0.0869805421,0.137470833,1.42522958
52,26,52,73.8878668,7.37382476,25.3479856,0.0172358152,1,0,33349,177150,18936,142,0,2,0,0,2.2484592e-09,1.53223034e-09,0,1,0,0,0,1,18936,179.5,9.35591062,9.78867656,9.78583058,10.2391003,-0.0002907423,0.0462558865,0.0943991098,0,0,0.00037043744,0,179,derived,784,0,22,0.00751018464,4.64563987e-12,0.0101673228,3.58295691e-05,4.95603402e-06,3.58295691e-05,4.95603402e-06,0.0075193057,16,870,0,0.000518740384,0.000518740379,2.52590467e-05,2397.40473,2458.64158,-0.0249067832,1308042,0.050429167,0.188498541,0.00374941702,0.56848575,0.282394792,0.108036959,0.151156542,1.50010583
53,26.5,53,73.811069,7.37072742,25.3283133,0.0170416623,1,0,33345,177058,18968,209,0,1,0,0,2.14103923e-09,8.59856963e-10,0,1,0,0,0,1,18968,179.5,9.44978619,9.67876778,9.67583292,10.2872527,-0.000303226378,0.0242314046,0.0886227978,0,0,0.000356581753,0,240,derived,893,0,32,0.00654176394,5.00208418e-12,0.00930144174,6.06014236e-05,1.50863175e-05,6.06014236e-05,1.50863175e-05,0.00654176394,25,1113,0,0.000572550879,0.00057302985,5.17467235e-05,2374.83727,2422.95247,-0.0198580846,1316094,0.0511687921,0.189573041,0.00389641698,0.568021875,0.286478167,0.122691667,0.138096333,1.51554262
54,27,54,73.7339727,7.36759712,25.3085099,0.0168489999,1,0,33341,176970,19018,272,0,3,0,0,1.25503086e-09,5.35329558e-10,0,1,0,0,0,1,19018,179.5,9.54482199,9.56979341,9.56681976,10.3303945,-0.000310733288,0.00261622709,0.082303524,0,0,0.000351921986,0,321,derived,1012,0,47,0.00545,4.78219478e-12,0.0182446324,8.16172518e-05,1.64269053e-05,8.16172518e-05,1.64269053e-05,0.00545,41,1395,0,0.000547838933,0.00054800869,8.7275199e-05,2382.01449,2400.20767,-0.00757983453,1324240,0.0509493339,0.190540208,0.00379375007,0.568297166,0.284032125,0.135292333,0.137763334,1.53860179
55,27.5,55,73.6565767,7.36443352,25.2885741,0.0166578102,1,0,33338,176891,19040,331,0,3,0,0,4.90841923e-10,3.01083947e-09,0,1,0,0,0,1,19040,179.5,9.6410525,9.49559348,9.49257535,10.3819502,-0.000317845484,-0.015087463,0.0768482128,0,0,0.000351921986,0,354,derived,1110,0,55,0.0055,4.78786491e-12,0.0182446324,8.72643653e-05,1.97099984e-05,8.72643653e-05,1.97099984e-05,0.0055,40,1690,0,0.000524484717,0.00052605888,0.000119452619,2345.11669,2407.52879,-0.0259237211,1330947,0.052246916,0.191302583,0.00383433304,0.570386125,0.28239025,0.139606042,0.138586959,1.55589475
56,28,56,73.5788794,7.36123623,25.2685048,0.0164680269,1,0,33333,176806,19080,379,0,8,0,0,2.95230951e-09,3.05956593e-09,0,1,0,0,0,1,19080,179.5,9.73854841,9.46120698,9.45813616,10.4634157,-0.000324569207,-0.0284787244,0.0744327832,0,0,0.000306419129,0,433,derived,1214,0,80,0.01075,4.8229628e-12,0.0105801816,9.37220015e-05,3.6282698e-05,9.37220015e-05,3.6282698e-05,0.0107509597,36,2030,0,0.000483898288,0.00048696494,0.000161424815,2357.80077,2370.30188,-0.00527405991,1338913,0.0510285411,0.190251791,0.00380891701,0.585491959,0.283124833,0.15280325,0.139012334,1.59148788
57,28.5,57,73.5008797,7.35800488,25.2483008,0.0162799929,1,0,33325,176698,19098,441,0,13,0,0,1.41591272e-09,2.3895893e-09,0,1,0,0,0,1,19098,179.5,9.83727486,9.42089005,9.4177317,10.5381101,-0.000335249433,-0.042327252,0.071242824,0,0,0.000306419129,0,493,derived,1301,0,107,0.00582846294,5.26127778e-12,0.0112580464,9.86783029e-05,1.22721363e-05,9.86783029e-05,1.22721363e-05,0.00582846294,43,2360,0,0.00053106561,0.00054015226,0.000184837796,2383.18824,2383.18824,-1.83147064e-09,1345217,0.051054292,0.188800833,0.00406745798,0.570655916,0.281758625,0.157677917,0.1387275,1.58620288
58,29,58,73.4225762,7.35473892,25.2279602,0.0160936773,1,0,33310,176561,19116,488,0,13,0,0,1.15529941e-09,1.55680591e-09,0,1,0,0,0,1,19116,179.5,9.93735786,9.36684461,9.36389926,10.6507961,-0.000314443446,-0.0574109596,0.0717935536,0,0,0.000306419129,0,553,derived,1384,0,113,0.00945,4.71600105e-12,0.0123858307,0.000127026572,3.90536e-05,0.000127026572,3.90536e-05,0.00950076495,52,2715,0,0.000565217526,0.00057644038,0.000211646091,2408.90925,2408.90925,1.81025817e-09,1351482,0.051423958,0.192706042,0.00366545806,0.578766375,0.281589625,0.16548825,0.139906625,1.61654175
59,29.5,59,73.3439675,7.35143775,25.2074812,0.0159090236,1,0,33296,176424,19110,533,0,10,0,0,2.49284438e-09,9.58115698e-10,0,1,0,0,0,1,19110,179.5,10.0386794,9.30807496,9.3052595,10.7440171,-0.000302475049,-0.0727789368,0.0702620084,0,0,0.000306419129,0,605,derived,1444,0,129,0.00749522133,4.80918252e-12,0.0139103277,0.000120971939,3.31458106e-05,0.000120971939,3.31458106e-05,0.00749697995,46,3087,0,0.000605258561,0.00061253804,0.000277749014,2434.97536,2434.97536,-1.66868852e-09,1355844,0.0510240421,0.188986542,0.00435233302,0.571271,0.282877208,0.178558583,0.138045,1.6302775
60,30,60,73.2650522,7.34810086,25.1868621,0.0157258388,1,0,33289,176314,19156,580,0,19,0,0,1.65624692e-09,3.17061932e-11,0,1,0,0,0,1,19156,179.5,10.1412013,9.26339211,9.26056951,10.722113,-0.00030470515,-0.0865586991,0.0572823383,0,0,0.000294176971,0,691,derived,1544,0,159,0.00791388455,4.65763539e-12,0.0117859867,0.000148004876,4.92538168e-05,0.000148004876,4.92538168e-05,0.00795642444,54,3514,0,0.00059244732,0.00059729123,0.000309698644,2368.44075,2461.39156,-0.0377635217,1364550,0.051041709,0.191068875,0.00411462504,0.571034417,0.280893666,0.18633325,0.138624375,1.65102004
61,30.5,61,73.1858289,7.34472783,25.1661016,0.0155438961,1,0,33276,176203,19160,623,0,16,0,0,4.86997775e-10,1.060664e-09,0,1,0,0,0,1,19160,179.5,10.2450844,9.24100856,9.23846517,10.7753094,-0.000275228924,-0.0980056183,0.0517540876,0,0,0.000294176971,0,722,derived,1600,0,167,0.0084596877,5.02963183e-12,0.0135126092,0.000189460942,7.30721679e-05,0.000189460942,7.30721679e-05,0.00853514699,64,3914,0,0.000507833654,0.00051888171,0.000411999839,2394.20138,2394.20138,1.19176602e-09,1370132,0.051231166,0.190742625,0.00414387509,0.57510225,0.280278084,0.196976875,0.139067583,1.66497387
62,31,62,73.1062963,7.34131837,25.1451987,0.0153635314,1,0,33266,176111,19172,649,0,17,0,0,2.59835153e-09,8.25326474e-11,0,1,0,0,0,1,19172,179.5,10.3502175,9.23909606,9.23658581,10.8315334,-0.000271698806,-0.107352469,0.0465029743,0,0,0.000306419129,0,766,derived,1673,0,158,0.01445,4.865411e-12,0.0113125952,0.000304551011,9.05480541e-05,0.000304551011,9.05480541e-05,0.01445,100,4309,0,0.000527986937,0.00053169691,0.000478742956,2382.59245,2420.30713,-0.0155826002,1376274,0.051224875,0.190728375,0.0035831671,0.580323125,0.281389917,0.203472709,0.138139209,1.68697704
63,31.5,63,73.026453,7.33787198,25.1241519,0.0151850653,1,0,33256,176010,19186,686,0,19,0,0,2.28193175e-09,8.498654e-10,0,1,0,0,0,1,19186,179.5,10.4567083,9.24120881,9.23898758,10.9824599,-0.000240361119,-0.116241121,0.0502788823,0,0,0.000306419129,0,815,derived,1751,0,182,0.01735,9.94337382e-12,0.0119229839,0.000437295343,0.000102853282,0.000437295343,0.000102853282,0.0174414964,145,4653,0,0.00062364072,0.00063506047,0.000491685713,2440.39679,2408.63366,0.0131872003,1383141,0.0522125419,0.190288667,0.00393770798,0.578719042,0.279733958,0.211056583,0.138209709,1.70270333
64,32,64,72.9462975,7.33438792,25.1029587,0.0150081051,1,0,33236,175872,19180,697,0,14,0,2.22044605e-16,1.90210281e-09,1.28202449e-10,0,1,0,0,0,1,19180,179.5,10.5647113,9.25894372,9.25660786,11.3590464,-0.000252281534,-0.123597091,0.0751875774,0,0,0.00029669386,0,856,derived,1805,0,195,0.0104,4.69753451e-12,0.0143909063,0.000572992693,9.49410021e-05,0.000572992693,9.49410021e-05,0.0104900933,181,5120,0,0.00061908151,0.00063722612,0.000551349561,2785.18437,2467.1375,0.128913313,1388156,0.051224875,0.1916645,0.00359774998,0.580618959,0.280855583,0.221151541,0.139925541,1.72860521
65,32.5,65,72.8658284,7.33086564,25.0816175,0.0148330361,1,0,33222,175746,19192,701,0,20,0,0,4.74740247e-11,7.40666417e-10,0,1,0,0,0,1,19192,179.5,10.6743247,9.33961776,9.33743437,11.4813212,-0.000233776999,-0.125039005,0.0756016417,0,0,0.000276207287,0,908,derived,1878,0,211,0.0119,2.4376305e-10,0.0220807388,0.000861750014,0.000143983291,0.000861750014,0.000143983291,0.0119915862,264,5523,0,0.000732257986,0.00075501715,0.000570810923,2863.20897,2815.77952,0.0168441628,1394903,0.051337459,0.189789333,0.00400833401,0.579194417,0.278788708,0.228090833,0.136914375,1.73599475
66,33,66,72.7850444,7.32730425,25.0601252,0.0146595857,1,0,33183,175568,19140,730,0,10,0,0,9.98479077e-12,1.21701538e-10,0,1,0,0,0,1,19140,179.5,10.7869479,9.4986362,9.49630218,11.5731979,-0.000245721583,-0.119432457,0.0728890178,0,0,0.000276207287,0,896,derived,1887,0,216,0.0253,5.32628347e-11,0.0158612506,0.000960239143,0.00019358406,0.000960239143,0.00019358406,0.0253,286,5978,0,0.000772379803,0.00079692008,0.000638035091,2894.73999,2894.73999,5.73554315e-10,1395979,0.051450375,0.191514292,0.00402687502,0.5789,0.278461792,0.238856541,0.137505125,1.74594212
67,33.5,67,72.7039438,7.32370259,25.038478,0.014488062,1,0,33139,175380,19098,732,0,11,0,0,2.45217158e-09,2.12523776e-10,0,1,0,0,0,1,19098,179.5,10.9034179,9.69706655,9.69532596,11.6670285,-0.000179496902,-0.110639745,0.0700340567,0,0,0.000276207287,0,876,derived,1912,0,259,0.01795,2.51662411e-10,0.019952184,0.00107023467,0.000206505488,0.00107023467,0.000206505488,0.0180616413,323,6457,0,0.000900504791,0.00093286355,0.000696654101,2926.69577,2926.69577,-9.67256386e-10,1397654,0.051434958,0.191837417,0.00367854198,0.575133875,0.279015667,0.242242834,0.137313833,1.76359525
68,34,68,72.6225254,7.32005893,25.01667,0.0143184523,1,0,33089,175157,19082,779,0,16,1,0,7.64785346e-10,4.14925538e-10,0,1,0,0,0,1,19082,179.5,11.0343238,9.89259974,9.89096031,11.8435672,-0.000165722378,-0.103470237,0.0733387364,0,0,0.000276207287,0,886,derived,1948,0,253,0.02335,5.96078806e-10,0.019952184,0.00114917444,0.000235292088,0.00114917444,0.000235292088,0.0235197953,348,6991,0,0.00100155036,0.0010651153,0.000825738805,2961.0664,2959.07731,0.000672199896,1401038,0.052313291,0.18867725,0.00381787505,0.579401125,0.277554584,0.246222041,0.138160791,1.75925138
69,34.5,69,72.5407877,7.3163679,24.9946833,0.0141506306,1,0,33046,174890,19096,833,0,32,3,0,2.54837784e-09,2.84994561e-09,0,1,0,0,0,1,19096,179.5,11.1817318,9.95650792,9.95477158,12.1010224,-0.000174393369,-0.109573714,0.0822136193,0,0,0.000276207287,0,909,derived,2021,0,291,0.0142,4.87579972e-10,0.0226272406,0.00123758639,0.000270151461,0.00123758639,0.000270151461,0.0144158258,377,7582,0,0.00112462285,0.0011733749,0.00115525716,2994.20685,2993.90399,0.000101160035,1406750,0.051578875,0.189562791,0.00362641702,0.577751417,0.279367042,0.245752875,0.137927375,1.76961775
70,35,70,72.4587293,7.31262348,24.9724972,0.0139851336,1,0,32996,174658,19066,856,0,34,0,0,1.41125556e-09,1.80654014e-09,0,1,0,0,0,1,19066,179.5,11.3226191,10.0464704,10.0450103,12.2673473,-0.000145331051,-0.112707908,0.0834372453,0,0,0.000324422447,0,889,derived,2034,0,286,0.02805,5.7911063e-09,0.0222052072,0.00140176096,0.000239624826,0.00140176096,0.000239624826,0.0281766282,422,8133,0,0.00139479883,0.0014546742,0.00109672379,3027.48357,3027.48357,-9.83653714e-10,1410093,0.051897625,0.188248708,0.00401270902,0.5779575,0.271016958,0.250873083,0.138302584,1.77212537
71,35.5,71,72.3763489,7.30882707,24.9501169,0.0138210743,1,0,32944,174397,19038,886,0,35,1,0,1.65403258e-09,4.25023461e-10,0,1,0,0,0,1,19038,179.5,11.4823579,10.1326016,10.1309769,12.4344359,-0.000160346033,-0.117550447,0.0829165874,0,0,0.000309371121,0,884,derived,2052,0,271,0.0277,1.32282269e-10,0.0270859662,0.0015586265,0.000330205508,0.0015586265,0.000330205508,0.0277,468,8654,0,0.00143480713,0.0014664744,0.00116783656,3061.2039,3061.2039,1.58476965e-09,1413354,0.051422459,0.189417125,0.00375858299,0.574279,0.279183709,0.255770375,0.13861075,1.79090421
72,36,72,72.2936451,7.30497203,24.9275198,0.0136589034,1,0,32883,174112,19000,892,0,31,0,0,1.58031188e-09,4.06658818e-09,0,1,0,0,0,1,19000,179.5,11.6694004,10.3033645,10.3014563,12.6188498,-0.000185204347,-0.117061364,0.0813623089,0,0,0.000238131143,0,900,derived,2057,0,297,0.019,3.09353107e-11,0.0270217767,0.00160796559,0.000306573398,0.00160796559,0.000306573398,0.019,486,8913,0,0.00156704421,0.0016241853,0.00113286626,3097.27604,3095.36897,0.000616104489,1413056,0.052294667,0.189506833,0.00386212498,0.580047833,0.278503416,0.254671208,0.138511292,1.79373058
73,36.5,73,72.2106166,7.30104838,24.9046721,0.0134985013,1,0,32829,173872,18946,884,0,26,0,2.22044605e-16,2.37694864e-09,1.55926605e-10,0,1,0,0,0,1,18946,179.5,11.8487192,10.4289752,10.4269887,12.7796368,-0.000190476566,-0.119822573,0.0785669388,0,0,0.000309371121,0,845,derived,2043,0,258,0.0277936799,2.43313378e-10,0.0297000807,0.00180096843,0.000343841538,0.00180096843,0.000343841538,0.028048177,565,8858,0,0.00170616148,0.0017439658,0.000988287977,3131.90087,3131.90087,1.03615316e-09,1410725,0.051597959,0.188444,0.00381487503,0.574265041,0.280110417,0.260319875,0.137548791,1.79899708
74,37,74,72.1272621,7.29705829,24.8815815,0.0133389074,1,0,32771,173566,18944,887,0,37,1,0,4.06037981e-10,3.09849568e-09,0,1,0,0,0,1,18944,179.5,12.0111701,10.6115651,10.610136,13.0424973,-0.000134675301,-0.116525284,0.0858640134,0,0,0.000283271174,0,905,derived,2082,0,278,0.03345,9.41115308e-11,0.0297000807,0.00177392408,0.000356014649,0.00177392408,0.000356014649,0.0337833451,551,8885,0,0.00146416273,0.0015585271,0.00104151822,3166.97454,3166.97454,-1.28341848e-09,1410069,0.051415417,0.188071459,0.00378070795,0.572076375,0.27886625,0.260928083,0.137704084,1.79566533
75,37.5,75,72.0435804,7.29300675,24.8582652,0.0131812854,1,0,32706,173240,18920,870,0,39,0,0,5.72446535e-11,9.73049086e-10,0,1,0,0,0,1,18920,179.5,12.1986718,10.6478234,10.6470928,13.2515725,-6.86185209e-05,-0.127132565,0.0863127282,0,0,0.000283271174,0,901,derived,2099,0,278,0.0237,0.000750000005,0.0310144234,0.00174175088,0.000274814302,0.00174175088,0.000274814302,0.0237923353,537,8858,0,0.00171402329,0.0017562495,0.00111683724,3201.38716,3202.51057,-0.000350790364,1408357,0.05332275,0.185933208,0.003833625,0.571690041,0.280608,0.255777542,0.137615166,1.79134404
76,38,76,71.95957,7.28888552,24.8346955,0.0130250259,1,0,32655,172932,18916,896,0,29,2,0,2.98000802e-09,2.59137478e-09,0,1,0,0,0,1,18916,179.5,12.404192,10.6599091,10.6585845,13.4951585,-0.000124253532,-0.140620441,0.087951438,0,0,0.000297976298,0,917,derived,2143,0,271,0.0346,4.02484994e-09,0.0250909132,0.00185850339,0.000313291016,0.00185850339,0.000313291016,0.034963316,575,8827,0,0.00167601342,0.0017589243,0.00117031465,3243.46433,3237.37269,0.00188166201,1409054,0.051427708,0.188367167,0.004128417,0.57168375,0.27824175,0.266211,0.137406125,1.80784929
77,38.5,77,71.8752296,7.28468824,24.8108288,0.0128702016,1,0,32605,172600,18918,906,0,40,0,0,1.28095878e-09,2.02161998e-09,0,1,0,0,0,1,18918,179.5,12.6260952,10.6430491,10.6424325,13.7273977,-5.79407811e-05,-0.157059333,0.0872243138,0,0,0.000314933361,0,907,derived,2202,0,295,0.03415,9.44888385e-11,0.0334514145,0.00184536413,0.000323247155,0.00184536413,0.000323247155,0.0345529415,576,8829,0,0.00170367671,0.0017801175,0.00124879909,3279.97537,3279.97537,5.71808156e-10,1410388,0.051153542,0.188249,0.00386979198,0.571287416,0.278748083,0.277442042,0.137409042,1.8268705
78,39,78,71.790558,7.28040899,24.7861961,0.0127177569,1,0,32547,172278,18876,921,0,32,0,0,8.98949803e-11,2.32582242e-09,0,1,0,0,0,1,18876,179.5,12.8512931,10.7070068,10.7059393,13.9791237,-9.96976955e-05,-0.166853738,0.0877600861,0,0,0.000285553894,0,869,derived,2209,0,285,0.0207,8.08545305e-11,0.0269798754,0.00208167372,0.000308325653,0.00208167372,0.000308325653,0.020872533,650,8700,0,0.00189795083,0.001967518,0.00112337771,3316.82446,3316.82446,-7.07176873e-10,1408211,0.0521240421,0.188989542,0.00370825001,0.575469833,0.278768083,0.26981975,0.136601583,1.82965575
79,39.5,79,71.7055539,7.27604649,24.757928,0.0125699037,1,0,32479,171915,18862,939,0,40,4,0,2.89659496e-09,4.19812185e-10,0,1,0,0,0,1,18862,179.5,13.0663247,10.995101,10.9929109,14.2289732,-0.000199190639,-0.158516167,0.0889805242,0,0,0.000260015908,0,848,derived,2257,0,323,0.01415,5.81655193e-11,0.031468015,0.00205671924,0.000370215802,0.00205671924,0.000370215802,0.0145763279,650,8688,0,0.00177846217,0.001916236,0.00125394563,3341.45308,3353.22858,-0.00351169103,1407100,0.050621917,0.185538166,0.00381054101,0.569744625,0.276739667,0.276542708,0.135696875,1.83278246
80,40,80,71.6202161,7.27160356,24.7293713,0.0124241041,1,0,32411,171552,18846,952,0,43,0,0,1.50356572e-09,9.70364455e-10,0,1,0,0,0,1,18846,179.5,13.2820079,11.0851501,11.0813367,14.2724127,-0.000344008556,-0.165401034,0.0745673974,0,0,0.000260015908,0,862,derived,2291,0,345,0.02515,5.37074576e-11,0.0329151058,0.00236548747,0.000329229902,0.00236548747,0.000329229902,0.02515,724,8594,0,0.00209202842,0.002174822,0.0012303799,3390.04112,3378.16278,0.00351621365,1407346,0.051686625,0.186086209,0.00400141696,0.572545334,0.27775575,0.275264542,0.136033584,1.84456462
81,40.5,81,71.5345432,7.26707894,24.7005223,0.012279787,1,0,32336,171160,18802,982,0,36,1,0,8.64124328e-11,2.31345043e-09,0,1,0,0,0,1,18802,179.5,13.5175344,11.371938,11.3680531,14.4225605,-0.000341626415,-0.158726904,0.0669520093,0,0,0.000260015908,0,863,derived,2318,0,353,0.0316,1.86007932e-10,0.0333626293,0.00239897924,0.000452246936,0.00239897924,0.000452246936,0.0319760498,752,8514,0,0.00215944796,0.002250182,0.00132980782,3427.32469,3427.32469,3.77766929e-10,1404970,0.0506404169,0.185908583,0.00383637508,0.569052541,0.277483542,0.285957667,0.135270375,1.8540675
82,41,82,71.4485339,7.26246519,24.6713562,0.0121369363,1,0,32261,170728,18784,998,0,43,0,2.22044605e-16,3.04181835e-09,1.61277947e-09,0,1,0,0,0,1,18784,179.5,13.7246388,11.5266647,11.5234753,14.7248656,-0.000276703776,-0.160148046,0.0728781884,0,0,0.000260015908,0,875,derived,2352,0,333,0.03465,0.000750000017,0.0323990034,0.00268116218,0.000422940236,0.00268116218,0.000422940236,0.0348697954,848,8402,0,0.00222313974,0.0023239658,0.0014399817,3465.05199,3465.05199,-6.49011844e-10,1403985,0.051489833,0.185575375,0.00388266705,0.569455208,0.269618917,0.287561792,0.134411792,1.84589546
83,41.5,83,71.3621868,7.25777173,24.6419055,0.0119960478,1,0,32182,170225,18838,1078,0,60,1,0,1.03776387e-09,1.5671775e-09,0,1,0,0,0,1,18838,179.5,13.9726815,11.6637615,11.6615565,15.0288479,-0.000189046566,-0.165245305,0.075587951,0,0,0.000235265299,0,987,derived,2479,0,406,0.0221,3.77924628e-10,0.0248758165,0.00274307394,0.000495429903,0.00274307394,0.000495429903,0.0221057403,859,8445,0,0.00249335288,0.0025796258,0.00167934017,3502.73178,3503.23754,-0.000144368639,1407425,0.051108791,0.185384375,0.00364016707,0.572416333,0.275944458,0.298033584,0.135134667,1.87373213
84,42,84,71.2755005,7.2529831,24.6121182,0.011857276,1,0,32092,169750,18836,1071,0,69,2,0,3.16296322e-09,9.93421456e-10,0,1,0,0,0,1,18836,179.5,14.2327295,11.665157,11.6644814,15.2856239,-5.79156689e-05,-0.180399162,0.0739769835,0,0,0.000235265299,0,1034,derived,2528,0,437,0.03495,2.82117659e-10,0.0373004561,0.00277265409,0.000516622821,0.00277265409,0.000516622821,0.0353984614,877,8430,0,0.00278100843,0.002900724,0.00170599078,3541.36078,3541.36078,3.5190606e-10,1408579,0.051726167,0.184051667,0.00374299998,0.572218125,0.275396958,0.30686375,0.135181959,1.89161954
85,42.5,85,71.1884739,7.2480936,24.5819756,0.0117194731,1,0,32017,169235,18840,1110,0,82,1,0,1.06109699e-09,2.24696217e-09,0,1,0,0,0,1,18840,179.5,14.4863709,11.6766283,11.674397,15.5658948,-0.000191091535,-0.193957663,0.0745199695,0,0,0.000240534918,0,1079,derived,2608,0,466,0.00995,3.20450166e-10,0.0351696554,0.00279153698,0.000467941553,0.00279153698,0.000467941553,0.00995,876,8429,0,0.00269673076,0.002813803,0.00179522162,3580.43857,3580.43857,9.30649113e-10,1409665,0.051173625,0.184137458,0.0036535,0.574928667,0.27313625,0.305260375,0.133863292,1.90074854
86,43,86,71.1011055,7.24310539,24.5514857,0.0115831192,1,0,31933,168748,18786,1103,0,72,2,0,3.49632545e-09,2.66683386e-09,0,1,0,0,0,1,18786,179.5,14.7678515,11.8185927,11.818162,16.0368941,-3.6439423e-05,-0.199708047,0.0859327884,0,0,0.00023595715,0,1072,derived,2617,0,409,0.0111477941,2.89694193e-10,0.0337970678,0.0028771355,0.000420537945,0.0028771355,0.000420537945,0.0112275464,899,8352,0,0.0027703458,0.0029024166,0.0017409899,3617.74431,3619.97199,-0.000615385199,1406113,0.050439375,0.183711917,0.00367887493,0.568012542,0.268762625,0.304140709,0.133998834,1.8808415
87,43.5,87,71.0133941,7.23800795,24.5206133,0.0114484488,1,0,31854,168263,18770,1127,0,73,2,0,3.12720028e-09,1.01148712e-09,0,1,0,0,0,1,18770,179.5,14.9862278,11.9392946,11.9379949,16.2071447,-0.000108862495,-0.203315551,0.0814692595,0,0,0.000264272364,0,1073,derived,2665,0,446,0.01155,3.61500363e-10,0.0280989128,0.00319457695,0.000466262805,0.00319457695,0.000466262805,0.011552623,1007,8228,0,0.00295617397,0.0030753805,0.00182601706,3657.69698,3657.69698,-4.48144744e-10,1405873,0.0510967921,0.182470792,0.003675916,0.568123375,0.2653945,0.315589625,0.133695666,1.90063446
88,44,88,70.9253382,7.23282248,24.489431,0.0113148089,1,0,31750,167623,18830,1207,0,97,2,0,2.33972841e-10,9.64169633e-10,0,1,0,0,0,1,18830,179.5,15.291201,12.2059855,12.2058756,16.450289,-9.00648561e-06,-0.201764104,0.0758009774,0,0,0.000264272364,0,1178,derived,2790,0,526,0.021860237,0.000450000005,0.0209980015,0.00331454228,0.000664491555,0.00331454228,0.000664491555,0.0223109973,1028,8266,0,0.00288240024,0.0030187541,0.00219586743,3697.6666,3698.12776,-0.000124701584,1409391,0.0505050831,0.182798542,0.00370787503,0.5730325,0.265012875,0.329904875,0.133606583,1.92349425
89,44.5,89,70.8369366,7.22751813,24.4578349,0.0111839596,1,0,31646,167052,18736,1227,0,80,1,2.22044605e-16,6.36875441e-10,1.21777743e-09,0,1,0,0,0,1,18736,179.5,15.5895575,12.3724485,12.3742639,16.7792483,0.000146733018,-0.206363073,0.076313316,0,0,0.000245582019,0,1117,derived,2772,0,466,0.0139044792,2.71434666e-10,0.0170767945,0.00321623304,0.000621968732,0.00321623304,0.000621968732,0.0143146215,1006,8194,0,0.0034629304,0.0036304394,0.00197062525,3737.4329,3738.54407,-0.000297219171,1403992,0.051236958,0.18174675,0.0037499161,0.571772166,0.268687042,0.331723209,0.132660916,1.926022
90,45,90,70.748188,7.22209437,24.4258241,0.0110534759,1,0,31531,166446,18734,1240,0,91,3,0,2.45520271e-09,4.89497998e-10,0,1,0,0,0,1,18734,179.5,15.9054906,12.5641957,12.5646266,17.1330333,3.43017774e-05,-0.210071792,0.0771772973,0,0,0.000264336012,0,1178,derived,2832,0,513,0.03045,0.00075,0.0276783463,0.00315409823,0.000466054516,0.00315409823,0.000466054516,0.03045,995,8203,0,0.00315889383,0.0033324175,0.00224588186,3778.75416,3778.75416,4.64260186e-10,1403295,0.050803917,0.181147625,0.00433558295,0.56712075,0.2683445,0.334223625,0.132102166,1.93320629
91,45.5,91,70.6590911,7.21654551,24.3933799,0.010924886,1,0,31433,165782,18786,1325,0,108,2,0,2.70040534e-09,1.40056078e-09,0,1,0,0,0,1,18786,179.5,16.2207866,12.4830005,12.4828041,17.3397807,-1.57319441e-05,-0.230431866,0.0689851933,0,0,0.000284966897,0,1284,derived,2957,0,555,0.0184,1.32251578e-09,0.0276783463,0.00323846899,0.00059630893,0.00323846899,0.00059630893,0.0186974196,1013,8239,0,0.0034286231,0.0036185972,0.00253220753,3820.85977,3820.53023,8.625385e-05,1407404,0.0503462079,0.180888916,0.00419458305,0.569013,0.268686584,0.350489083,0.13194375,1.963684
92,46,92,70.5696447,7.21087002,24.3604981,0.0107980239,1,0,31327,165146,18760,1345,0,104,1,0,1.85793425e-09,4.26745084e-10,0,1,0,0,0,1,18760,179.5,16.5465171,12.716407,12.7129172,17.8402031,-0.000274432712,-0.231475307,0.0781847918,0,0,0.000269520724,0,1315,derived,2997,0,596,0.0154074425,0.000650000003,0.0222663679,0.00321637113,0.000590814081,0.00321637113,0.000590814081,0.015421483,1015,8209,0,0.00364487983,0.0038499336,0.00247120182,3863.71765,3863.09737,0.000160566526,1405731,0.0509207081,0.180243208,0.00399324996,0.5729065,0.267458584,0.350862958,0.13267725,1.96311808
93,46.5,93,70.4798476,7.20506254,24.3271613,0.0106721677,1,0,31221,164504,18724,1315,0,105,1,0,3.37984329e-09,9.53051638e-10,0,1,0,0,0,1,18724,179.5,16.8282205,12.930212,12.9277732,18.3485024,-0.000188611626,-0.231635217,0.0903412128,0,0,0.000298005624,0,1308,derived,3039,0,563,0.0154769898,1.46246175e-10,0.0224368983,0.0034195336,0.000574241783,0.0034195336,0.000574241783,0.0154769898,1074,8114,0,0.00358895873,0.0038053874,0.00242047089,3906.41889,3906.41889,-1.0866259e-09,1403152,0.049932458,0.18098425,0.00415341591,0.571336542,0.266600042,0.355165375,0.1320455,1.97961492
94,47,94,70.3896983,7.19913834,24.2934219,0.0105471692,1,0,31097,163836,18658,1287,0,106,3,0,8.92102836e-10,3.66073838e-12,0,1,0,0,0,1,18658,179.5,17.1478365,13.2183489,13.218474,18.777463,9.46582543e-06,-0.229153552,0.0950339447,0,0,0.000272569756,0,1306,derived,3036,0,508,0.0195015212,0.00115000016,0.0225717597,0.00370347183,0.000527435029,0.00370347183,0.000527435029,0.0195015212,1165,7958,0,0.00352170795,0.003702764,0.00266292802,3949.59858,3949.59858,-7.57165775e-10,1398735,0.04974525,0.17860375,0.00381270808,0.56759825,0.264960458,0.357382,0.130978708,1.96362004
95,47.5,95,70.2991955,7.1930836,24.2592341,0.0104244507,1,0,30979,163126,18700,1369,0,133,6,0,3.41493211e-09,4.75588013e-10,0,1,0,0,0,1,18700,179.5,17.4961989,13.8196837,13.8177578,19.2501094,-0.000139361436,-0.210132223,0.100245229,0,0,0.000243552471,0,1377,derived,3148,0,589,0.0344,0.0018,0.0190109251,0.00378545626,0.000679240687,0.00378545626,0.000679240687,0.0346535876,1206,7958,0,0.0039602556,0.004169286,0.00279792579,3997.0234,3993.24644,0.000945836488,1402531,0.049716583,0.178382333,0.00395379099,0.568082,0.263458583,0.373574,0.129996458,1.98422142
96,48,96,70.2083379,7.18688514,24.2245541,0.0103029653,1,0,30819,162228,18686,1377,0,136,4,0,3.58035723e-09,1.30671696e-10,0,1,0,0,0,1,18686,179.5,17.9671134,13.9556114,13.9558923,19.7555088,2.0124998e-05,-0.223269142,0.0995371583,0,0,0.000283614366,0,1380,derived,3207,0,601,0.0452,2.01315214e-10,0.0283544054,0.0037304523,0.000562550003,0.0037304523,0.000562550003,0.0461125439,1202,7948,0,0.00393318974,0.0042212202,0.00348861982,4041.1652,4041.1652,-4.37953007e-10,1400098,0.050882834,0.178544208,0.00391375006,0.569066208,0.256428291,0.381833542,0.130320208,2.00234167
97,48.5,97,70.1171244,7.18049749,24.1892298,0.0101847036,1,0,30702,161482,18652,1415,0,138,4,2.22044605e-16,1.99271488e-09,5.10576692e-10,0,1,0,0,0,1,18652,179.5,18.3364394,14.0371627,14.0378032,20.0845813,4.56293622e-05,-0.234466281,0.0953370394,0,0,0.000260718328,0,1402,derived,3247,0,599,0.0193,0.0007,0.0187583817,0.00383296759,0.000620666494,0.00383296759,0.000620666494,0.0198641964,1227,7889,0,0.0049039151,0.0050932923,0.00298431867,4086.35751,4085.71684,0.000156806033,1398629,0.049730708,0.176283958,0.00359145901,0.567068958,0.2613605,0.37291775,0.129115708,1.983489
98,49,98,70.0255541,7.17395219,24.1533687,0.0100659664,1,0,30561,160626,18696,1506,0,164,6,2.22044605e-16,2.37912146e-09,1.67536207e-10,0,1,0,0,0,1,18696,179.5,18.6869421,14.1364593,14.1376108,20.4728148,8.14548973e-05,-0.243511367,0.095567947,0,0,0.000252027658,0,1485,derived,3356,0,670,0.0127,0.0012,0.0332206416,0.00413338796,0.000624573147,0.00413338796,0.000624573147,0.0127,1330,7828,0,0.00413941644,0.004470116,0.00336387985,4131.36537,4131.36537,-1.17951804e-09,1400919,0.050179875,0.175417,0.00364512508,0.578775791,0.263758666,0.377224208,0.129706916,2.01967925
99,49.5,99,69.9336256,7.16725802,24.1170013,0.00994865833,0,0,30424,159780,18688,1530,0,157,7,2.22044605e-16,1.93475103e-09,1.24078525e-10,0,1,0,8853,0,1,18688,179.5,19.0881136,14.1824081,14.1834789,20.8324093,7.55019432e-05,-0.25700316,0.0913812512,0,0,0.000238413847,0,1536,derived,3431,0,697,0.0188978303,0.000350000005,0.0217541061,0.00417818302,0.00075014176,0.00417818302,0.00075014176,0.0188979555,1311,2093,5740,0.00424347302,0.0046220341,0.00368851307,4176.83647,4176.83647,9.70730163e-10,1469436,0.0498136659,0.175945,0.00380099996,0.570660708,0.259092916,0.393650208,0.1307495,2.03603533
100,50,100,69.8413378,7.16039472,24.0800604,0.00983293314,0,0,30280,158968,18616,1524,0,153,5,0,6.48624487e-10,5.20884558e-10,0,1,0,8783,0,1,18616,179.5,19.5095078,14.4334222,14.4341395,21.2212183,4.96981898e-05,-0.260185218,0.0877372509,0,0,0.000265690116,0,1522,derived,3436,0,643,0.0213869751,0.00165000001,0.0307201763,0.004477066,0.000848991729,0.004477066,0.000848991729,0.0218696713,1417,1994,5651,0.00427158558,0.0048440821,0.00373697412,4222.49327,4222.75063,-6.09469699e-05,1464518,0.0515273749,0.178001875,0.00389062508,0.562441709,0.257555666,0.396502292,0.131533583,2.03789175
101,50.5,101,69.7486895,7.15335257,24.0425144,0.00971880483,0,0,30151,158113,18612,1516,0,147,7,0,2.84417678e-09,7.47930051e-10,0,1,0,8770,0,1,18612,179.5,19.8676372,14.5411092,14.5399401,21.6300668,-8.04053549e-05,-0.268100725,0.0887085658,0,0,0.000276762518,0,1574,derived,3502,0,674,0.018,5.35933917e-10,0.017663536,0.0045457573,0.000798645024,0.0045457573,0.000798645024,0.0188763666,1457,2031,5563,0.00449147158,0.005079464,0.00362036921,4268.83902,4268.83902,-4.28976188e-10,1463731,0.049259459,0.174814083,0.004252958,0.56740475,0.256394125,0.398232041,0.129483875,2.033114
102,51,102,69.6556793,7.14615234,24.0044343,0.00960547624,0,0,29986,157227,18510,1521,0,143,6,2.22044605e-16,1.64183334e-09,2.54765986e-10,0,1,0,8689,0,1,18510,179.5,20.2602241,14.9402656,14.9390215,21.9309161,-8.326901e-05,-0.262581424,0.0824616747,0,0,0.000244717957,0,1504,derived,3478,0,638,0.0223,2.86164162e-10,0.0351634007,0.00479878446,0.000924743575,0.00479878446,0.000924743575,0.0225806658,1502,1951,5511,0.00438174761,0.004984344,0.00384032837,4315.64707,4315.64707,-5.54974067e-10,1455442,0.0494415,0.172700083,0.00411741692,0.561789833,0.255380709,0.3976735,0.129342209,2.02716046
103,51.5,103,69.5623059,7.13878064,23.9657761,0.00949422568,0,0,29822,156297,18516,1598,0,171,5,0,1.47403068e-09,2.65962363e-10,0,1,0,8650,0,1,18516,179.5,20.7026013,15.3156123,15.3153748,22.4055266,-1.55085137e-05,-0.260208313,0.0822565867,0,0,0.000244717957,0,1577,derived,3567,0,718,0.03485,2.84552376e-10,0.0313576108,0.00485712417,0.000989669249,0.00485712417,0.000989669249,0.0357203925,1497,2034,5432,0.00475700275,0.005435781,0.00393491789,4357.42375,4362.90473,-0.00125626743,1453945,0.0481785,0.170972833,0.00369812502,0.566667958,0.252782417,0.411460291,0.128913583,2.05145133
104,52,104,69.468568,7.13121518,23.9264662,0.00938426175,0,0,29691,155402,18512,1605,0,182,3,0,3.68958764e-09,8.09989853e-11,0,1,0,8627,0,1,18512,179.5,21.1034249,15.5820963,15.5795413,22.8416356,-0.000163972108,-0.261631875,0.0823662833,0,0,0.000257982124,0,1641,derived,3628,0,732,0.02175,0.00165,0.0401237446,0.00510296554,0.00109981351,0.00510296554,0.00109981351,0.0222335715,1567,2034,5375,0.00519545081,0.005558777,0.0041387863,4406.12319,4405.04609,0.000244514244,1453193,0.0483482501,0.170768083,0.004024375,0.568880167,0.252809709,0.408644125,0.127850833,2.0449105
105,52.5,105,69.3744645,7.12346917,23.8865501,0.00927500184,0,0,29496,154426,18412,1591,0,182,6,0,2.38741138e-09,3.88057808e-10,0,1,0,8524,0,1,18412,179.5,21.5630405,16.0945846,16.0916812,23.3656523,-0.000180394485,-0.253603192,0.0835972915,0,0,0.000275426153,0,1596,derived,3603,0,749,0.02495,0.000800000005,0.0231678393,0.00504387837,0.0011905959,0.00504387837,0.0011905959,0.02495,1524,2054,5288,0.00483441396,0.005433721,0.00461519533,4454.19988,4454.19988,-4.26098046e-11,1443774,0.048490125,0.172025833,0.00434491702,0.560295417,0.25021025,0.408175917,0.143481,2.04213967
106,53,106,69.279994,7.11551988,23.8459529,0.0091688144,0,0,29324,153508,18314,1600,0,198,7,0,2.630556e-09,4.29770219e-10,0,1,0,8421,0,1,18314,179.5,21.9485977,16.4059829,16.4042954,23.6588661,-0.000102861098,-0.252527056,0.0779215313,0,0,0.000266414101,0,1600,derived,3581,0,739,0.03,0.00130000001,0.0326075855,0.00537965457,0.00122458165,0.00537965457,0.00122458165,0.03,1580,1970,5212,0.00575053468,0.00634359,0.00426086364,4505.83023,4502.69265,0.000696823512,1435062,0.049364542,0.167885292,0.00409633305,0.5538095,0.249710792,0.4023095,0.12742325,2.01208671
107,53.5,107,69.1851553,7.10738786,23.8047445,0.00906284226,0,0,29151,152458,18284,1662,0,191,8,0,2.47081089e-09,1.06199638e-09,0,1,0,8381,0,1,18284,179.5,22.4318233,16.5183946,16.5193923,23.8602292,6.03978672e-05,-0.263617835,0.0636776525,0,0,0.000250189415,0,1683,derived,3635,0,828,0.0184574639,0.000750000005,0.0274347149,0.00549238579,0.001232275,0.00549238579,0.001232275,0.0189541766,1587,2022,5136,0.00534684162,0.006017197,0.00465522211,4555.16958,4554.80133,8.08494483e-05,1430722,0.048637,0.169179375,0.00415291602,0.559941125,0.241798625,0.40388025,0.125650709,2.02013029
108,54,108,69.0899471,7.09903657,23.7628041,0.00895845055,0,0,28956,151460,18122,1601,0,184,5,0,2.42769005e-09,9.22959709e-10,0,1,0,8249,0,1,18122,179.5,22.9455651,16.7799941,16.7814193,24.4503376,8.49340413e-05,-0.268704254,0.0655801016,0,0,0.000261433544,0,1583,derived,3549,0,762,0.01895,0.000650000005,0.0197486454,0.00516858115,0.00132819208,0.00516858115,0.00132819208,0.0194515789,1438,2081,5053,0.00551982893,0.006291093,0.00457228322,4604.54347,4604.54347,8.86315021e-10,1417881,0.048679625,0.167489375,0.00420354097,0.550389291,0.247125625,0.398650042,0.124093167,1.99691779
109,54.5,109,68.9943684,7.09045065,23.7200816,0.00885548244,0,0,28790,150585,18002,1585,0,169,2,1.11022302e-16,1.16730536e-09,1.95699235e-10,0,1,0,8148,0,1,18002,179.5,23.3727084,17.0830073,17.0843673,24.9371333,7.96108071e-05,-0.269104504,0.0669338287,0,0,0.000261433544,0,1514,derived,3501,0,725,0.01785,1.98210445e-09,0.0322641796,0.0055815279,0.00154514796,0.0055815279,0.00154514796,0.0182326232,1550,1935,4975,0.00593580356,0.006502612,0.00416218388,4654.29622,4654.29622,1.04036202e-09,1408058,0.04849775,0.163957042,0.00402687502,0.5459085,0.243026125,0.385815,0.124039459,1.96010704
110,55,110,68.898418,7.08165945,23.6766767,0.00875138535,0,0,28623,149571,18024,1595,0,191,3,0,1.56319291e-09,1.24780852e-10,0,1,0,8125,0,1,18024,179.5,23.8274993,17.5046095,17.5068267,25.396197,0.000126664293,-0.265361031,0.0658356013,0,0,0.000261092875,0,1609,derived,3611,0,777,0.0237029034,1.13799396e-08,0.0238663829,0.00587569499,0.00185781806,0.00587569499,0.00185781806,0.0237148983,1581,2008,4904,0.00490725057,0.005573484,0.00493522536,4697.5115,4704.4667,-0.00147842534,1407777,0.0499757921,0.166458375,0.00412574993,0.550131292,0.239625584,0.406737667,0.124160792,1.99416125
111,55.5,111,68.8020946,7.07265682,23.6325702,0.00865077948,0,0,28431,148565,17896,1539,0,190,4,0,1.21329702e-09,6.3457628e-10,0,1,0,8023,0,1,17896,179.5,24.3454477,17.9205121,17.9232658,26.1444916,0.000153660148,-0.263907064,0.0738965209,0,0,0.000249570096,0,1559,derived,3566,0,727,0.0485,0.00100000001,0.0360005409,0.00573765608,0.0017537096,0.00573765608,0.0017537096,0.0485,1520,2018,4824,0.00591709666,0.006716696,0.00481941043,4752.0494,4748.01614,0.000849462118,1397698,0.0480475,0.165352041,0.00368091697,0.549568583,0.237582208,0.408559958,0.122537833,1.99085062
112,56,112,68.7053969,7.06340847,23.587649,0.00855060817,0,0,28269,147642,17758,1506,0,162,7,0,2.97692782e-09,5.30649968e-11,0,1,0,7915,0,1,17758,179.5,24.8150265,18.5077139,18.5093938,26.700957,9.07660495e-05,-0.254173116,0.0759995379,0,0,0.000254874761,0,1507,derived,3499,0,674,0.02995,0.000850000011,0.0390296796,0.00584042242,0.00177274088,0.00584042242,0.00177274088,0.0304028817,1539,1938,4736,0.00571639948,0.006493508,0.00523360321,4806.03642,4802.95961,0.000640607538,1387171,0.04773825,0.164005208,0.00399741693,0.539069958,0.246701875,0.388939125,0.121060292,1.95875321
113,56.5,113,68.6083238,7.05393223,23.5419742,0.00845301821,0,0,28065,146657,17656,1510,0,170,5,0,2.3911626e-09,6.24793661e-10,0,1,0,7825,0,1,17656,179.5,25.2657037,18.700459,18.6980454,26.3120327,-0.000129069264,-0.259848083,0.0414130155,0,0,0.000251158126,0,1503,derived,3478,0,703,0.02255,0.00155000005,0.0326421269,0.00630732797,0.00210368585,0.00630732797,0.00210368585,0.0229963036,1606,1845,4666,0.00605936326,0.007253107,0.00512800333,4857.36678,4857.36678,5.87831783e-10,1377515,0.047658292,0.162388583,0.00382987503,0.542608917,0.233335083,0.388760958,0.120224292,1.9461165
114,57,114,68.5108739,7.04422739,23.495545,0.00835755356,0,0,27904,145674,17640,1538,0,165,8,0,3.10442982e-09,4.18502788e-10,0,1,0,7789,0,1,17640,179.5,25.6943662,18.8036367,18.7969263,26.7748473,-0.000356868542,-0.268180559,0.0420512829,0,0,0.000265966783,0,1553,derived,3547,0,727,0.02255,2.55550324e-10,0.0360421066,0.00653274934,0.00233664323,0.00653274934,0.00233664323,0.0225508359,1628,1893,4582,0.00690988209,0.007818301,0.00487852253,4909.08361,4909.08361,-5.13458498e-10,1376278,0.047435459,0.16109925,0.00420395809,0.546437708,0.232988167,0.395055625,0.132179125,1.97975737
115,57.5,115,68.4130458,7.03429557,23.4483682,0.00826190501,0,0,27711,144646,17548,1581,0,169,7,2.22044605e-16,1.3646948e-09,7.03533232e-10,0,1,0,7686,0,1,17548,179.5,26.3261593,19.0966185,19.0850018,27.3744472,-0.000608312648,-0.274614339,0.0398192476,0,0,0.00029138685,0,1599,derived,3541,0,738,0.02125,0.00205,0.0318032507,0.00628679463,0.00234571496,0.00628679463,0.00234571496,0.02125,1497,2021,4492,0.00647919318,0.007325414,0.00511791108,4961.18829,4961.18829,9.03985109e-10,1367112,0.047353083,0.158622125,0.00415266689,0.541092709,0.229653417,0.39110875,0.119124333,1.94217642
116,58,116,68.3148384,7.02405804,23.4001832,0.00816789265,0,0,27542,143722,17396,1565,0,143,5,1.11022302e-16,2.5252358e-09,5.25115285e-10,0,1,0,7603,0,1,17396,179.5,26.8024966,18.9412786,18.9345481,27.4790665,-0.000355335341,-0.293301709,0.0252427932,0,0,0.0002473681,0,1566,derived,3458,0,701,0.0244,0.000950000006,0.0154267215,0.00627275351,0.00217185221,0.00627275351,0.00217185221,0.0245874369,1482,1954,4418,0.00681349254,0.007674048,0.00506909704,5013.56697,5013.56697,-6.08718964e-10,1355510,0.0471180419,0.157356625,0.003432333,0.529557625,0.229455042,0.384202042,0.119001292,1.90156046
117,58.5,117,68.2162509,7.01356989,23.3511754,0.00807503033,0,0,27375,142843,17320,1583,0,134,7,1.11022302e-16,3.15899951e-09,8.6004559e-10,0,1,0,7503,0,1,17320,179.5,27.3419362,19.3482556,19.3440933,27.9137725,-0.000215123186,-0.292359713,0.020914258,0,0,0.0002473681,0,1559,derived,3481,0,659,0.0153264376,0.000550000003,0.0252317819,0.00662368268,0.00238927764,0.00662368268,0.00238927764,0.015345294,1558,1892,4326,0.00698465764,0.007802698,0.00427534255,5062.58671,5066.2945,-0.000731853833,1348091,0.046843125,0.158106917,0.00343679206,0.528349292,0.227595583,0.390879833,0.1177635,1.92217317
118,59,118,68.1172821,7.00280186,23.301249,0.00798182001,0,0,27208,141896,17266,1575,0,167,2,2.22044605e-16,3.38895889e-09,6.41005804e-10,0,1,0,7437,0,1,17266,179.5,27.9935459,19.7335516,19.7343681,28.4019651,4.1375277e-05,-0.29506781,0.0145897616,0,0,0.000246788679,0,1579,derived,3494,0,695,0.0185709238,0.00130000004,0.0219968507,0.00708678951,0.00261966849,0.00708678951,0.00261966849,0.0188880511,1610,1863,4265,0.00635391951,0.007230131,0.00440345978,5117.67941,5115.57896,0.000410598852,1343540,0.047822125,0.157490417,0.00364791695,0.527966042,0.22573475,0.384635,0.117747333,1.91603525
119,59.5,119,68.0179312,6.99171065,23.2502621,0.00788992251,0,0,27016,140859,17160,1553,0,175,11,0,1.57285118e-09,4.6517612e-10,0,1,0,7302,0,1,17160,179.5,28.4875813,20.8190624,20.8188809,29.0976891,-8.71468306e-06,-0.269188136,0.0214166243,0,0,0.000246788679,0,1551,derived,3468,0,753,0.0268,7.18190158e-10,0.0230727078,0.0070710859,0.0028780024,0.0070710859,0.0028780024,0.0268,1533,1910,4163,0.00610262492,0.007436386,0.00512508298,5170.92785,5170.92785,2.77910361e-10,1333577,0.046347375,0.156248917,0.00367833395,0.53076775,0.224547417,0.39248175,0.116264167,1.91311821
120,60,120,67.9181972,6.9803541,23.1984091,0.00779913917,0,0,26821,139874,17058,1498,0,169,6,0,2.25180441e-09,9.15535647e-10,0,1,0,7198,0,1,17058,179.5,28.9367053,21.1877898,21.1867656,29.2155582,-4.83379416e-05,-0.267788451,0.00963665001,0,0,0.000283238633,0,1488,derived,3448,0,719,0.02175,0.00185,0.0384970258,0.00731498226,0.00307702191,0.00731498226,0.00307702191,0.02175,1631,1791,4094,0.00664752851,0.007553611,0.00542305033,5224.49134,5224.49134,-8.75964856e-10,1324253,0.047090209,0.155086334,0.00373012503,0.522378667,0.219877042,0.382524125,0.115297167,1.89488429
121,60.5,121,67.8180786,6.96874614,23.145738,0.00771017036,0,0,26616,138841,17004,1530,0,193,6,0,2.93282387e-09,3.59289265e-10,0,1,0,7135,0,1,17004,179.5,29.4919834,21.3666296,21.3647455,29.8591193,-8.81800709e-05,-0.27551059,0.0124486678,0,0,0.000269878665,0,1544,derived,3487,0,731,0.020671919,0.00170000001,0.0384970258,0.00746807892,0.00322126221,0.00746807892,0.00322126221,0.0211231354,1594,1875,3985,0.00730114522,0.008010451,0.00592073137,5277.72869,5278.38776,-0.000124861212,1319306,0.04617025,0.153866917,0.00341637502,0.522765333,0.219294791,0.392617833,0.114726708,1.90080971
122,61,122,67.717574,6.95683594,23.0920817,0.00762435487,0,0,26445,137770,16932,1589,0,174,10,0,1.58360836e-09,5.17705212e-10,0,1,0,7068,0,1,16932,179.5,30.0697418,21.2075499,21.2098512,29.9368101,0.000108514719,-0.294721251,-0.00442078036,0,0,0.000269878665,0,1595,derived,3495,0,703,0.01925,0.00140000001,0.0235243969,0.00770098376,0.00328924056,0.00770098376,0.00328924056,0.01925,1596,1881,3907,0.00750037421,0.009119868,0.00570425396,5333.3554,5331.86955,0.000278673463,1313882,0.0458820419,0.152040917,0.00369100005,0.522294459,0.217199959,0.397005959,0.117797458,1.89850733
123,61.5,123,67.6166825,6.94459913,23.0373614,0.00753914663,0,0,26279,136765,16908,1607,0,201,8,0,1.20523369e-10,1.26764488e-10,0,1,0,7030,0,1,16908,179.5,30.4666614,20.8887618,20.8898346,30.0483592,5.13550126e-05,-0.314373126,-0.013729836,0,0,0.000260535562,0,1700,derived,3552,0,729,0.0169202555,0.000600000053,0.0218585769,0.007910657,0.00306174959,0.007910657,0.00306174959,0.0169202555,1616,1918,3831,0.00800042163,0.009016549,0.00547653529,5389.54118,5387.71828,0.000338343064,1311759,0.045682583,0.153429625,0.00382824999,0.528368375,0.213171542,0.39747725,0.114029958,1.89978342
124,62,124,67.5154027,6.93210668,22.9818147,0.00745490792,0,0,26095,135774,16774,1557,0,152,7,1.11022302e-16,2.4944139e-09,5.35070432e-10,0,1,0,6926,0,1,16774,179.5,31.0223936,20.8211135,20.8177804,29.8855703,-0.000160084769,-0.328836008,-0.0366452458,0,0,0.000268824484,0,1656,derived,3501,0,713,0.0178256199,0.00170000003,0.0192736076,0.00831449135,0.00354918817,0.00831449135,0.00354918817,0.0182563336,1672,1807,3766,0.00813256454,0.009089543,0.00493974891,5444.23403,5444.23403,9.02594666e-10,1301505,0.04541275,0.151741708,0.00365091697,0.512421166,0.2108575,0.389663125,0.111940791,1.87218533
125,62.5,125,67.4137332,6.91928775,22.9252085,0.00737107178,0,0,25924,134819,16704,1502,0,186,4,2.22044605e-16,2.60265853e-09,9.95385996e-11,0,1,0,6868,0,1,16704,179.5,31.5344444,21.2405032,21.2356259,30.6750416,-0.000229623865,-0.326434836,-0.0272528287,0,0,0.000244627646,0,1641,derived,3519,0,725,0.0278,0.000900000015,0.0213974246,0.00830524023,0.00350776791,0.00830524023,0.00350776791,0.0278,1662,1831,3671,0.00813235925,0.008890013,0.00494626656,5499.12101,5499.12101,-1.14607879e-10,1295968,0.0459615421,0.149501292,0.00326200004,0.511336,0.2064245,0.393100792,0.112083542,1.88217692
126,63,126,67.3116729,6.90615805,22.8675971,0.007286784,0,0,25729,133826,16568,1516,0,153,5,1.11022302e-16,3.33813022e-09,3.00485858e-10,0,1,0,6757,0,1,16568,179.5,32.0032125,21.5691576,21.5658672,30.928426,-0.000152552903,-0.326031484,-0.0335837076,0,0,0.000244627646,0,1575,derived,3460,0,660,0.0193855432,0.0009,0.0268226169,0.00860138581,0.00389853714,0.00860138581,0.00389853714,0.0193855432,1709,1732,3589,0.00734866911,0.008273277,0.00519522736,5554.69657,5554.21923,8.59411305e-05,1285670,0.046679,0.148845459,0.00352204195,0.5055545,0.208483125,0.390955125,0.110568459,1.86020508
127,63.5,127,67.2092203,6.8927383,22.8090511,0.00720292623,0,0,25541,132769,16550,1560,0,186,8,2.22044605e-16,4.14364121e-09,8.18681789e-10,0,1,0,6682,0,1,16550,179.5,32.4803878,22.0730245,22.069626,31.6543164,-0.000153969348,-0.32041992,-0.0254329267,0,0,0.000244627646,0,1683,derived,3525,0,710,0.0179434904,0.00065000001,0.0192314756,0.00830570558,0.00356599689,0.00830570558,0.00356599689,0.0179555168,1691,1813,3489,0.00714689851,0.008082941,0.00568762755,5610.03717,5610.03717,5.8959615e-10,1282056,0.045717375,0.146364084,0.00331241696,0.509111541,0.20408625,0.3948495,0.1118185,1.87160117
128,64,128,67.1063738,6.8790231,22.7495546,0.00712235982,0,0,25348,131726,16432,1595,0,184,6,0,2.10331463e-09,1.78088655e-11,0,1,0,6591,0,1,16432,179.5,32.9474512,22.3621494,22.3608921,31.6962414,-5.62225867e-05,-0.321278322,-0.0379759215,0,0,0.000253080113,0,1678,derived,3489,0,717,0.0206,0.000950000033,0.0352123226,0.00789028547,0.00329571015,0.00789028547,0.00329571015,0.0215225228,1608,1867,3416,0.00838308186,0.009301673,0.00528311974,5665.60016,5665.60016,-1.45863766e-10,1272108,0.045057459,0.144809958,0.00392483291,0.505705375,0.205937375,0.386174084,0.1102775,1.84551733
129,64.5,129,67.0031317,6.864998,22.6890618,0.00704305186,0,0,25174,130793,16346,1569,0,174,7,0,3.05809378e-10,2.28107089e-10,0,1,0,6505,0,1,16346,179.5,33.9978646,22.5112967,22.5131392,32.0795243,8.18458125e-05,-0.337861452,-0.0564253189,0,0,0.000258399677,0,1666,derived,3488,0,693,0.02105,0.000750000005,0.0249972914,0.00764378372,0.00304323813,0.00764378372,0.00304323813,0.02105,1631,1836,3353,0.00804118315,0.009531872,0.00476318085,5721.06807,5721.35378,-4.99377473e-05,1265446,0.0470325421,0.142411042,0.00374254095,0.500848083,0.204806667,0.391220791,0.108390208,1.84100638
130,65,130,66.8994946,6.85040279,22.6267157,0.00696359594,0,0,24997,129836,16158,1511,0,134,5,2.22044605e-16,3.47094842e-09,1.40192968e-10,0,1,0,6380,0,1,16158,179.5,34.4674469,22.5086017,22.5103692,32.2998925,7.85263891e-05,-0.346960577,-0.0628870023,0,0,0.00025444586,0,1553,derived,3376,0,588,0.03085,5.6532126e-10,0.0196716416,0.0082556795,0.00329651932,0.0082556795,0.00329651932,0.0312308655,1713,1635,3282,0.00756021691,0.009068785,0.00463937801,5773.34369,5776.55667,-0.00055621033,1252792,0.043904333,0.141924583,0.00372720906,0.497618167,0.202181459,0.391601917,0.107214958,1.84089079
131,65.5,131,66.7954626,6.8354875,22.5633455,0.00688360897,0,0,24811,128807,16100,1528,0,161,6,0,2.08547024e-09,7.70766784e-11,0,1,0,6281,0,1,16100,179.5,34.950298,22.8836713,22.8867093,32.6822259,0.000132759284,-0.345251039,-0.0648942136,0,0,0.00025444586,0,1560,derived,3409,0,662,0.0132799925,3.54599443e-10,0.0330024389,0.00829216604,0.00358410177,0.00829216604,0.00358410177,0.0135867296,1630,1746,3179,0.00757445796,0.008410093,0.00502029257,5831.71862,5828.94079,0.000476559008,1245717,0.04427975,0.143964334,0.00355912501,0.499209667,0.20081225,0.375854041,0.106719333,1.81079754
132,66,132,66.6910341,6.8202501,22.4989466,0.00680508841,0,0,24625,127805,16036,1536,0,174,6,0,3.49202423e-09,5.78348258e-10,0,1,0,6217,0,1,16036,179.5,35.4916909,23.0843628,23.0831412,33.19052,-5.29167992e-05,-0.349584025,-0.0648368905,0,0,0.000285377336,0,1602,derived,3440,0,652,0.0173604383,0.000850000007,0.0234390971,0.00883424084,0.0039183957,0.00883424084,0.0039183957,0.0173604383,1668,1750,3077,0.00777895305,0.008745229,0.00495708472,5887.47124,5887.47124,6.30603125e-10,1242082,0.0442518749,0.141583208,0.00331229204,0.501000083,0.193599458,0.378159166,0.1063445,1.81813671
133,66.5,133,66.5862078,6.80465529,22.4334049,0.00672741314,0,0,24440,126810,15954,1512,0,191,4,0,3.63123287e-09,7.98987987e-10,0,1,0,6119,0,1,15954,179.5,36.1553002,24.5954316,24.5966728,34.346105,5.04649748e-05,-0.319728188,-0.0500395576,0,0,0.000282948813,0,1620,derived,3437,0,684,0.0213,0.000550000005,0.0265894736,0.00900981398,0.00403971959,0.00900981398,0.00403971959,0.0213147603,1735,1688,2991,0.00774946825,0.008775308,0.00563137206,5943.28015,5943.28015,-4.39514869e-10,1235414,0.0443683331,0.138335916,0.00323929102,0.496477958,0.189013459,0.37982775,0.104758958,1.79981888
134,67,134,66.4809828,6.78864262,22.3665238,0.00665123208,0,0,24246,125773,15884,1519,0,188,3,0,6.02583539e-10,5.48277868e-10,0,1,0,6062,0,1,15884,179.5,36.5695354,24.6972933,24.6966456,34.4887727,-2.62248149e-05,-0.324648426,-0.0568988013,0,0,0.000282641458,0,1672,derived,3448,0,746,0.0298,0.00110000002,0.0347439497,0.00903834342,0.00421628934,0.00903834342,0.00421628934,0.0305887972,1714,1715,2914,0.00820182672,0.009134106,0.00602127622,5994.15491,5999.02434,-0.000811704388,1229331,0.043049334,0.138684542,0.00330279197,0.494218167,0.186708375,0.392946917,0.10349675,1.81968296
135,67.5,135,66.3753579,6.77231234,22.2986362,0.00657503402,0,0,24067,124801,15778,1477,0,187,5,0,4.23534208e-09,5.73208592e-10,0,1,0,5958,0,1,15778,179.5,37.1203348,25.1389564,25.143017,35.3829254,0.000161522759,-0.322771291,-0.0468047901,0,0,0.000282641458,0,1685,derived,3452,0,719,0.0169,0.00115,0.0326396376,0.00887538144,0.00426660192,0.00887538144,0.00426660192,0.0176686876,1669,1758,2820,0.00684576677,0.008736325,0.00584268924,6052.46206,6049.95229,0.00041484106,1221977,0.045967,0.13714975,0.00321070792,0.487891584,0.184317375,0.399912042,0.103406,1.82720225
136,68,136,66.2693317,6.75560338,22.2295434,0.006499756,0,0,23873,123798,15632,1432,0,163,4,0,4.02589406e-09,3.65628194e-10,0,1,0,5818,0,1,15632,179.5,37.460595,25.9401912,25.9462916,36.0586952,0.000235171919,-0.307533924,-0.0374233195,0,0,0.000282808717,0,1621,derived,3389,0,665,0.01565,4.06697065e-10,0.0393916715,0.00893148246,0.00411876773,0.00893148246,0.00411876773,0.0162214293,1682,1690,2712,0.00740979733,0.00881126,0.00582301008,6108.25862,6108.25862,4.41409576e-10,1209357,0.042426292,0.136915584,0.00383029098,0.482406458,0.182361916,0.389027875,0.102450834,1.79302629
137,68.5,137,66.1629022,6.73860475,22.1595404,0.006427158,0,0,23687,122784,15604,1500,0,187,8,0,2.91604918e-09,6.22029983e-10,0,1,0,5755,0,1,15604,179.5,38.2450516,26.8378859,26.8477129,37.373609,0.000366160102,-0.298265141,-0.0227857618,0,0,0.000286664365,0,1729,derived,3451,0,709,0.0243616016,0.00165000001,0.0315857254,0.00895234112,0.00415628029,0.00895234112,0.00415628029,0.0248877322,1691,1739,2633,0.00869878476,0.009783331,0.00607137914,6164.18018,6164.18018,1.844771e-10,1207131,0.043338708,0.135057541,0.00350383308,0.483322042,0.180891375,0.395860542,0.101236125,1.80089563
138,69,138,66.0560687,6.72109156,22.0878906,0.00635668755,0,0,23511,121815,15522,1528,0,180,6,0,6.93350932e-11,7.15829396e-10,0,1,0,5684,0,1,15522,179.5,39.4878617,27.2565601,27.2571148,37.6546389,2.03523378e-05,-0.30974839,-0.0464249691,0,0,0.000286664365,0,1759,derived,3470,0,687,0.02865,0.00110000002,0.0269382899,0.00927736534,0.00431200334,0.00927736534,0.00431200334,0.0286858192,1813,1641,2522,0.00912937522,0.010483204,0.00610832807,6219.48315,6219.79574,-5.02579587e-05,1202451,0.04441775,0.133224667,0.00360349996,0.481033459,0.176601917,0.400914709,0.0994089589,1.795609
139,69.5,139,65.9488338,6.70282961,22.0138286,0.0062874561,0,0,23331,120787,15434,1542,0,197,7,2.22044605e-16,1.14823961e-09,5.19914889e-10,0,1,0,5571,0,1,15434,179.5,39.8900194,27.4367132,27.4373884,37.4330464,2.46091571e-05,-0.31219103,-0.061593678,0,0,0.000270902028,0,1735,derived,3466,0,731,0.0237496123,0.00100000001,0.0247471023,0.00938789246,0.00466219391,0.00938789246,0.00466219391,0.0237496123,1802,1651,2434,0.00936775254,0.010734211,0.00612199487,6275.74531,6274.31815,0.000227460741,1195148,0.042394,0.131491458,0.00388974999,0.477790375,0.175626833,0.401094167,0.099497958,1.79023588
140,70,140,65.841199,6.68419468,21.9385931,0.00621902727,0,0,23126,119685,15380,1572,0,204,10,2.22044605e-16,2.58217703e-09,6.67228273e-10,0,1,0,5514,0,1,15380,179.5,40.5168669,27.2155256,27.2133662,37.7031171,-7.93429084e-05,-0.328291458,-0.0694463801,0,0,0.000235978339,0,1783,derived,3503,0,746,0.03385,0.00125000001,0.0191879979,0.010109992,0.00493622409,0.010109992,0.00493622409,0.0350380275,1770,1719,2342,0.00893915005,0.010764541,0.00682779231,6330.48993,6330.48993,-2.78708057e-10,1191207,0.042183292,0.131616125,0.00377425004,0.48358275,0.181001458,0.402151,0.0986276659,1.80378925
141,70.5,141,65.7331634,6.66507208,21.8618108,0.00615191389,0,0,22916,118552,15254,1578,0,223,5,2.22044605e-16,2.15811369e-09,3.44509088e-10,0,1,0,5390,0,1,15254,179.5,40.9811392,27.33094,27.3292872,37.656007,-6.04720229e-05,-0.333084914,-0.0811381117,0,0,0.00024738764,0,1733,derived,3476,0,746,0.02225,0.00120000001,0.0244799604,0.00958587661,0.0048020994,0.00958587661,0.0048020994,0.02225,1652,1805,2252,0.00935949225,0.011057875,0.00683440107,6384.27864,6384.89176,-9.6026956e-05,1180456,0.044107083,0.130362416,0.00352379202,0.47794275,0.177894625,0.39261775,0.0991334581,1.78528142
142,71,142,65.6247267,6.64552425,21.7836896,0.00608613702,0,0,22728,117546,15136,1584,0,195,11,0,3.16382343e-09,5.47644818e-10,0,1,0,5280,0,1,15136,179.5,41.5412115,27.8061563,27.8050297,38.5484466,-4.05149021e-05,-0.330636846,-0.0720432743,0,0,0.00024678098,0,1732,derived,3472,0,721,0.0206108836,0.00105,0.0201806816,0.0101657941,0.0048667738,0.0101657941,0.0048667738,0.0206108836,1797,1654,2116,0.00944617514,0.011363659,0.00629869455,6438.42807,6438.42807,6.81966039e-10,1172514,0.04193175,0.129568292,0.00317670801,0.474430083,0.174175625,0.390275584,0.0984728331,1.77835483
143,71.5,143,65.5158884,6.62548978,21.7040315,0.00601968366,0,0,22533,116485,15062,1534,0,214,5,1.11022302e-16,1.07632792e-10,1.66948899e-10,0,1,0,5198,0,1,15062,179.5,42.3803988,28.5412261,28.5437371,39.6531012,8.79751894e-05,-0.326546542,-0.064352807,0,0,0.00024678098,0,1762,derived,3478,0,714,0.02515,0.000850000022,0.0253590169,0.0100765044,0.00515849845,0.0100765044,0.00515849845,0.0262700277,1819,1644,2059,0.00928303718,0.010645693,0.00599213515,6495.74572,6492.18586,0.000548330119,1166906,0.0424397499,0.128399667,0.00337754097,0.470889042,0.175622875,0.401073792,0.097036917,1.78751567
144,72,144,65.4066495,6.60483577,21.622405,0.00595272374,0,0,22334,115378,14976,1549,0,232,8,0,3.38045503e-09,7.84456833e-10,0,1,0,5114,0,1,14976,179.5,42.7578021,28.9874981,28.9877951,39.9956988,1.02449432e-05,-0.322053597,-0.0645988141,0,0,0.000264741774,0,1750,derived,3481,0,789,0.03355,0.001,0.0414459922,0.0100141246,0.00510119618,0.0100141246,0.00510119618,0.0335668137,1828,1637,1955,0.00883727998,0.010014087,0.00611331527,6548.84575,6548.84575,3.80994125e-10,1159963,0.041844083,0.126526625,0.00328158389,0.469802291,0.171835708,0.413530041,0.0953886249,1.79383092
145,72.5,145,65.2970102,6.5837909,21.5395627,0.00588632319,0,0,22131,114237,14858,1511,0,203,9,1.11022302e-16,3.98787448e-10,1.1046386e-10,0,1,0,5013,0,1,14858,179.5,43.6159321,29.5131944,29.5159445,40.2114643,9.3183061e-05,-0.323339134,-0.0780556003,0,0,0.000240050691,0,1758,derived,3479,0,732,0.0279397333,0.0009,0.0336602111,0.00984495412,0.00497832345,0.00984495412,0.00497832345,0.0281346012,1899,1555,1851,0.00800025969,0.009924903,0.00727736976,6601.17967,6601.68121,-7.597152e-05,1152163,0.041279542,0.123567625,0.00339720806,0.464033084,0.169369875,0.416283375,0.0943499591,1.79341592
146,73,146,65.1869706,6.56210941,21.4547039,0.00582310474,0,0,21917,113126,14732,1559,0,202,11,0,4.90141261e-11,5.51822144e-10,0,1,0,4887,0,1,14732,179.5,44.0263962,29.5320817,29.5316619,40.3791617,-1.42160341e-05,-0.329218736,-0.0828419949,0,0,0.00028955152,0,1776,derived,3448,0,688,0.0292851123,0.0005,0.0246130484,0.0103441547,0.00509016738,0.0103441547,0.00509016738,0.0299212037,1842,1594,1737,0.00968649727,0.011175738,0.00728288795,6653.0088,6653.21546,-3.10622126e-05,1143023,0.041585208,0.123598125,0.00364812498,0.461930958,0.168362666,0.414208625,0.094503875,1.78715579
147,73.5,147,65.0765315,6.5399763,21.3684379,0.00576165412,0,0,21705,112033,14624,1564,0,198,6,1.11022302e-16,3.14515969e-10,4.17786916e-10,0,1,0,4782,0,1,14624,179.5,44.7888788,29.4693789,29.4690905,41.0586188,-9.78804285e-06,-0.34203803,-0.0832854056,0,0,0.000284172853,0,1792,derived,3431,0,679,0.01925,0.000800000009,0.0362451332,0.0103706812,0.00498541785,0.0103706812,0.00498541785,0.01925,1820,1593,1673,0.0102738589,0.011708089,0.00672108513,6704.59632,6704.59632,5.73550318e-10,1134289,0.0412552911,0.123349459,0.00341400004,0.45991575,0.167621708,0.405600792,0.092326625,1.75306613
148,74,148,64.9656936,6.51718929,21.2801074,0.00570037649,0,0,21532,110982,14668,1642,0,228,10,0,1.98771444e-10,7.70070452e-10,0,1,0,4780,0,1,14668,179.5,45.1691074,29.8867455,29.8890883,41.1726412,7.83893984e-05,-0.338336592,-0.0884778648,0,0,0.000228339323,0,1986,derived,3597,0,764,0.0242673286,7.81224369e-08,0.03168219,0.0111109554,0.00537229701,0.0111109554,0.00537229701,0.0242673841,1962,1613,1546,0.0103490393,0.011427016,0.00610269702,6755.28417,6755.28417,-2.19007923e-10,1138418,0.0410886661,0.122141958,0.00340150006,0.463861,0.165737083,0.428183,0.0930994999,1.79086629
149,74.5,149,64.8544576,6.493937,21.1903328,0.00563888388,0,0,21340,109845,14494,1540,0,199,11,0,4.93666663e-10,2.32864839e-11,0,1,0,4639,0,1,14494,179.5,45.7058587,31.0684646,31.0768905,41.6498346,0.0002712035,-0.320252031,-0.0887418844,0,0,0.000228339323,0,1853,derived,3517,0,750,0.0306089096,0.00140000001,0.0367120186,0.0109619217,0.00547086423,0.0109619217,0.00547086423,0.0306089107,1977,1528,1452,0.0093088726,0.010950118,0.00636079707,6801.12717,6805.42798,-0.00063196725,1126696,0.040602625,0.121977334,0.00299554202,0.45890425,0.163179958,0.4335795,0.0924129999,1.80941854
150,75,150,64.7428234,6.47013849,21.0988534,0.00557836758,0,0,21100,108630,14446,1577,0,231,10,0,4.18265422e-10,5.74098546e-11,0,1,0,4586,0,1,14446,179.5,45.9151642,30.9418864,30.9505909,41.3683823,0.000281318165,-0.326107466,-0.099025714,0,0,0.000228339323,0,1886,derived,3565,0,831,0.0374,0.00145,0.0376841544,0.0108134105,0.00555897423,0.0108134105,0.00555897423,0.0374006173,1894,1650,1353,0.00985123954,0.011081732,0.00731607659,6851.01206,6850.49171,7.59585574e-05,1122692,0.0393655,0.120214417,0.0033469171,0.456232,0.16081275,0.42886525,0.090591416,1.78539721
151,75.5,151,64.6307902,6.44595087,21.0061851,0.00551956393,0,0,20900,107557,14330,1591,0,215,9,0,1.59624314e-10,4.70901429e-10,0,1,0,4455,0,1,14330,179.5,46.467592,30.6462017,30.6653545,41.5426755,0.000624963715,-0.34048225,-0.105986048,0,0,0.000270987427,0,1893,derived,3570,0,792,0.0429621999,0.00120000005,0.0376841544,0.0108035147,0.00515044531,0.0108035147,0.00515044531,0.0429621999,1962,1588,1235,0.00980462937,0.011588678,0.00662628584,6899.93627,6899.93627,2.41031195e-10,1114416,0.042072125,0.117270083,0.002927833,0.45092775,0.158036709,0.434578333,0.090449917,1.81295029
152,76,152,64.5183575,6.42116807,20.9116597,0.00546047643,0,0,20705,106365,14280,1584,0,262,11,2.22044605e-16,3.30651062e-10,2.17774021e-10,0,1,0,4367,0,1,14280,179.5,46.8786006,31.2342603,31.2580062,42.6024695,0.000760249566,-0.333720291,-0.0912171226,0,0,0.000239901897,0,1955,derived,3618,0,837,0.049,0.00090000002,0.0299564138,0.0109272101,0.00542019126,0.0109272101,0.00542019126,0.049,1970,1639,1120,0.00984775755,0.011081987,0.00589087119,6947.9391,6947.9391,-3.94814959e-10,1109958,0.040064458,0.118762333,0.00325487496,0.453723292,0.154447333,0.442675084,0.089725917,1.80999367
153,76.5,153,64.405526,6.3958658,20.815528,0.00540098712,0,0,20463,105139,14062,1512,0,227,3,0,2.01690886e-11,6.8826056e-10,0,1,0,4176,0,1,14062,179.5,47.1554128,32.3614778,32.3850611,43.3337763,0.000728746748,-0.313727187,-0.0810434328,0,0,0.000238601016,0,1877,derived,3500,0,781,0.018,0.00130000005,0.0454150507,0.0110274836,0.00561750638,0.0110274836,0.00561750638,0.018,2021,1471,1012,0.00902013186,0.010518198,0.00671376655,6998.03558,6995.14528,0.000413187018,1092624,0.039498041,0.116456417,0.00318595802,0.448388375,0.150956708,0.420007792,0.0883785,1.75385537
154,77,154,64.2922951,6.37012099,20.7180438,0.00534432719,0,0,20251,103980,14060,1566,0,273,11,0,2.59710919e-10,7.48073825e-10,0,1,0,4116,0,1,14060,179.5,48.0391176,33.4190549,33.4378657,44.2498548,0.000562877314,-0.304336621,-0.0788786931,0,0,0.000238601016,0,1998,derived,3628,0,915,0.018934182,0.00125,0.0249057132,0.0108556035,0.00582420023,0.0108556035,0.00582420023,0.0189715802,1945,1665,910,0.0104587214,0.01159057,0.00659474878,7044.59145,7044.59145,5.55501645e-10,1091743,0.03928625,0.114026208,0.003072917,0.446248791,0.150767166,0.427518917,0.0881444999,1.76809458
155,77.5,155,64.1786667,6.34355578,20.6179826,0.0052880789,0,0,20034,102816,13902,1607,0,256,9,2.22044605e-16,3.80651066e-11,4.15262935e-10,0,1,0,3996,0,1,13902,179.5,48.3845186,34.5607358,34.5715295,45.8171901,0.000312311577,-0.285706735,-0.0530609489,0,0,0.000241704407,0,1969,derived,3580,0,854,0.0401,0.00125,0.0522029961,0.0110908756,0.00579722849,0.0110908756,0.00579722849,0.0409400009,2052,1518,787,0.01007041,0.011437306,0.00730357421,7089.59066,7089.59066,-6.56570909e-10,1081809,0.041511334,0.11461075,0.00307429198,0.4378695,0.148333042,0.438894375,0.0870835,1.77325346
156,78,156,64.0646435,6.31645587,20.5162785,0.0052350073,0,0,19813,101636,13712,1553,0,215,14,0,1.51445745e-10,6.47904397e-10,0,1,0,3831,0,1,13712,179.5,48.6041908,35.0221506,35.0260252,46.2337454,0.000110630926,-0.27944175,-0.048770391,0,0,0.000245686515,0,1914,derived,3505,0,771,0.0265806454,0.00165,0.0258211767,0.0114421069,0.00611606741,0.0114421069,0.00611606741,0.0271772381,2119,1376,681,0.0114743641,0.012678654,0.00700099142,7133.33914,7133.62849,-4.05615691e-05,1068060,0.039332209,0.112468625,0.00283508294,0.431554625,0.1441225,0.435540792,0.0860725831,1.73493571
157,78.5,157,63.9502257,6.28883986,20.4129958,0.00518208621,0,0,19574,100407,13622,1607,0,229,13,0,3.9802095e-10,3.49202889e-11,0,1,0,3729,0,1,13622,179.5,49.0374767,34.492746,34.5101928,46.4024429,0.000505810294,-0.296604387,-0.0537351031,0,0,0.000245686515,0,1917,derived,3544,0,783,0.026,0.00115,0.0319715303,0.0115662114,0.00640061271,0.0115662114,0.00640061271,0.0268072231,2079,1455,572,0.0105611981,0.01239097,0.00700736934,7171.8543,7176.41595,-0.00063564472,1060571,0.0384927921,0.112657584,0.00304304203,0.430782083,0.14321525,0.443275875,0.084343167,1.76237067
158,79,158,63.8354143,6.26057877,20.3077199,0.00512881479,0,0,19369,99240,13572,1650,0,241,12,0,1.77091009e-10,6.14163276e-10,0,1,0,3654,0,1,13572,179.5,49.1561585,34.1230151,34.141115,46.007067,0.000530430386,-0.30582421,-0.0640630092,0,0,0.000240880043,0,1971,derived,3593,0,823,0.0190322475,0.0008,0.0231769181,0.0117899596,0.00640629454,0.0117899596,0.00640629454,0.0201720781,2093,1503,464,0.0105057836,0.011856779,0.00801682806,7216.84935,7213.60339,0.000449978004,1055370,0.0390878329,0.1099585,0.002819416,0.432506,0.140296542,0.45208925,0.083931333,1.788794
159,79.5,159,63.7202099,6.23185629,20.2010512,0.005077054,0,0,19140,98033,13450,1639,0,253,13,0,5.37148104e-11,2.70445222e-10,0,1,0,3541,0,1,13450,179.5,49.3910704,34.0619948,34.0838176,45.7299831,0.000640678231,-0.310361275,-0.0741244776,0,0,0.000276998765,0,2013,derived,3593,0,843,0.01995,0.000900000013,0.0218185967,0.0115837081,0.0059831613,0.0115837081,0.0059831613,0.0199579311,2159,1425,376,0.00931206194,0.012253543,0.00799761418,7257.69831,7257.69831,-3.66298214e-10,1044784,0.0393825,0.10994175,0.00324362493,0.423177,0.137572458,0.453246292,0.082117458,1.78758354
160,80,160,63.6046124,6.20257672,20.0926829,0.00502778128,0,0,18921,96885,13304,1573,0,240,12,0,2.73113088e-10,4.66553907e-10,0,1,0,3424,0,1,13304,179.5,49.7826094,33.7431213,33.7680041,45.8092625,0.000737417487,-0.322190585,-0.079813954,0,0,0.00027966526,0,1971,derived,3577,0,805,0.0236910697,0.00115,0.0218185967,0.0120507681,0.00645189901,0.0120507681,0.00645189901,0.0241672157,2177,1389,260,0.0103921373,0.013128199,0.00723771673,7297.3631,7297.3631,5.90164584e-10,1032337,0.038366959,0.10621225,0.00289358292,0.42446,0.1353835,0.462294666,0.0818014591,1.78611117
161,80.5,161,63.4886237,6.17259772,19.9821586,0.00497662251,0,0,18702,95660,13166,1530,0,216,8,0,2.86107804e-11,4.00788291e-10,0,1,0,3280,0,1,13166,179.5,50.6548672,33.3692157,33.388552,45.1894505,0.000579466187,-0.341243644,-0.107895193,0,0,0.00027966526,0,1913,derived,3537,0,767,0.0314553917,0.00165000003,0.0314306015,0.0120821604,0.00661817106,0.0120821604,0.00661817106,0.0323178986,2195,1340,187,0.0103944998,0.011834678,0.00699482618,7328.05882,7335.44202,-0.00100651061,1017335,0.038506625,0.107380334,0.00288729207,0.426252041,0.134536958,0.450170083,0.083716708,1.77036946
162,81,162,63.37225,6.14165188,19.868619,0.00492546952,0,0,18499,94523,13136,1541,0,252,11,0,5.29839506e-11,6.0640426e-10,0,1,0,3200,0,1,13136,179.5,51.4099704,33.9977275,34.0080085,45.7568598,0.000302402346,-0.338693891,-0.109961367,0,0,0.00027966526,0,2026,derived,3621,0,867,0.0183,0.00125,0.0366988333,0.0119122375,0.00617678319,0.0119122375,0.00617678319,0.0187563602,2215,1393,100,0.0104347454,0.011485435,0.00670345577,7369.25774,7363.81105,0.000739656934,1011293,0.037257625,0.105295292,0.00271516701,0.424847667,0.13153475,0.457676208,0.081702209,1.78096762
163,81.5,163,63.2554991,6.1097975,19.7522601,0.00487629871,0,0,18275,93223,13030,1556,0,249,14,0,4.72474948e-10,4.59705163e-10,0,1,0,3112,0,1,13030,179.5,51.8361156,33.8187862,33.8246481,45.6246807,0.000173333422,-0.347582554,-0.119828325,0,0,0.000270707163,0,2044,derived,3654,0,851,0.02135,0.00105000001,0.0252224967,0.0118124185,0.00610686992,0.0118124185,0.00610686992,0.02135,2213,1438,9,0.00852850303,0.012103883,0.00746043994,7402.81009,7402.81009,2.99030578e-10,997341,0.037354917,0.103203625,0.00270541699,0.428647667,0.12733975,0.471884208,0.080048542,1.81808504
164,82,164,63.138377,6.07719,19.6335911,0.00482932257,0,0,18018,92033,12848,1545,0,254,14,0,2.42853737e-10,2.01562766e-10,0,1,0,2954,0,1,12848,179.5,51.6052077,34.3938891,34.3990284,45.7164437,0.000149424854,-0.333519025,-0.114111817,0,0,0.000284250436,0,1949,derived,3581,0,803,0.0201332993,0.000850000022,0.0265493536,0.0119669136,0.00613066357,0.0119669136,0.00613066357,0.0201332993,2214,1368,0,0.0116617321,0.012813942,0.00666028971,7435.97428,7434.44278,0.000206000835,978958,0.037554834,0.103988167,0.00327599992,0.431831833,0.12591725,0.466547458,0.077920333,1.81857588
165,82.5,165,63.0208846,6.044196,19.5138012,0.00477995669,0,0,17824,90844,12770,1630,0,229,15,0,2.50515386e-10,1.72177828e-10,0,1,0,2868,0,1,12770,179.5,51.4958932,34.4375902,34.4398159,46.6299249,6.46298465e-05,-0.3312556,-0.0944923577,0,0,0.000284250436,0,2053,derived,3636,0,822,0.0252757069,0.002,0.0364404956,0.0123724883,0.00620381081,0.0123724883,0.00620381081,0.0262021185,2333,1301,4,0.00997413984,0.011303348,0.00785575611,7466.54753,7466.54753,-1.37614808e-10,969545,0.0369309171,0.100959875,0.00273337495,0.425062542,0.121817583,0.473877917,0.077477625,1.822317
166,83,166,62.9030199,6.01078948,19.392809,0.00473113201,0,0,17587,89571,12662,1629,0,270,9,0,2.49645193e-10,3.69105635e-10,0,1,0,2715,0,1,12662,179.5,51.6327222,34.9856158,34.987001,46.4890388,3.95947667e-05,-0.322413883,-0.0996206121,0,0,0.000214837866,0,2050,derived,3653,0,864,0.0269,0.00105,0.0311703108,0.0126372339,0.00660095484,0.0126372339,0.00660095484,0.0271978471,2363,1289,4,0.00984095148,0.011221585,0.00936802824,7495.95513,7495.95513,-3.50669604e-10,957011,0.03699025,0.0996925,0.00259574992,0.422051792,0.121286417,0.484238417,0.079166834,1.84112937
167,83.5,167,62.7847829,5.97679984,19.2700677,0.00468357649,0,0,17342,88340,12428,1500,0,213,11,0,3.66242148e-10,1.58993041e-10,0,1,0,2618,0,1,12428,179.5,51.297424,35.4136713,35.4147556,47.0592894,3.06198317e-05,-0.309640358,-0.0826188583,0,0,0.000214837866,0,1960,derived,3543,0,779,0.032291319,0.0008,0.0462830912,0.0124792909,0.00669495891,0.0124792909,0.00669495891,0.032291319,2398,1145,2,0.0103381585,0.011484104,0.00913459258,7523.70708,7523.70708,3.41901618e-10,938169,0.036259167,0.097798667,0.00319245807,0.411602958,0.116476416,0.478121625,0.0762834999,1.79969113
168,84,168,62.6661724,5.94251296,19.1465024,0.00463836599,0,0,17141,87209,12396,1578,0,241,6,2.22044605e-16,5.49316814e-10,2.37563191e-10,0,1,0,2678,0,1,12396,179.5,51.5218914,36.0388359,36.0471238,48.0921374,0.000229973409,-0.300514114,-0.0665688675,0,0,0.00029583308,0,2056,derived,3649,0,853,0.03025,0.000800000004,0.0408801375,0.0125856463,0.00678812831,0.0125856463,0.00678812831,0.0308790599,2446,1201,3,0.0109233621,0.012257188,0.00812709607,7550.3822,7550.50168,-1.58237907e-05,936333,0.036371959,0.097881,0.00254841603,0.407269791,0.117225958,0.494952833,0.078254833,1.85471654
169,84.5,169,62.5471891,5.9075029,19.0207442,0.00459050386,0,0,16911,85911,12336,1630,0,288,12,0,4.56223281e-10,4.84207674e-10,0,1,0,2705,0,1,12336,179.5,51.1832561,36.8317219,36.8279783,49.3928862,-0.000101639901,-0.2803951,-0.0349796016,0,0,0.000255081475,0,2178,derived,3704,0,945,0.0460568416,0.00135000001,0.0495265673,0.0127357811,0.00697553813,0.0127357811,0.00697553813,0.0462491382,2421,1282,1,0.00930365223,0.010660627,0.0090872591,7567.98933,7575.08395,-0.000936573464,931636,0.0370519171,0.0970225419,0.00288637495,0.403953667,0.113550625,0.502428041,0.077281875,1.84106488
170,85,170,62.4278334,5.87221236,18.8942228,0.004546986,0,0,16656,84709,12052,1545,0,214,10,0,1.39448786e-10,4.79970286e-10,0,1,0,2621,0,1,12052,179.5,50.8048244,35.7146825,35.7035133,48.0075651,-0.000312733078,-0.29702183,-0.0550589298,0,0,0.000255081475,0,2000,derived,3545,0,764,0.04445,0.00150000006,0.0567775885,0.012982973,0.00730532369,0.012982973,0.00730532369,0.0445804337,2444,1104,0,0.0108664852,0.012372139,0.00850245369,7595.8592,7591.67473,0.000551192248,911919,0.035299959,0.0962678749,0.00254758296,0.391382084,0.110704042,0.488684333,0.0724720419,1.803435
171,85.5,171,62.3081022,5.83657513,18.7667271,0.00450446208,0,0,16446,83560,11980,1565,0,238,15,0,5.71243275e-10,3.6973824e-10,0,1,0,2633,0,1,11980,179.5,51.1841034,35.8637407,35.8508271,47.7757843,-0.000360073829,-0.299318766,-0.066589406,0,0,0.000269449536,0,2032,derived,3606,0,827,0.04545,0.00135,0.0678513541,0.0133603745,0.00780584051,0.0133603745,0.00780584051,0.04545,2510,1096,2,0.0101694042,0.012489595,0.00833396427,7623.79341,7618.3607,0.000713107369,907585,0.0355312501,0.09472325,0.00270979095,0.388146625,0.111249833,0.499853416,0.0727461249,1.84339604
172,86,172,62.1879991,5.80003247,18.6364649,0.0044637271,0,0,16216,82333,11888,1552,0,248,11,0,5.95909988e-11,1.77437398e-10,0,1,0,2612,0,1,11888,179.5,50.686781,35.7314948,35.7241381,47.5892263,-0.000205888459,-0.295052989,-0.0611116883,0,0,0.00023438534,0,2067,derived,3628,0,907,0.0581,0.00130000004,0.0576327503,0.01343747,0.00785342684,0.01343747,0.00785342684,0.0581,2488,1138,4,0.0106064646,0.012963862,0.00808026686,7643.56808,7643.56808,1.73580261e-10,898981,0.035008334,0.09392375,0.00253754109,0.38505725,0.105661917,0.51073875,0.073991708,1.83056996
173,86.5,173,62.0675276,5.76316273,18.5053001,0.00442157958,0,0,15991,81130,11754,1554,0,239,11,0,1.89261162e-10,5.93374572e-10,0,1,0,2626,0,1,11754,179.5,51.5646047,35.6085488,35.6180239,47.6952585,0.000266091255,-0.309438151,-0.0750388026,0,0,0.00023438534,0,2120,derived,3633,0,894,0.05705,0.0015,0.0578881831,0.0134962755,0.00763561727,0.0134962755,0.00763561727,0.0571334221,2497,1134,2,0.0103983689,0.011963218,0.00833482921,7662.08283,7662.08283,-2.11797246e-11,891406,0.0350214579,0.092173625,0.00268108293,0.381659042,0.117730083,0.503113042,0.070592292,1.84785054
174,87,174,61.9466954,5.72499193,18.3701107,0.00438164807,0,0,15772,79977,11566,1484,0,208,4,0,4.79766227e-10,2.79491763e-10,0,1,0,2622,0,1,11566,179.5,51.896399,34.7513599,34.7573125,46.2218405,0.000171289457,-0.330370496,-0.109343975,0,0,0.000272195814,0,2025,derived,3559,0,810,0.0582,0.0013,0.0581013614,0.0139608962,0.00789594436,0.0139608962,0.00789594436,0.0582,2593,968,1,0.0105175746,0.012627919,0.0090053417,7675.42401,7676.65527,-0.000160390319,879354,0.0358676249,0.0901712499,0.00245824992,0.375735667,0.106073625,0.515778542,0.0728511669,1.81231067
175,87.5,175,61.8255175,5.68584528,18.2319501,0.0043416726,0,0,15553,78806,11466,1536,0,219,13,2.22044605e-16,6.11318551e-10,2.27975305e-10,0,1,0,2612,0,1,11466,179.5,51.7130686,35.170369,35.1842227,46.8096231,0.000393903429,-0.319893985,-0.0948202386,0,0,0.000272353683,0,2009,derived,3565,0,805,0.0628,0.00150000006,0.0501333853,0.0128174921,0.00716515512,0.0128174921,0.00716515512,0.0628,2528,1040,6,0.0110925858,0.012256485,0.00873851254,7686.82544,7686.82544,-1.18524413e-10,871788,0.034554333,0.089187458,0.00244295795,0.373972625,0.102043792,0.506429458,0.068488291,1.78714083
176,88,176,61.7040014,5.64610331,18.0920453,0.00430264457,0,0,15352,77697,11332,1527,0,206,8,2.22044605e-16,2.59391952e-10,4.18077795e-10,0,1,0,2615,0,1,11332,179.5,51.4072751,33.7461511,33.7726384,44.9842158,0.000784899037,-0.343553009,-0.124944558,0,0,0.00026371454,0,1995,derived,3559,0,808,0.04405,0.00115000003,0.0480154784,0.0129588423,0.0071034684,0.0129588423,0.0071034684,0.0442464853,2536,1025,5,0.0105122318,0.012330913,0.00774573598,7686.8815,7696.02195,-0.00118768443,863537,0.035255291,0.088359959,0.00286787504,0.370219208,0.100348083,0.531459625,0.068566875,1.88046979
177,88.5,177,61.5821502,5.60583434,17.9506194,0.00426231251,0,0,15137,76614,11266,1578,0,226,4,2.22044605e-16,4.32628822e-10,3.09779535e-10,0,1,0,2635,0,1,11266,179.5,50.7903503,33.3214295,33.3454504,44.585405,0.000720884779,-0.343941727,-0.1221678,0,0,0.000267993885,0,2073,derived,3608,0,849,0.0402,0.000850000009,0.0400212326,0.0134794278,0.00749908683,0.0134794278,0.00749908683,0.0402,2614,992,3,0.0102813196,0.011407348,0.00705228387,7693.52534,7693.97892,-5.89527551e-05,858556,0.035172042,0.0890783339,0.00288379204,0.370350541,0.098457541,0.533785833,0.0692320419,1.84610387
178,89,178,61.4599635,5.56532549,17.8085952,0.00422109238,0,0,14942,75509,11124,1565,0,222,9,2.22044605e-16,1.90854776e-10,2.96000557e-10,0,1,0,2615,0,1,11124,179.5,50.3903904,33.0142698,33.0374928,43.8680948,0.000703421379,-0.344830044,-0.129435305,0,0,0.000264625024,0,2036,derived,3592,0,840,0.03235,0.00165000002,0.0492211842,0.0134260327,0.00746257111,0.0134260327,0.00746257111,0.03235,2665,927,1,0.00951738056,0.010691201,0.00727510469,7703.7302,7699.30529,0.000574714846,848729,0.034502583,0.085723042,0.00258570805,0.364781292,0.0971917501,0.541998709,0.066513667,1.85068004
179,89.5,179,61.3374396,5.52443967,17.665536,0.0041817432,0,0,14723,74380,10934,1526,0,198,5,0,1.11492149e-10,4.14205004e-10,0,1,0,2566,0,1,10934,179.5,50.2303912,33.2148303,33.228309,44.2152064,0.00040580457,-0.338750317,-0.119751901,0,0,0.000260124232,0,1964,derived,3521,0,777,0.04425,0.00175000007,0.0413261866,0.0131601129,0.00715556123,0.0131601129,0.00715556123,0.0444776805,2682,837,2,0.00891339212,0.011185215,0.00729658838,7714.67079,7707.78354,0.000893545186,835845,0.034319916,0.0851857089,0.002476583,0.351333167,0.0943684579,0.553308458,0.065178833,1.82147379
180,90,180,61.2145813,5.48293205,17.5206624,0.00414255509,0,0,14512,73226,10874,1569,0,217,15,0,6.94971192e-10,5.24351451e-10,0,1,0,2582,0,1,10874,179.5,49.705031,33.0009676,33.004571,43.9566124,0.000109191484,-0.336063836,-0.115650639,0,0,0.000283163984,0,1974,derived,3575,0,825,0.05205,0.0013,0.0394244111,0.0135697196,0.00751732808,0.0135697196,0.00751732808,0.0522747092,2683,892,0,0.00982399291,0.010932344,0.00707557628,7716.25509,7716.25509,-2.1916835e-10,831176,0.034532083,0.083577584,0.002346667,0.355748417,0.096977041,0.557089917,0.0658193331,1.82575563
181,90.5,181,61.091391,5.44110402,17.3749417,0.00410200248,0,0,14298,72162,10704,1509,0,189,8,0,1.59789182e-10,4.42688108e-10,0,1,0,2540,0,1,10704,179.5,49.0696798,32.2820845,32.2782021,43.5030047,-0.000120265801,-0.342117482,-0.113444293,0,0,0.000260415251,0,1944,derived,3512,0,767,0.039,0.00140000002,0.0470539162,0.013951169,0.0075686415,0.013951169,0.0075686415,0.0390187295,2756,756,1,0.00886279307,0.010034188,0.00691308456,7716.16722,7716.16722,3.18767013e-10,820047,0.0334275,0.081501125,0.00233970897,0.348335042,0.0952292921,0.561055875,0.0632212079,1.83258933
182,91,182,60.9678667,5.39910243,17.2288446,0.00406022192,0,0,14101,71097,10586,1489,0,180,8,0,1.9199442e-10,4.19733359e-10,0,1,0,2538,0,1,10586,179.5,49.5778569,32.776204,32.775984,43.8880974,-6.71213852e-06,-0.338894295,-0.114764127,0,0,0.000247060827,0,1953,derived,3508,0,756,0.05175,0.0019,0.0502567912,0.0134481715,0.00753445562,0.0134481715,0.00753445562,0.0519439441,2745,762,1,0.00789813394,0.009211769,0.0074384486,7711.91031,7714.79348,-0.000373719803,811561,0.032151834,0.0802328751,0.00273320801,0.340251792,0.0956176671,0.546064375,0.062957875,1.80725138
183,91.5,183,60.8440156,5.35598998,17.0793843,0.00402115681,0,0,13910,70044,10412,1461,0,163,6,0,5.03436404e-10,4.55494975e-10,0,1,0,2492,0,1,10412,179.5,48.9387197,33.2682769,33.2653474,43.7268154,-8.80580393e-05,-0.320205409,-0.106498584,0,0,0.000247060827,0,1920,derived,3430,0,735,0.0355,0.00130000001,0.0392016161,0.0133818783,0.00758134864,0.0133818783,0.00758134864,0.0355,2727,702,3,0.00866658357,0.010061931,0.00686348418,7706.49798,7706.49798,5.16783949e-10,798825,0.0338895,0.078624291,0.00226329197,0.337682583,0.0932636251,0.559339125,0.061448292,1.78556671
184,92,184,60.7198455,5.31267656,16.9294689,0.00398438874,0,0,13696,69041,10310,1454,0,189,4,0,7.06171788e-10,6.1071681e-10,0,1,0,2498,0,1,10310,179.5,48.5741596,33.523147,33.5155263,43.591363,-0.000227327833,-0.309856366,-0.102581223,0,0,0.000247060827,0,1915,derived,3439,0,848,0.04785,0.00150000002,0.0395000081,0.0131431486,0.00786505795,0.0131431486,0.00786505795,0.0483246856,2664,774,4,0.00900959259,0.010715699,0.00676710081,7699.62981,7699.62981,4.03836964e-10,790927,0.03329675,0.0784544999,0.00233412511,0.332750084,0.091070833,0.55790875,0.060146875,1.78565979
185,92.5,185,60.5953579,5.2688565,16.7781266,0.00394647171,0,0,13506,68058,10152,1504,0,150,6,1.11022302e-16,2.71382916e-10,5.91567906e-11,0,1,0,2495,0,1,10152,179.5,47.9365872,32.9089648,32.9122929,43.6724256,0.000101132141,-0.313489618,-0.0889542159,0,0,0.00024411131,0,1848,derived,3390,0,693,0.0359,0.00185,0.0344861074,0.0138164476,0.00825014951,0.0138164476,0.00825014951,0.0359,2778,610,4,0.00848958723,0.009931444,0.00639383189,7690.85691,7690.368,6.35746445e-05,781601,0.0331074171,0.0758288751,0.00253658299,0.329214833,0.089777083,0.58186725,0.059918083,1.82175954
186,93,186,60.4705545,5.22482389,16.626297,0.00390731587,0,0,13325,67029,10098,1515,0,186,3,0,1.20777388e-10,2.31117347e-10,0,1,0,2527,0,1,10098,179.5,47.5942483,33.3959879,33.3996268,43.7169867,0.000108961313,-0.298318828,-0.0814649177,0,0,0.00024411131,0,1898,derived,3425,0,765,0.05765,0.00105000004,0.0450332823,0.0135032696,0.00834985034,0.0135032696,0.00834985034,0.0584214768,2765,658,4,0.00782274183,0.009125805,0.00618652859,7681.79134,7680.01529,0.000231255735,777018,0.032256917,0.076731625,0.00216979091,0.326214916,0.087868541,0.586268209,0.0586145,1.81467237
187,93.5,187,60.3454369,5.18036263,16.4732948,0.0038680879,0,0,13143,66105,9934,1455,0,158,4,0,9.57001145e-11,5.7650551e-10,0,1,0,2465,0,1,9934,179.5,46.7143525,33.3788409,33.3918271,43.6802858,0.00038905384,-0.285469259,-0.0649493485,0,0,0.00027048442,0,1828,derived,3375,0,679,0.0515,0.000650000021,0.0349893775,0.0136178178,0.00870041694,0.0136178178,0.00870041694,0.0520198405,2815,558,3,0.00722962837,0.008814776,0.00585871755,7668.71202,7668.71202,-3.14821724e-10,765338,0.033286542,0.0739135001,0.00263283309,0.320925208,0.0867334161,0.619760334,0.057774625,1.85957108
188,94,188,60.220003,5.13599332,16.3207772,0.00382837385,0,0,12991,65237,9852,1404,0,164,2,2.22044605e-16,4.71171546e-10,7.8032325e-10,0,1,0,2478,0,1,9852,179.5,46.2214792,33.5953474,33.601366,43.974218,0.000179151467,-0.273165897,-0.0486194134,0,0,0.000236318474,0,1852,derived,3391,0,693,0.04955,0.000950000079,0.0507293897,0.0135783511,0.00917738604,0.0135783511,0.00917738604,0.0496496848,2837,553,3,0.00727659235,0.008343349,0.00638962013,7654.93588,7654.93588,5.52915047e-10,760765,0.0321401251,0.074901833,0.00270454097,0.318837625,0.0848669159,0.636043917,0.0579007081,1.89622912
189,94.5,189,60.0942493,5.09138721,16.1676995,0.00379048957,0,0,12785,64170,9784,1445,0,179,7,0,2.64761657e-10,3.55895646e-10,0,1,0,2479,0,1,9784,179.5,46.1722888,34.7694662,34.7834279,44.6631454,0.000401550873,-0.246962473,-0.0326850451,0,0,0.000262048001,0,1912,derived,3413,0,773,0.04585,0.002,0.0438227082,0.0138086495,0.00902978046,0.0138086495,0.00902978046,0.0460035267,2804,609,0,0.00761152146,0.008808806,0.00689962935,7633.42904,7639.45359,-0.000788610006,754568,0.032214416,0.0729068749,0.00235420803,0.317439333,0.0817939161,0.609697792,0.0563195,1.84155208
190,95,190,59.9681825,5.04606152,16.0125322,0.00375641093,0,0,12604,63269,9600,1414,0,132,12,0,6.24454932e-11,7.32482519e-10,0,1,0,2436,0,1,9600,179.5,46.2572232,33.7270002,33.7456923,43.1157725,0.000554219632,-0.270881436,-0.0679126532,0,0,0.00028101727,0,1799,derived,3340,0,727,0.04235,0.0017,0.0466690937,0.0132945503,0.00893828712,0.0132945503,0.00893828712,0.0432767824,2779,560,1,0.00894721001,0.010043435,0.00605904014,7614.72957,7614.72957,2.66031863e-10,741455,0.031975041,0.071474958,0.00214883301,0.311517083,0.082179916,0.625216459,0.0564499169,1.87884029
191,95.5,191,59.8418193,4.99974317,15.8544159,0.00372065989,0,0,12457,62512,9526,1379,0,144,3,2.22044605e-16,1.12810095e-10,5.081362e-10,0,1,0,2433,0,1,9526,179.5,45.6243751,32.7647145,32.7752551,42.705925,0.000321707047,-0.281859437,-0.0639669073,0,0,0.00028101727,0,1827,derived,3348,0,709,0.06705,0.0011,0.0556785009,0.0133951611,0.00949952566,0.0133951611,0.00949952566,0.0676366453,2826,521,1,0.0081205633,0.009091899,0.00559407349,7591.91218,7591.91218,6.26327656e-10,737152,0.033864625,0.070292542,0.00218033302,0.308790584,0.080766125,0.676873416,0.055355416,1.936449
192,96,192,59.7151702,4.95321293,15.6958323,0.0036845928,0,0,12290,61532,9446,1440,0,168,5,2.22044605e-16,3.9335557e-10,7.37179207e-10,0,1,0,2412,0,1,9446,179.5,45.6302701,32.4205369,32.4444929,41.9057168,0.000738913818,-0.28949496,-0.0816246173,0,0,0.000264396388,0,1848,derived,3362,0,812,0.0531,0.00105,0.0488492917,0.0129490486,0.00926722644,0.0129490486,0.00926722644,0.05333612,2771,591,0,0.00728392306,0.0086913,0.00586296875,7567.06149,7567.32303,-3.45615291e-05,729480,0.031854833,0.0697785,0.002149084,0.30214325,0.0791182921,0.662988667,0.054708417,1.87834833
193,96.5,193,59.5882449,4.90584154,15.5347913,0.0036512203,0,0,12111,60665,9264,1426,0,126,5,1.11022302e-16,3.36882522e-10,1.00478403e-10,0,1,0,2358,0,1,9264,179.5,44.9075027,31.6054951,31.6276265,40.793938,0.000700239428,-0.296209026,-0.0916008337,0,0,0.00023038948,0,1765,derived,3274,0,718,0.04335,0.000950000278,0.0418210666,0.012698209,0.00941069836,0.012698209,0.00941069836,0.04335,2774,500,0,0.0081021399,0.009457829,0.00556695808,7538.70131,7538.70131,4.48547866e-10,716263,0.0318733749,0.068929125,0.00200866698,0.289008541,0.078055125,0.665346041,0.054339834,1.85495042
194,97,194,59.461053,4.85828793,15.3733844,0.00361806689,0,0,11944,59847,9144,1369,0,138,3,0,2.19013474e-10,4.99465136e-10,0,1,0,2340,0,1,9144,179.5,44.3285518,31.180047,31.1991719,40.1893945,0.000613371409,-0.296614807,-0.0933745218,0,0,0.00023038948,0,1679,derived,3235,0,696,0.04375,0.00105000015,0.046613546,0.0123727606,0.00916563157,0.0123727606,0.00916563157,0.0438988927,2755,480,0,0.00794371762,0.00925354,0.00465433817,7514.38803,7508.57382,0.000774342989,707672,0.031960292,0.068231542,0.00197837502,0.286733875,0.077045833,0.673530209,0.05258725,1.88886729
195,97.5,195,59.333598,4.81041105,15.2111673,0.00358392494,0,0,11799,59032,9032,1278,0,120,7,0,5.09248865e-10,8.79643025e-11,0,1,0,2337,0,1,9032,179.5,44.1795374,30.8169999,30.8322837,40.0092721,0.000495954242,-0.302459877,-0.0943935937,0,0,0.000280576181,0,1677,derived,3211,0,696,0.04585,0.00125,0.0397299473,0.0124606281,0.00917589341,0.0124606281,0.00917589341,0.0460903833,2785,426,0,0.00723094212,0.00860065,0.00541946884,7482.02438,7482.02438,-1.62916347e-10,700124,0.03119825,0.0670014999,0.00252216705,0.28279425,0.076212417,0.704925917,0.052731542,1.91720133
196,98,196,59.2058913,4.76179641,15.0468333,0.00355116432,0,0,11643,58250,8888,1250,0,103,3,0,7.67771402e-10,5.37542677e-10,0,1,0,2290,0,1,8888,179.5,43.1929974,30.1070894,30.1104604,38.9021853,0.000111967517,-0.302963646,-0.0993404574,0,0,0.000315916936,0,1605,derived,3157,0,636,0.04805,0.00160000003,0.0524168293,0.0121709554,0.00915394595,0.0121709554,0.00915394595,0.0481418412,2757,400,0,0.00735513374,0.00884951,0.00431430484,7446.10957,7446.10957,-6.56070864e-10,690196,0.030573416,0.065470709,0.00197133294,0.278331834,0.0743703339,0.731392667,0.0524547501,1.94959129
197,98.5,197,59.0779389,4.71332393,14.8831665,0.00351596523,0,0,11494,57470,8798,1245,0,111,5,0,6.92788049e-10,9.54236024e-10,0,1,0,2266,0,1,8798,179.5,42.4880084,29.8376394,29.8386241,38.6064611,3.30045259e-05,-0.297739751,-0.0913563016,0,0,0.000284165399,0,1591,derived,3154,0,656,0.0372,0.00115,0.056833835,0.0125693198,0.00943342638,0.0125693198,0.00943342638,0.0373524922,2757,395,2,0.00687703571,0.00767139,0.00407340658,7408.31435,7409.38831,-0.000144945705,682286,0.032711208,0.0656996659,0.00190445792,0.279104417,0.073682958,0.729603375,0.050990416,1.95026554
198,99,198,58.9497377,4.66480956,14.7195847,0.00348055454,0,0,11363,56784,8696,1289,0,91,3,0,9.16218656e-10,3.95259381e-11,0,1,0,2236,0,1,8696,179.5,41.9432072,28.764071,28.7689059,37.4355989,0.000168087933,-0.314213839,-0.107469328,0,0,0.000263254752,0,1570,derived,3132,0,626,0.04095,2.92554657e-08,0.0449536124,0.0128660145,0.0102037574,0.0128660145,0.0102037574,0.0409860836,2812,318,2,0.00631670449,0.00734389,0.00391767953,7370.23668,7370.23668,2.61674682e-10,675088,0.0312068331,0.064477708,0.00210845808,0.275649167,0.072127583,0.775214875,0.051647292,2.01894717
199,99.5,199,58.82129,4.61610308,14.5556149,0.00344468215,0,0,11233,56060,8674,1317,0,113,3,0,1.14700949e-09,1.23359789e-09,0,1,0,2277,0,1,8674,179.5,41.8819505,27.9639838,27.9570303,37.1029577,-0.000248659201,-0.332314196,-0.114106262,0,0,0.000254285414,0,1599,derived,3173,0,666,0.0399,0.00095000001,0.0403959929,0.0127664482,0.00979624692,0.0127664482,0.00979624692,0.0401223729,2815,357,1,0.00594834154,0.00693271,0.00402856304,7324.14648,7330.32876,-0.000843383595,673778,0.030176125,0.063416708,0.00222912501,0.273589167,0.072706208,0.786022667,0.050680334,2.01316163
200,100,200,58.6926081,4.56667784,14.3895998,0.00340912257,0,0,11100,55340,8554,1302,0,94,0,0,2.39777198e-10,1.77590498e-10,0,1,0,2248,0,1,8554,179.5,41.5435695,27.1473331,27.1403406,36.0634583,-0.000257576423,-0.346533448,-0.131912382,0,0,0.000254285414,0,1609,derived,3142,0,674,0.0409,0.000500000018,0.0403959929,0.0129331655,0.0104637515,0.0129331655,0.0104637515,0.0411786688,2811,328,3,0.00627831474,0.00680845,0.00402437369,7280.73909,7280.73909,-2.68977507e-10,664826,0.0287291671,0.0628391251,0.00195208297,0.269149791,0.070693291,0.805708084,0.050146542,2.02015196
201,100.5,201,58.5637076,4.51685583,14.2225592,0.0033742561,0,0,10977,54744,8430,1281,0,76,1,2.22044605e-16,1.055667e-09,9.18046306e-10,0,1,0,2210,0,1,8430,179.5,40.9057454,26.7766323,26.7686471,35.3852565,-0.000298217953,-0.345406567,-0.134956323,0,0,0.000254285414,0,1565,derived,3092,0,648,0.048,0.00130000008,0.053637567,0.0128738726,0.0106707738,0.0128738726,0.0106707738,0.0480026963,2783,307,2,0.00628604594,0.00682017,0.00335803047,7237.66117,7234.80893,0.000394238263,656152,0.030163042,0.061660583,0.00205562508,0.265637333,0.0702725,0.817474042,0.049437375,2.04523913
202,101,202,58.4345953,4.46698543,14.0555925,0.00333645591,0,0,10852,54134,8308,1290,0,68,1,2.22044605e-16,3.68227893e-10,6.97614411e-10,0,1,0,2189,0,1,8308,179.5,40.205545,26.4725883,26.4660426,34.740805,-0.000247260686,-0.341568725,-0.135920058,0,0,0.000267546224,0,1459,derived,3041,0,628,0.0458,0.00135000002,0.0353512512,0.0129332543,0.0111979992,0.0129332543,0.0111979992,0.0458756729,2769,272,0,0.00475243179,0.00552995,0.00364069945,7190.35066,7190.35066,6.23673779e-10,647830,0.030187708,0.060782084,0.00178762502,0.263127875,0.0700061669,0.840092792,0.0482343751,2.07270729
203,101.5,203,58.3052707,4.41730132,13.8894378,0.00330033369,0,0,10733,53519,8228,1280,0,53,3,2.22044605e-16,1.14566667e-09,9.48108925e-10,0,1,0,2165,0,1,8228,179.5,40.1452107,26.1107843,26.1030186,34.0877401,-0.000297415576,-0.349591549,-0.150888999,0,0,0.000267546224,0,1437,derived,3029,0,632,0.0572,0.000600000007,0.0412654415,0.0128579859,0.0114978896,0.0128579859,0.0114978896,0.0577379962,2768,261,0,0.00534411293,0.00591206,0.00321220941,7145.62867,7142.47721,0.000441227848,641238,0.030151209,0.0610422499,0.00201987498,0.257680166,0.069073709,0.874139416,0.0493890831,2.10794188
204,102,204,58.1757423,4.36696332,13.7214542,0.00326386759,0,0,10611,52940,8144,1265,0,55,1,0,1.13953869e-09,7.13486492e-10,0,1,0,2160,0,1,8144,179.5,39.3679798,26.2571442,26.2466625,33.8492177,-0.000399194564,-0.333032979,-0.140184031,0,0,0.000247340966,0,1393,derived,3012,0,641,0.04565,0.000600000004,0.0493413489,0.0127929832,0.011749177,0.0127929832,0.011749177,0.0458244333,2777,235,0,0.00499480119,0.00556321,0.00288311631,7094.44849,7094.44849,-5.58394664e-10,635477,0.031644041,0.060214375,0.00198004197,0.257878875,0.068420958,0.895443,0.0475707081,2.13837008
205,102.5,205,58.0460182,4.31690351,13.5545733,0.00322667866,0,0,10524,52406,8100,1226,0,56,0,0,2.37668774e-11,1.06624998e-09,0,1,0,2184,0,1,8100,179.5,38.5765912,26.2822553,26.2762995,34.2329676,-0.000226607167,-0.318699385,-0.112597392,0,0,0.000247340966,0,1389,derived,3036,0,678,0.04935,0.000600000009,0.0569840178,0.0127026224,0.0120280429,0.0127026224,0.0120280429,0.0496125547,2801,235,0,0.00462198704,0.00508577,0.00283890404,7043.06865,7043.06865,1.02072351e-10,633007,0.0293125421,0.0593455,0.00199725002,0.256629792,0.067143834,0.93810075,0.046357208,2.2053545
206,103,206,57.9160916,4.2672093,13.3890669,0.00318919962,0,0,10413,51885,8014,1237,0,41,0,2.22044605e-16,1.24042354e-09,1.94954164e-10,0,1,0,2168,0,1,8014,179.5,38.6043424,25.998998,25.9979762,34.448129,-3.93015818e-05,-0.326526593,-0.107661811,0,0,0.000247340966,0,1385,derived,3011,0,658,0.05855,0.00175,0.0573968634,0.012505526,0.0118912522,0.012505526,0.0118912522,0.0589236901,2808,203,0,0.00419467952,0.00476918,0.00276711681,6987.70238,6991.83069,-0.000590448249,626721,0.029585792,0.057932875,0.00190604199,0.252884584,0.0667197499,0.986159125,0.046584875,2.26197883
207,103.5,207,57.7859708,4.21686934,13.2217618,0.00315250665,0,0,10330,51373,8004,1203,0,45,0,0,1.19559429e-09,1.06545706e-09,0,1,0,2189,0,1,8004,179.5,37.8203132,25.5227541,25.5254688,34.2268684,0.000106362775,-0.325157516,-0.0950136183,0,0,0.000251800781,0,1464,derived,3062,0,680,0.04655,0.00225,0.0514340404,0.0126829322,0.0119807203,0.0126829322,0.0119807203,0.0466854825,2848,214,1,0.00419916262,0.00483658,0.0027776186,6917.47693,6933.33696,-0.00228750315,626125,0.0294438329,0.0583444589,0.00202358398,0.253991334,0.0655849581,1.05942262,0.046295083,2.35147646
208,104,208,57.6556637,4.16692404,13.0559227,0.00311758492,0,0,10239,50883,7914,1135,0,24,0,0,8.71081429e-10,8.81575479e-10,0,1,0,2177,0,1,7914,179.5,37.2209847,25.0494836,25.0530809,33.3749381,0.000143607689,-0.327006423,-0.103330059,0,0,0.000251800781,0,1423,derived,3031,0,663,0.0527,0.000950000009,0.0555157004,0.0127212482,0.012373581,0.0127212482,0.012373581,0.0527632598,2866,165,1,0.00490691281,0.00525519,0.00259438039,6863.46058,6863.46058,1.41609169e-10,619972,0.0291368751,0.0575118749,0.00182408397,0.252913875,0.065054125,1.03575104,0.045782542,2.33211425
209,104.5,209,57.5251676,4.11708178,12.8906335,0.0030819646,0,0,10143,50473,7808,1106,0,20,0,2.22044605e-16,6.35761888e-10,1.40713441e-09,0,1,0,2143,0,1,7808,179.5,36.5200025,24.9162402,24.9172515,33.0198079,4.05897074e-05,-0.317737172,-0.0958432193,0,0,0.000251800781,0,1343,derived,2992,0,669,0.0555,0.000300000015,0.0581499959,0.0122777478,0.0119833217,0.0122777478,0.0119833217,0.0556259906,2826,166,0,0.00447012631,0.00479896,0.00229379265,6826.6079,6808.66834,0.00263481183,612608,0.029296458,0.056479458,0.00160783296,0.247453042,0.064073625,1.04710717,0.0458920831,2.35435079
210,105,210,57.3944815,4.06754437,12.7265246,0.00304506886,0,0,10073,50017,7798,1164,0,20,0,2.22044605e-16,4.38459713e-10,1.01015973e-09,0,1,0,2165,0,1,7798,179.5,36.1100134,24.5880776,24.5823481,32.7800356,-0.000233019668,-0.319078692,-0.0922175727,0,0,0.000251244319,0,1387,derived,3039,0,733,0.0591,0.00035,0.0579546923,0.0123871522,0.0118677601,0.0123871522,0.0118677601,0.0596751565,2862,177,0,0.00375701452,0.00414141,0.00237929242,6774.91739,6771.41576,0.000517118632,611145,0.030123458,0.0565287911,0.00173762499,0.245924042,0.0632802499,1.07341646,0.045424833,2.39285821
211,105.5,211,57.2636069,4.01801216,12.562657,0.00300956043,0,0,9988,49571,7738,1157,0,19,0,0,9.11351217e-10,7.96924082e-10,0,1,0,2155,0,1,7738,179.5,35.6636393,24.3184965,24.3108832,32.2785537,-0.000313070183,-0.318115116,-0.0949169977,0,0,0.000339058549,0,1343,derived,3028,0,740,0.05445,0.000350000034,0.0445100006,0.0123635532,0.0119149507,0.0123635532,0.0119149507,0.0548521755,2852,175,1,0.00407236554,0.0044294,0.00208312839,6718.2422,6718.2422,2.07513562e-10,606624,0.0284875,0.0557403751,0.00172829092,0.244054875,0.062900666,1.06775042,0.044705583,2.38744179
212,106,212,57.1325501,3.96849563,12.3990637,0.00297454167,0,0,9921,49189,7702,1143,0,12,0,0,2.8583802e-11,6.70900224e-10,0,1,0,2148,0,1,7702,179.5,35.156915,23.5614378,23.551205,31.2654104,-0.000434300041,-0.32982067,-0.110689593,0,0,0.000330134337,0,1347,derived,3043,0,763,0.05455,0.0009,0.0519421611,0.0123123977,0.0118035566,0.0123123977,0.0118035566,0.0549901319,2879,164,0,0.00388357447,0.00440339,0.00192724765,6659.94078,6659.94078,3.32615047e-10,604593,0.0297580841,0.055662083,0.00172983296,0.243544209,0.062398542,1.09536125,0.045272375,2.43532529
213,106.5,213,57.0013167,3.91908313,12.2360205,0.00293879631,0,0,9856,48814,7700,1182,0,22,0,0,8.29075475e-10,2.41851539e-09,0,1,0,2175,0,1,7700,179.5,34.7410731,23.34428,23.3362112,30.9168668,-0.000345646578,-0.328049541,-0.11007738,0,0,0.000303486146,0,1405,derived,3095,0,814,0.05365,0.00165000014,0.0617553466,0.0122657302,0.01181619,0.0122657302,0.01181619,0.053934879,2898,197,0,0.00361664803,0.00394736,0.00197761579,6591.64795,6600.11725,-0.00128320392,604956,0.028608333,0.0553295,0.00171724998,0.243823417,0.061872542,1.10459388,0.044003042,2.44228971
214,107,214,56.8699124,3.86971319,12.0733352,0.00290166964,0,0,9779,48429,7634,1182,0,18,0,0,6.6226824e-10,1.05733555e-09,0,1,0,2149,0,1,7634,179.5,34.0213447,23.1877502,23.1834874,30.5005744,-0.000183838654,-0.318435224,-0.103487101,0,0,0.00027486609,0,1413,derived,3084,0,819,0.05635,0.00070000002,0.0583534121,0.012226357,0.0117265715,0.012226357,0.0117265715,0.056658571,2914,169,1,0.00301317564,0.00325484,0.00251084641,6536.83629,6530.04215,0.00104044371,599522,0.028709542,0.055018333,0.00157058402,0.240836708,0.0612811251,1.12971513,0.044407709,2.48710167
215,107.5,215,56.7383355,3.82091828,11.9126672,0.00286647766,0,0,9710,48074,7612,1187,0,20,0,0,9.34308853e-10,3.50175e-10,0,1,0,2156,0,1,7612,179.5,33.3741238,22.3497819,22.3502102,29.8361048,1.91615886e-05,-0.330326032,-0.106010842,0,0,0.000252499593,0,1452,derived,3115,0,859,0.0623,0.00035000001,0.0532791208,0.0125429175,0.01184494,0.0125429175,0.01184494,0.0624132257,2937,178,0,0.00331312352,0.00374793,0.00212659513,6475.104,6475.104,-7.68235475e-10,598030,0.029331708,0.054528125,0.00173737505,0.239255042,0.060806375,1.14350825,0.044230083,2.52303754
216,108,216,56.6065785,3.77253536,11.7535039,0.00283067241,0,0,9642,47737,7554,1166,0,20,0,0,3.10684811e-12,1.38234135e-09,0,1,0,2144,0,1,7554,179.5,33.3086704,21.9603765,21.9607478,29.4868005,1.6908198e-05,-0.340700896,-0.114740993,0,0,0.000258341869,0,1387,derived,3107,0,856,0.05985,0.000700000024,0.0623088346,0.012119233,0.0115923723,0.012119233,0.0115923723,0.0606065455,2948,159,0,0.00263109094,0.00333655,0.00231432321,6413.1816,6412.81869,5.65917074e-05,594136,0.0291749999,0.053907125,0.001555625,0.237983791,0.0604614171,1.15711092,0.043592041,2.54644654
217,108.5,217,56.4746507,3.72378514,11.593417,0.00279534103,0,0,9585,47433,7532,1198,0,20,0,0,1.41416301e-09,1.4234387e-09,0,1,0,2154,0,1,7532,179.5,32.6608809,21.5900908,21.5853348,29.0196041,-0.000220286696,-0.338961773,-0.111487404,0,0,0.000258341869,0,1392,derived,3127,0,883,0.05405,0.000450000025,0.0350126157,0.0121202982,0.0115798586,0.0121202982,0.0115798586,0.054381216,2953,174,0,0.00291714024,0.00331029,0.0022578139,6347.71421,6347.71421,-7.37512384e-10,592816,0.0287790829,0.053864417,0.00161266606,0.237236333,0.0601235001,1.14657287,0.0436208751,2.54121762
218,109,218,56.3425606,3.67551968,11.4350599,0.00275935874,0,0,9529,47122,7504,1199,0,17,0,0,6.44232445e-10,2.50492738e-10,0,1,0,2136,0,1,7504,179.5,32.214217,21.1560694,21.1532861,28.6906036,-0.000131562671,-0.343269172,-0.109380694,0,0,0.000257891144,0,1403,derived,3139,0,898,0.0527,8.61308549e-10,0.0558287695,0.0124059369,0.0116737346,0.0124059369,0.0116737346,0.05288486,2981,158,0,0.00261183542,0.00288297,0.00218744722,6282.04409,6282.04409,-2.7432312e-10,590722,0.028723042,0.0536938331,0.00172104198,0.236602541,0.0594004589,1.14600975,0.043272,2.55898612
219,109.5,219,56.2103064,3.62751174,11.2777226,0.00272380325,0,0,9468,46809,7466,1230,0,23,0,0,4.38543202e-10,9.88277904e-10,0,1,0,2127,0,1,7466,179.5,31.541276,20.8557237,20.8531333,28.1762534,-0.000124204012,-0.338779964,-0.106686317,0,0,0.000276547357,0,1381,derived,3158,0,926,0.06475,1.38939508e-09,0.0515702657,0.0125488774,0.0117530438,0.0125488774,0.0117530438,0.0651018268,2992,166,0,0.0025009238,0.00284417,0.00215838571,6217.00301,6215.46823,0.000246929903,587159,0.029418916,0.0534265001,0.001602459,0.236360125,0.058662875,1.17828279,0.042826833,2.63399725
220,110,220,56.0778842,3.58010945,11.1224844,0.00268872704,0,0,9427,46559,7474,1227,0,28,0,0,4.50472215e-10,1.49831747e-09,0,1,0,2149,0,1,7474,179.5,30.9382738,20.4010488,20.3989542,27.8497856,-0.000102667087,-0.340588655,-0.0998274255,0,0,0.000276547357,0,1432,derived,3205,0,968,0.0486,0.000750000021,0.0519085006,0.0124839595,0.0116053248,0.0124839595,0.0116053248,0.0489235761,3017,188,0,0.00246245568,0.00282442,0.00209412268,6150.80786,6150.75512,8.57487256e-06,588737,0.030312583,0.053927334,0.00170841604,0.239027542,0.058566166,1.19957446,0.042675167,2.67655692
221,110.5,221,55.945286,3.5332205,10.969054,0.00265285063,0,0,9394,46330,7490,1229,0,32,0,1.11022302e-16,1.21659716e-09,1.61397162e-09,0,1,0,2172,0,1,7490,179.5,30.6108033,20.4495721,20.4482498,28.0005666,-6.46625702e-05,-0.331949183,-0.0852717477,0,0,0.000253323552,0,1524,derived,3271,0,1031,0.0478,7.9369346e-11,0.0516986872,0.0125000843,0.0115028767,0.0125000843,0.0115028767,0.0479829496,3062,208,1,0.00202703786,0.00234216,0.00243545437,6084.66089,6084.66089,-7.59427188e-10,590366,0.0282086671,0.0525548749,0.00167266699,0.237753292,0.0587112501,1.2130765,0.045275167,2.71847867
222,111,222,55.8125121,3.48650424,10.8163711,0.00261665396,0,0,9365,46131,7480,1264,0,29,0,1.11022302e-16,1.41571199e-10,9.32583344e-10,0,1,0,2175,0,1,7480,179.5,30.156453,20.0892061,20.0824013,27.5399262,-0.000338731162,-0.333833919,-0.0867650704,0,0,0.000265396332,0,1531,derived,3299,0,1064,0.04705,3.96338152e-10,0.0649157975,0.012645113,0.0117631071,0.012645113,0.0117631071,0.0474176857,3103,196,0,0.00184212991,0.00203171,0.0026722846,6017.48436,6017.48436,-1.24653288e-10,589809,0.0296405001,0.0535547909,0.00191699993,0.235033,0.0579595,1.30658775,0.0426553331,2.87563462
223,111.5,223,55.6795649,3.4402017,10.6651817,0.00258211884,0,0,9337,45947,7510,1235,0,38,0,0,1.71753722e-11,2.68809419e-10,0,1,0,2189,0,1,7510,179.5,30.026971,19.7246137,19.7163673,26.9076686,-0.000418076981,-0.343103449,-0.103883353,0,0,0.000265396332,0,1600,derived,3365,0,1123,0.04655,1.78599629e-10,0.0649157975,0.012921533,0.0118372478,0.012921533,0.0118372478,0.0470216111,3144,221,0,0.00229013898,0.00244973,0.00256056309,5950.13995,5950.13995,-7.42582329e-10,591640,0.029006666,0.0518985,0.00178500009,0.2384895,0.058307625,1.28157908,0.043070875,2.82769487
224,112,224,55.5464537,3.39375848,10.5137658,0.00254624759,0,0,9308,45770,7524,1259,0,46,0,0,1.4372481e-09,7.83247689e-10,0,1,0,2207,0,1,7524,179.5,29.5815879,19.5679072,19.5595051,26.668044,-0.000429377161,-0.338510588,-0.0984918019,0,0,0.000265396332,0,1646,derived,3424,0,1191,0.04845,6.10928785e-10,0.0564110246,0.0128153604,0.0119644415,0.0128153604,0.0119644415,0.0488890949,3178,245,1,0.00159850909,0.00176024,0.00296054067,5880.71649,5880.71649,6.50484777e-10,592551,0.028006125,0.0530735829,0.00161266595,0.239280833,0.057774291,1.31396796,0.042821208,2.90111088
225,112.5,225,55.4131873,3.34776179,10.3639424,0.00251148402,0,0,9277,45592,7528,1253,0,54,0,1.11022302e-16,8.49116222e-10,1.35467781e-09,0,1,0,2221,0,1,7528,179.5,29.1288573,19.2956684,19.2891255,26.2517263,-0.000339085315,-0.337575511,-0.0987725305,0,0,0.000265396332,0,1673,derived,3460,0,1238,0.0474,2.98820329e-08,0.0548305388,0.0129006795,0.0119985521,0.0129006795,0.0119985521,0.0477111022,3198,261,1,0.00181862926,0.00197818,0.00278327886,5811.30503,5811.30503,7.95201682e-10,592759,0.0285154589,0.052096041,0.00163333397,0.23895625,0.0578929581,1.32811558,0.042454083,2.93083808
226,113,226,55.2797639,3.30219668,10.215662,0.00247639227,0,0,9258,45459,7524,1255,0,55,0,0,9.58212842e-10,3.49244522e-10,0,1,0,2226,0,1,7524,179.5,28.6475436,19.2068175,19.2002126,25.9855152,-0.000343883272,-0.329547489,-0.0929234448,0,0,0.000256112663,0,1701,derived,3494,0,1296,0.04685,0.00165,0.0496287024,0.012836859,0.0118199451,0.012836859,0.0118199451,0.0472952889,3199,294,1,0.00150174413,0.00165727,0.00286456787,5741.87336,5741.87336,5.062879e-10,592922,0.028979791,0.0516098341,0.00164387503,0.239377459,0.0574475001,1.35815821,0.0420810001,2.96695271
227,113.5,227,55.1461802,3.25715907,10.0692178,0.00244088361,0,0,9235,45323,7538,1286,0,70,0,0,9.04550213e-10,1.3748167e-09,0,1,0,2233,0,1,7538,179.5,28.1984547,18.9612454,18.9559339,25.6879398,-0.000280126789,-0.327578562,-0.0890302293,0,0,0.000292921081,0,1725,derived,3545,0,1351,0.04785,0.0009,0.0464806489,0.0129146972,0.0119784966,0.0129146972,0.0119784966,0.048114507,3218,327,0,0.00124095835,0.00129797,0.00292339135,5672.79962,5672.79962,-8.65190919e-10,593379,0.028296125,0.0518323331,0.00172816601,0.239166917,0.0569477921,1.40842579,0.0425342909,3.05181763
228,114,228,55.0124312,3.21265657,9.92462936,0.00240596315,0,0,9218,45195,7546,1285,0,71,0,0,6.18407547e-10,4.87689666e-10,0,1,0,2232,0,1,7546,179.5,27.8023381,19.0095954,19.0053657,25.4673596,-0.00022250169,-0.316259108,-0.0839849688,0,0,0.000281008948,0,1755,derived,3593,0,1379,0.0475,0.0013,0.047062632,0.0130798093,0.0120742504,0.0130798093,0.0120742504,0.0476320471,3268,324,1,0.00111598547,0.00132253,0.00301768686,5604.15473,5604.15473,-3.89283827e-10,593687,0.028094583,0.051908375,0.0016873749,0.240231959,0.0571933331,1.42222225,0.0430489581,3.09922696
229,114.5,229,54.8785136,3.16860939,9.78164649,0.0023716102,0,0,9208,45096,7548,1290,0,63,1,0,3.54227425e-10,8.54305515e-10,0,1,0,2236,0,1,7548,179.5,27.4003528,18.7520361,18.7482784,25.1406886,-0.000200392002,-0.315627932,-0.0824684345,0,0,0.000281008948,0,1763,derived,3634,0,1404,0.0537,0.0013,0.0550458694,0.0131890922,0.0122546495,0.0131890922,0.0122546495,0.0542242411,3327,304,3,0.00128021125,0.00134077,0.002866705,5535.67276,5535.67276,9.84186066e-11,594244,0.028903167,0.051986541,0.00168295903,0.240260042,0.056440125,1.55922179,0.042947459,3.26659917
230,115,230,54.7444257,3.12502327,9.64028353,0.00233739221,0,0,9203,45024,7584,1276,0,77,1,1.11022302e-16,8.94954111e-10,1.43375867e-09,0,1,0,2252,0,1,7584,179.5,27.2003287,18.461376,18.455676,24.8187452,-0.000308752031,-0.321281144,-0.0875571583,0,0,0.000281008948,0,1813,derived,3695,0,1490,0.0552,0.0013,0.0640111629,0.0132257908,0.0122795987,0.0132257908,0.0122795987,0.0552001097,3346,346,3,0.00114432121,0.00119277,0.00272171675,5467.40842,5467.40842,7.06284142e-10,596818,0.028103458,0.053061167,0.00172570802,0.246260333,0.0557653749,1.56778008,0.043571541,3.33214413
231,115.5,231,54.6101725,3.08160179,9.49962381,0.00230222475,0,0,9198,44944,7612,1292,0,84,1,0,5.99158168e-10,1.29501787e-09,0,1,0,2263,0,1,7612,179.5,26.8550238,18.1314722,18.1218362,24.5007703,-0.000531451507,-0.324838723,-0.0876652926,0,0,0.000281008948,0,1860,derived,3753,0,1562,0.05805,0.0013,0.0640111629,0.013321124,0.0123669196,0.013321124,0.0123669196,0.0580590717,3384,367,2,0.000587574489,0.00060955,0.00320284711,5398.33469,5398.33469,-2.9547198e-10,598408,0.028745958,0.052402666,0.00170191692,0.245057958,0.056400625,1.62085254,0.04347725,3.42146242
232,116,232,54.4757586,3.03865929,9.36063447,0.00226999554,0,0,9193,44899,7638,1317,0,93,0,0,1.11942433e-09,1.46464829e-09,0,1,0,2278,0,1,7638,179.5,26.6642158,17.9678729,17.9601036,24.2562542,-0.000432399251,-0.326142833,-0.0903068591,0,0,0.000292767752,0,1905,derived,3811,0,1618,0.05805,0.0013,0.0627753401,0.0134806379,0.0125609102,0.0134806379,0.0125609102,0.0580662907,3429,378,4,0.00157060495,0.00158113,0.00242299123,5329.57783,5329.57783,-2.70536593e-10,600685,0.028441917,0.0518805,0.00206191605,0.246049458,0.0560793331,1.69954071,0.042797792,3.53602021
233,116.5,233,54.3411907,2.99581627,9.22214429,0.00223575115,0,0,9190,44844,7674,1336,0,101,0,0,6.64952315e-10,7.43932027e-10,0,1,0,2293,0,1,7674,179.5,26.3215696,17.8804352,17.8734522,24.0957035,-0.000390537852,-0.320692668,-0.0845643403,0,0,0.000264062197,0,1952,derived,3883,0,1717,0.06865,0.0008,0.0627753401,0.013671434,0.0126623987,0.013671434,0.0126623987,0.0690790717,3469,411,3,0.00055004283,0.00056095,0.00263494352,5259.80943,5259.80943,3.45839801e-10,603027,0.028086833,0.0524626659,0.00174320792,0.247944167,0.056114708,1.76636562,0.0428818749,3.63709183
234,117,234,54.2064757,2.95345924,9.08534166,0.0022017698,0,0,9187,44806,7692,1346,0,105,0,1.11022302e-16,1.3838779e-09,1.27645972e-09,0,1,0,2301,0,1,7692,179.5,25.9801308,17.6154151,17.6082647,23.7533276,-0.000405914346,-0.321965884,-0.0857117811,0,0,0.000261532721,0,1993,derived,3932,0,1776,0.06865,0.00105000002,0.0591289698,0.0137696316,0.0128281683,0.0137696316,0.0128281683,0.0690838867,3512,417,3,0.000433023317,0.00045187,0.00267444492,5190.43922,5190.43922,3.04293257e-10,604611,0.029196333,0.0521635419,0.00195449998,0.248912042,0.0558600831,1.82471,0.042886958,3.71961429
235,117.5,235,54.0716114,2.91160301,8.95026851,0.00216860441,0,0,9184,44784,7706,1338,0,110,0,0,1.43935552e-09,2.1006441e-10,0,1,0,2302,0,1,7706,179.5,25.6424665,17.4512992,17.4442113,23.4887951,-0.000406153034,-0.319437572,-0.0839884646,0,0,0.000261532721,0,2023,derived,3971,0,1832,0.0605,0.0008,0.0591289698,0.0138434377,0.0128932716,0.0138434377,0.0128932716,0.0605848354,3543,424,4,0.000567565664,0.00057184,0.00255917853,5121.53112,5121.53112,3.37512462e-10,605464,0.028760375,0.05255775,0.00180079206,0.248005208,0.055919083,1.85801896,0.04257075,3.76260425
236,118,236,53.9365962,2.87022666,8.81685706,0.00213527566,0,0,9182,44755,7726,1346,0,119,0,0,6.36418029e-10,1.51210744e-09,0,1,0,2314,0,1,7726,179.5,25.3078629,17.2633178,17.2552962,23.240452,-0.000464658526,-0.317867422,-0.081690457,0,0,0.000261532721,0,2042,derived,4025,0,1913,0.0605,0.0008,0.0729168129,0.0137460739,0.0128417872,0.0137460739,0.0128417872,0.0605049348,3565,455,5,0.000284581245,0.00028458,0.00252775527,5053.05172,5053.05172,4.54941862e-10,607010,0.0282995,0.05174275,0.00172779092,0.250154458,0.055858291,1.88773487,0.043043083,3.8473555
237,118.5,237,53.8014282,2.82936555,8.68521234,0.00210211857,0,0,9180,44733,7752,1358,0,129,0,0,2.82303292e-10,7.09877712e-10,0,1,0,2324,0,1,7752,179.5,24.9753808,17.01858,17.0111624,22.8910402,-0.000435849456,-0.318585768,-0.0834558091,0,0,0.000261532721,0,2079,derived,4092,0,2002,0.063,0.0009,0.0729168129,0.0137426572,0.0129727449,0.0137426572,0.0129727449,0.0632591443,3593,497,3,0.000134473108,0.00013447,0.00262921965,4985.16029,4985.16029,4.42275105e-11,608827,0.029219583,0.0527315841,0.00198712491,0.250344666,0.056479875,1.93379221,0.042765958,3.94757092
238,119,238,53.6661043,2.78903713,8.55538415,0.00206943967,0,0,9179,44713,7780,1369,0,137,0,0,1.50232937e-09,7.15054349e-10,0,1,0,2339,0,1,7780,179.5,24.6724232,16.8587951,16.8520735,22.67832,-0.000398699483,-0.316694799,-0.0808231597,0,0,0.000261532721,0,2114,derived,4146,0,2048,0.06235,9.45745068e-10,0.064090178,0.014005412,0.0131016658,0.014005412,0.0131016658,0.06249416,3641,501,5,0.000112848629,0.00011285,0.00258163683,4917.9294,4917.9294,-3.15432569e-10,610826,0.028816041,0.052449583,0.00172887498,0.251939209,0.055709791,1.98011267,0.0430881249,4.02192058
239,119.5,239,53.5306221,2.74919707,8.42723278,0.00203746534,0,0,9179,44700,7798,1378,0,143,0,0,5.53519897e-10,1.43122925e-09,0,1,0,2348,0,1,7798,179.5,24.3462813,16.6370277,16.6305673,22.3978272,-0.000388311251,-0.31665015,-0.0800308715,0,0,0.000261532721,0,2138,derived,4184,0,2087,0.0714,1.98697346e-10,0.064090178,0.0140960287,0.0131860911,0.0140960287,0.0131860911,0.0715392755,3668,512,5,0.000199078289,0.00019908,0.00246050135,4851.24754,4851.24754,-7.32777616e-10,612171,0.0279289159,0.0520457079,0.00169829093,0.253706709,0.055767584,2.00107746,0.043453292,4.06886079
240,120,240,53.3949797,2.709872,8.30083637,0.00200573118,0,0,9179,44685,7822,1392,0,152,0,0,3.18323812e-10,5.20509413e-10,0,1,0,2360,0,1,7822,179.5,24.0235461,16.3997635,16.3931941,22.0972296,-0.00040057709,-0.317346265,-0.0801845219,0,0,0.000261532721,0,2175,derived,4233,0,2145,0.0714,9.90506003e-11,0.068499186,0.0141389523,0.0132361925,0.0141389523,0.0132361925,0.0715329138,3688,541,5,8.18090715e-05,8.181e-05,0.00232745434,4785.23785,4785.23785,4.24246416e-10,613814,0.0300000419,0.052144125,0.00199379202,0.255492792,0.0555325,2.01343146,0.0432621669,4.10420675
241,120.5,241,53.2591741,2.67107211,8.17622236,0.00197436273,0,0,9179,44679,7832,1398,0,154,0,1.11022302e-16,1.40607315e-09,2.2840041e-10,0,1,0,2367,0,1,7832,179.5,23.7044185,16.034624,16.0290267,21.6951271,-0.000349076273,-0.323559698,-0.0847644242,0,0,0.000261532721,0,2185,derived,4263,0,2178,0.0714,4.56990558e-11,0.068499186,0.0142832576,0.0133126863,0.0142832576,0.0133126863,0.0715282347,3713,546,4,1.81825237e-05,1.818e-05,0.00226606392,4719.95312,4719.95312,7.97593991e-10,614785,0.028457833,0.052198458,0.00178129203,0.254436833,0.055531834,2.03741921,0.042699083,4.15649921
242,121,242,53.1232024,2.63279979,8.05339437,0.00194360157,0,0,9179,44669,7844,1406,0,157,0,0,2.62147859e-10,1.31480515e-09,0,1,0,2374,0,1,7844,179.5,23.3891181,15.7685132,15.7626272,21.4201631,-0.000373275687,-0.325818393,-0.0841825248,0,0,0.000261532721,0,2199,derived,4309,0,2231,0.0714,3.49248292e-11,0.068499186,0.0143867145,0.0133752638,0.0143867145,0.0133752638,0.0715180204,3752,553,4,7.21924934e-05,7.219e-05,0.00214030526,4655.45023,4655.45023,-5.54242874e-10,615465,0.028638209,0.051989416,0.00185329095,0.255163708,0.055941958,2.05807438,0.04252475,4.20888192
243,121.5,243,52.9870614,2.59504231,7.93230975,0.00191334747,0,0,9179,44667,7846,1411,0,157,0,0,5.46397594e-10,4.15141255e-10,0,1,0,2376,0,1,7846,179.5,23.0774696,15.5322819,15.5262401,21.1174545,-0.000388978489,-0.326950394,-0.0849319761,0,0,0.000261532721,0,2201,derived,4346,0,2275,0.0714,2.23193985e-11,0.068499186,0.0144557497,0.0134300097,0.0144557497,0.0134300097,0.0715066045,3789,553,4,8.36462454e-05,8.365e-05,0.0019673732,4591.70736,4591.70736,-6.19334473e-10,615693,0.028422125,0.052558,0.00168229209,0.255589417,0.0555615419,2.11153575,0.043303875,4.30188592
244,122,244,52.8507488,2.55779267,7.81294343,0.00188350424,0,0,9179,44662,7854,1416,0,165,0,0,1.11624354e-09,9.98092275e-10,0,1,0,2380,0,1,7854,179.5,22.7694058,15.3084005,15.3022237,20.8598447,-0.000403492707,-0.327676768,-0.0838652149,0,0,0.000261532721,0,2211,derived,4378,0,2316,0.0714,1.74530254e-11,0.068499186,0.0144824824,0.013467877,0.0144824824,0.013467877,0.0714957649,3809,565,4,5.19931729e-05,5.199e-05,0.00181608489,4528.72528,4528.72528,8.80407747e-10,616355,0.0293185839,0.052685958,0.00198037492,0.258048166,0.055749875,2.12513525,0.043449083,4.35048704
245,122.5,245,52.7142622,2.52104915,7.69528668,0.00185406272,0,0,9179,44661,7856,1415,0,165,0,0,1.45862844e-09,2.87023827e-09,0,1,0,2381,0,1,7856,179.5,22.4650424,15.0869041,15.0807182,20.5651962,-0.000410021521,-0.328427526,-0.0845690041,0,0,0.000261532721,0,2215,derived,4401,0,2345,0.0714,1.51708861e-11,0.068499186,0.0145190028,0.0135520121,0.0145190028,0.0135520121,0.0714864317,3831,566,4,2.07721039e-05,2.077e-05,0.00165869349,4466.5422,4466.5422,7.12387926e-10,616326,0.028420583,0.0524862079,0.00178758393,0.255899583,0.0561149591,2.14441775,0.0427915839,4.39671104
246,123,246,52.5775994,2.48480976,7.57932984,0.00182505285,0,0,9179,44658,7860,1416,0,166,0,0,7.38271444e-10,1.18332544e-09,0,1,0,2384,0,1,7860,179.5,22.1643683,14.8478073,14.8426798,20.226996,-0.000345336234,-0.330104647,-0.0874093155,0,0,0.000261532721,0,2218,derived,4433,0,2381,0.07825,1.33939998e-11,0.068499186,0.0146973382,0.013620811,0.0146973382,0.013620811,0.0783268394,3863,566,4,4.50778139e-06,4.51e-06,0.00151907757,4405.17168,4405.17168,-8.82304119e-10,616768,0.0283472909,0.052275458,0.001777875,0.255499917,0.0552479579,2.1892245,0.043113542,4.46849604
247,123.5,247,52.440758,2.44907055,7.46505736,0.00179649951,0,0,9179,44657,7862,1418,0,167,0,0,3.40961148e-10,1.73836967e-09,0,1,0,2385,0,1,7862,179.5,21.8674158,14.6369622,14.6318887,19.9388516,-0.000346617188,-0.330649663,-0.0881935123,0,0,0.000261532721,0,2222,derived,4472,0,2425,0.07825,0,0.068499186,0.0147011575,0.0136672037,0.0147011575,0.0136672037,0.0783174656,3897,571,4,4.88487943e-06,4.89e-06,0.00137958643,4344.63637,4344.63637,-9.12816378e-10,616747,0.029305333,0.0525282921,0.001742583,0.254114792,0.055598292,2.24115688,0.043316292,4.567661
248,124,248,52.303736,2.41382552,7.35244749,0.00176838453,0,0,9179,44656,7864,1418,0,168,0,0,4.53397431e-10,1.25402688e-09,0,1,0,2386,0,1,7864,179.5,21.574193,14.4407681,14.4358607,19.6777654,-0.000339832359,-0.330646197,-0.087902596,0,0,0.000261532721,0,2226,derived,4493,0,2459,0.07825,0,0.068499186,0.0146751959,0.0136748249,0.0146751959,0.0136748249,0.0783041767,3916,573,4,1.33203412e-06,1.33e-06,0.00123708052,4284.95417,4284.95417,-7.70477349e-10,616508,0.029273084,0.052797167,0.00178654201,0.256353292,0.0556221671,2.28466667,0.043005958,4.63326913
249,124.5,249,52.1665317,2.37906916,7.24148006,0.00174071187,0,0,9179,44656,7864,1418,0,168,0,0,4.53397209e-10,3.34880401e-09,0,1,0,2386,0,1,7864,179.5,21.2845971,14.2330465,14.2281942,19.3977456,-0.000340916929,-0.33129829,-0.0886486809,0,0,0.000261532721,0,2226,derived,4513,0,2485,0.07825,0,0.068499186,0.0147086551,0.0137461693,0.0147086551,0.0137461693,0.0782906887,3936,573,4,0,0,0.00109225468,4226.12099,4226.12099,-9.03715547e-10,615891,0.028824166,0.051874291,0.00177387497,0.256166209,0.0559330831,2.32271437,0.0421831249,4.68254125
250,125,250,52.0291433,2.34479575,7.13213431,0.00171347093,0,0,9179,44656,7864,1418,0,168,0,0,4.53397431e-10,4.84404405e-10,0,1,0,2386,0,1,7864,179.5,20.9986754,14.0282261,14.023428,19.1216975,-0.000342034659,-0.331947093,-0.0893855385,0,0,0.000261532721,0,2226,derived,4528,0,2506,0.07825,0,0.0738252306,0.014731995,0.0137712222,0.014731995,0.0137712222,0.0782798317,3950,574,4,0,0,0.000965420629,4168.16174,4168.16174,1.02626596e-09,614982,0.027137666,0.0522141251,0.00201345794,0.254302166,0.0554620411,2.35020567,0.042421417,4.74421487
251,125.5,251,51.8915693,2.31099946,7.0243892,0.00168665562,0,0,9179,44656,7864,1418,0,168,0,0,4.53397431e-10,3.73874931e-10,0,1,0,2386,0,1,7864,179.5,20.7163864,13.8263324,13.8215874,18.8496505,-0.000343185559,-0.332589569,-0.0901091482,0,0,0.000261532721,0,2226,derived,4549,0,2532,0.07825,0,0.0738252306,0.0148155022,0.013803098,0.0148155022,0.013803098,0.0782689832,3972,573,4,0,0,0.000811862627,4111.08244,4111.08244,8.48334736e-10,613412,0.0290161249,0.0525035829,0.00169666705,0.25496175,0.055735375,2.4133165,0.042539291,4.84425229
252,126,252,51.7538085,2.2776745,6.91822387,0.00166026302,0,0,9179,44656,7864,1418,0,168,0,0,4.53397431e-10,1.96094252e-10,0,1,0,2386,0,1,7864,179.5,20.4376513,13.6273558,13.622663,18.5815876,-0.000344366839,-0.333223003,-0.0908158991,0,0,0.000261532721,0,2226,derived,4572,0,2561,0.07825,0,0.0738252306,0.014849122,0.0138400166,0.014849122,0.0138400166,0.078263144,3993,575,4,0,0,0.000759176976,4054.87955,4054.87955,-3.89579036e-10,611659,0.028253125,0.052064208,0.00184383395,0.256682375,0.0555049999,2.45611875,0.042356541,4.90970037
253,126.5,253,51.6158599,2.24481513,6.81361771,0.0016342808,0,0,9179,44656,7864,1418,0,168,0,0,4.53397431e-10,6.06373618e-10,0,1,0,2386,0,1,7864,179.5,20.1625076,13.4313541,13.4267125,18.3175863,-0.000345580615,-0.333845055,-0.0915025696,0,0,0.000261532721,0,2226,derived,4602,0,2600,0.08115,0,0.0738252306,0.0148514162,0.0138871558,0.0148514162,0.0138871558,0.0812957896,4021,577,4,0,0,0.000604255942,3999.56961,3999.56961,-1.18282673e-09,609584,0.028879792,0.05255925,0.00180333294,0.255926666,0.056079958,2.55983637,0.0455903751,5.1021205
254,127,254,51.4777225,2.21241559,6.71064513,0.00160866098,0,0,9179,44656,7864,1418,0,168,0,0,4.53397431e-10,2.89636315e-10,0,1,0,2386,0,1,7864,179.5,19.8914397,13.2386693,13.2340775,18.0581087,-0.000346848587,-0.33445394,-0.0921668306,0,0,0.000261532721,0,2226,derived,4624,0,2629,0.08115,0,0.0738252306,0.0148873268,0.0139230664,0.0148873268,0.0139230664,0.0812957896,4043,576,5,0,0,0.000545205644,3945.25167,3945.25167,1.028581e-09,607331,0.028144208,0.051173334,0.00182749995,0.2552195,0.055467208,2.53195767,0.045576583,5.03751667
255,127.5,255,51.3393957,2.1804628,6.6114364,0.00158234776,0,0,9179,44656,7864,1418,0,168,0,0,4.53397431e-10,4.21318536e-10,0,1,0,2386,0,1,7864,179.5,19.6374054,13.0579019,13.0533563,17.8148601,-0.0003481133,-0.335049533,-0.092809884,0,0,0.000261532721,0,2226,derived,4646,0,2660,0.08115,0,0.0738252306,0.0149234927,0.0139592323,0.0149234927,0.0139592323,0.0812957896,4065,576,5,0,0,0.000478591776,3894.4421,3894.4421,6.87128132e-11,605109,0.028058167,0.05176325,0.00177387497,0.254814167,0.0560827079,2.58120996,0.0429392919,5.11925425
256,128,256,51.2008804,2.14891983,6.51579414,0.00155535541,0,0,9179,44656,7864,1418,0,168,0,0,1.0674529e-09,2.5182767e-10,0,1,0,2386,0,1,7864,179.5,19.3995593,12.8885475,12.884044,17.5871592,-0.000349422367,-0.335626786,-0.0934248068,0,0,0.000261532721,0,2226,derived,4665,0,2686,0.08115,0,0.0738252306,0.0149550906,0.0139881078,0.0149550906,0.0139881078,0.0812957896,4084,576,5,1.97818634e-06,1.98e-06,0.000446431044,3846.99625,3846.99625,2.91435764e-11,603473,0.0285170421,0.052556542,0.00174566696,0.255989834,0.0556014581,2.60847163,0.043902167,5.16322792
257,128.5,257,51.0621791,2.11777631,6.42136311,0.00152879023,0,0,9179,44656,7864,1418,0,168,0,0,1.0674529e-09,7.37843342e-10,0,1,0,2386,0,1,7864,179.5,19.1643312,12.7213308,12.7168689,17.3623724,-0.000350741577,-0.336197508,-0.0940266993,0,0,0.000261532721,0,2226,derived,4688,0,2717,0.08115,0,0.0738252306,0.0149918026,0.014029452,0.0149918026,0.014029452,0.0812957896,4106,576,6,0,0,0.000418910505,3800.19835,3800.19835,1.35988998e-10,601835,0.028673042,0.053555958,0.00208649994,0.25842425,0.05575125,2.66792167,0.042691708,5.26224258
258,129,258,50.9232944,2.08702875,6.32813264,0.00150264024,0,0,9179,44656,7864,1418,0,168,0,0,1.06745268e-09,8.12615975e-10,0,1,0,2386,0,1,7864,179.5,18.9313275,12.5562037,12.5517819,17.1404331,-0.000352156947,-0.336749963,-0.0945995193,0,0,0.000261532721,0,2226,derived,4704,0,2736,0.08115,0,0.0738252306,0.015020485,0.0140535022,0.015020485,0.0140535022,0.0812957896,4123,575,6,0,0,0.000397437223,3754.03425,3754.03425,6.77358614e-10,600565,0.0286445,0.051690917,0.00174833392,0.255653791,0.055588959,2.67709912,0.045857292,5.29162821
259,129.5,259,50.784229,2.05667343,6.23609152,0.00147690328,0,0,9179,44656,7864,1418,0,168,0,0,1.06745268e-09,1.02345377e-09,0,1,0,2386,0,1,7864,179.5,18.7006607,12.3931028,12.3887217,16.921258,-0.000353514026,-0.337290643,-0.0951518653,0,0,0.000261532721,0,2226,derived,4717,0,2761,0.08115,0,0.0738252306,0.0149867281,0.0140745462,0.0149867281,0.0140745462,0.0812957896,4134,577,6,0,0,0.000380118478,3708.48651,3708.48651,8.668255e-10,599233,0.0282096671,0.05235925,0.00179095811,0.257465208,0.056241709,2.68845787,0.043058792,5.32309837
260,130,260,50.6449858,2.0267067,6.14522864,0.00145157393,0,0,9179,44656,7864,1418,0,168,0,0,1.0674529e-09,1.29177302e-09,0,1,0,2386,0,1,7864,179.5,18.4723161,12.2319712,12.2276293,16.7047598,-0.000354963868,-0.337821463,-0.0956867733,0,0,0.000261532721,0,2226,derived,4736,0,2789,0.08115,0,0.0738252306,0.0150735612,0.0141065784,0.0150735612,0.0141065784,0.0812957896,4155,575,6,0,0,0.000366859287,3663.5355,3663.5355,-1.03320486e-09,598398,0.0287814171,0.053170417,0.00178162497,0.254294,0.0557887501,2.71637783,0.0427573749,5.37169979
261,130.5,261,50.5055677,1.99712491,6.05553294,0.00142664701,0,0,9179,44656,7864,1418,0,168,0,0,1.0674529e-09,1.3047099e-09,0,1,0,2386,0,1,7864,179.5,18.2462771,12.0727278,12.0684243,16.4908364,-0.000356470848,-0.338345692,-0.0962081564,0,0,0.000261532721,0,2226,derived,4755,0,2814,0.08115,0,0.0738252306,0.0150766734,0.0141374846,0.0150766734,0.0141374846,0.0812957896,4173,576,6,0,0,0.000356537538,3619.16032,3619.16032,9.36003941e-10,597690,0.028601833,0.052668667,0.00194274995,0.254950167,0.05553975,2.74060067,0.0427534579,5.40929667
262,131,262,50.3659778,1.96792444,5.96699346,0.00140211706,0,0,9179,44656,7864,1418,0,168,0,0,1.06745268e-09,7.24555305e-10,0,1,0,2386,0,1,7864,179.5,18.0225311,11.9153129,11.9110474,16.2793997,-0.00035798487,-0.338865736,-0.0967195667,0,0,0.000261532721,0,2226,derived,4774,0,2842,0.08115,0,0.0738252306,0.0150512408,0.014170037,0.0150512408,0.014170037,0.0812957896,4191,577,6,0,0,0.000350474164,3575.34126,3575.34126,1.04462039e-09,597145,0.0286697911,0.0522565,0.00175820792,0.254745917,0.055567209,2.75128729,0.042557167,5.44834942
263,131.5,263,50.2262193,1.93910171,5.87959932,0.00137797901,0,0,9179,44656,7864,1418,0,168,0,0,1.06745268e-09,7.1700812e-10,0,1,0,2386,0,1,7864,179.5,17.8010618,11.7596525,11.755423,16.070352,-0.000359656732,-0.339384771,-0.0972250878,0,0,0.000261532721,0,2226,derived,4786,0,2859,0.08115,0,0.0738252306,0.0150714031,0.0141901993,0.0150714031,0.0141901993,0.0812957896,4203,577,6,0,0,0.00034734803,3532.05894,3532.05894,-8.50078452e-10,596987,0.028066625,0.052090708,0.001881334,0.255296833,0.055317166,2.77593871,0.042686833,5.49368358
264,132,264,50.0862954,1.91065314,5.79333971,0.00135422767,0,0,9179,44656,7864,1418,0,168,0,0,1.06745268e-09,3.11328407e-10,0,1,0,2386,0,1,7864,179.5,17.581855,11.6056935,11.6015007,15.8636185,-0.00036127323,-0.339905058,-0.0977278268,0,0,0.000261532721,0,2226,derived,4799,0,2880,0.07825,0,0.0738252306,0.015065985,0.0142117881,0.015065985,0.0142117881,0.07825,4215,578,6,0,0,0.00034477579,3489.29628,3489.29628,1.01503872e-09,596761,0.028568041,0.0524699159,0.00175104197,0.256302125,0.0560094171,2.89440771,0.043274084,5.63306233
265,132.5,265,49.9462095,1.88257521,5.7082039,0.00133085786,0,0,9179,44656,7864,1418,0,168,0,0,1.06745268e-09,1.35017619e-09,0,1,0,2386,0,1,7864,179.5,17.3648973,11.4533841,11.4492276,15.6591297,-0.000362906385,-0.34042892,-0.0982307945,0,0,0.000261532721,0,2226,derived,4814,0,2899,0.07825,0,0.0738252306,0.0150908852,0.0142366884,0.0150908852,0.0142366884,0.07825,4230,578,6,0,0,0.000342301801,3447.03833,3447.03833,-1.15400467e-10,596547,0.028587583,0.05285975,0.00206395797,0.256362208,0.0557060421,2.81034204,0.043880875,5.55209617
266,133,266,49.805965,1.8548644,5.62418126,0.00130786466,0,0,9179,44656,7864,1418,0,168,0,0,1.06745268e-09,6.20145046e-10,0,1,0,2386,0,1,7864,179.5,17.150173,11.3026728,11.2985513,15.4568164,-0.000364646274,-0.340958674,-0.0987370013,0,0,0.000261532721,0,2226,derived,4826,0,2920,0.07825,0,0.0738252306,0.0151111914,0.0142569945,0.0151111914,0.0142569945,0.07825,4242,576,8,0,0,0.000340232946,3405.27174,3405.27174,1.31960243e-09,596530,0.028818083,0.052481625,0.00171804102,0.256897417,0.0559644999,2.82647175,0.042380208,5.58572463
267,133.5,267,49.6655655,1.82751723,5.5412612,0.00128524287,0,0,9179,44656,7864,1418,0,168,0,0,1.0674529e-09,7.14219905e-10,0,1,0,2386,0,1,7864,179.5,16.9376705,11.1535158,11.1494295,15.2566277,-0.000366369967,-0.34149647,-0.0992487579,0,0,0.000261532721,0,2226,derived,4840,0,2942,0.07825,0,0.0738252306,0.0151348632,0.0142806664,0.0151348632,0.0142806664,0.07825,4256,576,8,0,0,0.000338225074,3363.98597,3363.98597,4.73564965e-10,596392,0.028278416,0.052149,0.00191062503,0.256029625,0.055835,2.84548854,0.042311709,5.61422071
268,134,268,49.5250145,1.80053023,5.45943324,0.00126298767,0,0,9179,44656,7864,1418,0,168,0,0,1.06745268e-09,1.3609559e-09,0,1,0,2386,0,1,7864,179.5,16.7273741,11.0058838,11.0018301,15.0585104,-0.000368317161,-0.342043545,-0.0997684238,0,0,0.000261532721,0,2226,derived,4850,0,2956,0.07825,0,0.0738252306,0.0151518586,0.0142976617,0.0151518586,0.0142976617,0.07825,4266,576,8,0,0,0.000336426173,3323.1714,3323.1714,-6.40187015e-10,596360,0.028472583,0.0528115419,0.00171308301,0.256776083,0.055693625,3.04081583,0.042945917,5.88496679
269,134.5,269,49.3843157,1.77389997,5.37868695,0.0012410941,0,0,9179,44656,7864,1418,0,168,0,0,1.0674529e-09,9.88059523e-10,0,1,0,2386,0,1,7864,179.5,16.5192712,10.8597517,10.8557317,14.8624396,-0.000370178471,-0.342601039,-0.100296892,0,0,0.000261532721,0,2226,derived,4868,0,2981,0.0714,0,0.0738252306,0.0151815917,0.0143273948,0.0151815917,0.0143273948,0.0714,4284,576,8,0,0,0.000334682226,3282.82043,3282.82043,-4.546854e-10,596133,0.0284587081,0.0544432079,0.00185170805,0.259070584,0.056667708,2.97836067,0.042566417,5.91461979
270,135,270,49.2434729,1.74762303,5.29901198,0.00121955723,0,0,9179,44656,7864,1418,0,168,0,0,1.06745268e-09,1.49623425e-10,0,1,0,2386,0,1,7864,179.5,16.313349,10.7150882,10.7111007,14.6683704,-0.000372132623,-0.343170544,-0.100836356,0,0,0.000261532721,0,2226,derived,4878,0,2993,0.0714,0,0.0738252306,0.0151980183,0.0143438214,0.0151980183,0.0143438214,0.0714,4294,576,8,0,0,0.000333065329,3242.92672,3242.92672,-1.4661059e-09,596022,0.028396792,0.05370475,0.00175058306,0.255750166,0.0560979591,2.8780885,0.045483958,5.70699858
271,135.5,271,49.1024897,1.72169603,5.22039806,0.00119837236,0,0,9179,44656,7864,1418,0,168,0,0,1.06745268e-09,1.09989151e-09,0,1,0,2386,0,1,7864,179.5,16.1095931,10.5718798,10.567924,14.4762824,-0.000374185798,-0.343752525,-0.101387459,0,0,0.000261532721,0,2226,derived,4892,0,3008,0.0714,0,0.0738252306,0.0151710255,0.0143668608,0.0151710255,0.0143668608,0.0714,4307,577,8,0,0,0.000331509556,3203.4845,3203.4845,-6.16072415e-10,595848,0.027781958,0.053184042,0.00176366698,0.256654458,0.056269333,2.89745275,0.042996875,5.72991162
272,136,272,48.9613702,1.6961156,5.14283499,0.00117753451,0,0,9179,44656,7864,1418,0,168,0,0,1.06745268e-09,4.02837763e-10,0,1,0,2386,0,1,7864,179.5,15.9079931,10.4301068,10.4261824,14.2861477,-0.000376257419,-0.34434804,-0.101951603,0,0,0.000261532721,0,2226,derived,4903,0,3021,0.0714,0,0.0738252306,0.0151903117,0.014386147,0.0151903117,0.014386147,0.0714,4318,577,8,0,0,0.000330039359,3164.48962,3164.48962,1.25157729e-09,595789,0.028925791,0.052302917,0.00208054204,0.256416625,0.0554514161,2.9159425,0.0433605,5.75610167
273,136.5,273,48.8201181,1.6708784,5.06631264,0.00115703911,0,0,9179,44656,7864,1418,0,168,0,0,1.0674529e-09,3.82502252e-10,0,1,0,2386,0,1,7864,179.5,15.7085341,10.2897599,10.285866,14.0979643,-0.000378422604,-0.344957343,-0.102528333,0,0,0.000261532721,0,2226,derived,4911,0,3033,0.0714,0,0.0738252306,0.0152040843,0.0143999196,0.0152040843,0.0143999196,0.0714,4326,577,8,0,0,0.000329022147,3125.93766,3125.93766,-1.57082614e-09,595732,0.0281890839,0.0523198331,0.00175458298,0.256592375,0.055529125,2.92766092,0.043094291,5.78607129
274,137,274,48.6787375,1.64598108,4.99082084,0.00113688137,0,0,9179,44656,7864,1418,0,168,0,0,1.06745268e-09,9.82096071e-10,0,1,0,2386,0,1,7864,179.5,15.5115649,10.1508023,10.1469382,13.9117123,-0.000380673181,-0.345597792,-0.103139342,0,0,0.000261532721,0,2226,derived,4919,0,3040,0.0714,0,0.0738252306,0.0152175369,0.0144133722,0.0152175369,0.0144133722,0.0714,4334,577,8,0,0,0.000328554828,3087.8252,3087.8252,9.12345755e-10,595553,0.0283684169,0.0521741661,0.001762709,0.255580708,0.0554969159,4.29412021,0.04297925,7.164683
275,137.5,275,48.5372325,1.62141745,4.91634086,0.00111705665,0,0,9179,44656,7864,1418,0,168,0,0,1.06745268e-09,4.63854843e-10,0,1,0,2386,0,1,7864,179.5,15.319182,10.0131813,10.0093464,13.7272725,-0.00038298416,-0.346363189,-0.10391609,0,0,0.000261532721,0,2226,derived,4923,0,3047,0.0714,0,0.0738252306,0.0152239075,0.0144197427,0.0152239075,0.0144197427,0.0714,4338,576,9,0,0,0.000328121838,3050.13836,3050.13836,1.41223411e-09,595399,0.028212291,0.051969375,0.00206112501,0.253959792,0.055547958,2.94021388,0.0453470841,5.85163717
276,138,276,48.3956073,1.59718267,4.84285797,0.00109756045,0,0,9179,44656,7864,1418,0,168,0,0,1.0674529e-09,1.09641007e-09,0,1,0,2386,0,1,7864,179.5,15.1287073,9.87687823,9.87307194,13.5446348,-0.00038537407,-0.34714328,-0.104706402,0,0,0.000261532721,0,2226,derived,4930,0,3052,0.0714,0,0.0738252306,0.0152357408,0.0143729883,0.0152357408,0.0143729883,0.0714,4345,576,9,0,0,0.000327400987,3012.86805,3012.86805,-1.43979384e-10,595358,0.0281545001,0.052181917,0.00182212505,0.255971417,0.055507833,2.975278,0.0429597091,5.85904788
277,138.5,277,48.2538666,1.57327381,4.77036329,0.0010783881,0,0,9179,44656,7864,1418,0,168,0,0,1.06745268e-09,1.07191833e-09,0,1,0,2386,0,1,7864,179.5,14.9401386,9.74188635,9.738108,13.3637906,-0.000387845763,-0.34793869,-0.105510936,0,0,0.000261532721,0,2226,derived,4931,0,3052,0.0714,0,0.0738252306,0.0152374578,0.0142011459,0.0152374578,0.0142011459,0.0714,4346,575,10,0,0,0.00032695408,2976.01306,2976.01306,1.59467239e-09,595224,0.028283334,0.0519103339,0.00179595803,0.2567385,0.0554369589,3.01184017,0.042590541,7.23525725
278,139,278,48.1120148,1.54968793,4.69884795,0.00105953527,0,0,9179,44656,7864,1418,0,168,0,0,1.06745268e-09,5.61311886e-10,0,1,0,2386,0,1,7864,179.5,14.7534698,9.60710266,9.60335195,13.1832408,-0.000390409822,-0.348824189,-0.106431166,0,0,0.000261532721,0,2226,derived,4931,0,3051,0.0714,0,0.0738252306,0.0150647507,0.0139147363,0.0150647507,0.0139147363,0.0714,4345,575,11,0,0,0.000326538237,2939.25136,2939.25136,1.69635195e-10,595209,0.028638292,0.053064459,0.00202916702,0.254940833,0.055672042,2.98069337,0.04305725,5.87509796
279,139.5,279,47.9700564,1.52642212,4.6283031,0.00104099737,0,0,9179,44656,7864,1418,0,168,0,0,1.0674529e-09,2.80560908e-10,0,1,0,2386,0,1,7864,179.5,14.5686986,9.47487475,9.47115061,13.0061781,-0.000393054091,-0.349641652,-0.107251892,0,0,0.000261532721,0,2226,derived,4930,0,3044,0.06065,0,0.0640396371,0.014842995,0.0137778567,0.014842995,0.0137778567,0.06065,4342,576,12,0,0,0.000326174685,2903.27081,2903.27081,-9.2048591e-13,595056,0.028786083,0.052588,0.00181058398,0.255366834,0.055626875,3.00631737,0.0435507499,5.89602333
280,140,280,47.8279959,1.50347347,4.55871993,0.00102277005,0,0,9179,44656,7864,1418,0,168,0,0,1.0674529e-09,4.96232055e-10,0,1,0,2386,0,1,7864,179.5,14.3858201,9.34391366,9.34021543,12.8308507,-0.000395789935,-0.350477515,-0.108090427,0,0,0.000261532721,0,2226,derived,4927,0,3040,0.06065,0,0.0640396371,0.0146336307,0.0137795874,0.0146336307,0.0137795874,0.06065,4339,576,14,0,0,0.000325839642,2867.69496,2867.69496,-4.56396365e-10,594907,0.0280424999,0.052891709,0.00222691603,0.255319208,0.055692791,2.98636458,0.046492959,5.86815721
281,140.5,281,47.6858379,1.48083909,4.49008966,0.00100484893,0,0,9179,44656,7864,1418,0,168,0,0,1.06745268e-09,4.90100072e-10,0,1,0,2386,0,1,7864,179.5,14.2048306,9.21421595,9.21054297,12.6572545,-0.00039862081,-0.351332219,-0.108947171,0,0,0.000261532721,0,2226,derived,4919,0,3027,0.06065,0,0.0640396371,0.0144704515,0.0137303164,0.0144704515,0.0137303164,0.06065,4332,576,14,0,0,0.000325537714,2832.52358,2832.52358,7.19494686e-10,594762,0.027700125,0.052280125,0.00175070798,0.253546584,0.0563202079,2.98621287,0.044956958,5.853494
282,141,282,47.5435869,1.4585161,4.42240353,0.000987229588,0,0,9179,44656,7864,1418,0,168,0,0,1.06745268e-09,1.49338053e-09,0,1,0,2386,0,1,7864,179.5,14.0257269,9.08577863,9.08213024,12.485386,-0.000401550233,-0.352206221,-0.109822535,0,0,0.000261532721,0,2226,derived,4909,0,3006,0.06065,0,0.0640396371,0.014249591,0.0135243385,0.014249591,0.0135243385,0.06065,4325,573,16,0,0,0.000325258227,2797.75659,2797.75659,-7.05236314e-10,594704,0.028402708,0.052706333,0.00177691609,0.256417708,0.056852541,2.96813846,0.042548875,5.83427004
283,141.5,283,47.4012475,1.4365016,4.35565281,0.000969907831,0,0,9179,44656,7864,1418,0,168,0,0,1.0674529e-09,1.26931665e-09,0,1,0,2386,0,1,7864,179.5,13.8485036,8.95859729,8.95497281,12.3152397,-0.000404581761,-0.353099979,-0.110716937,0,0,0.000261532721,0,2226,derived,4901,0,2971,0.06065,0,0.0640396371,0.0140424059,0.0133846283,0.0140424059,0.0133846283,0.06065,4319,570,17,0,0,0.000325001933,2763.39344,2763.39344,-1.58288194e-09,594745,0.028049292,0.052289584,0.00178983307,0.253062958,0.055499083,2.95447917,0.042930875,5.82667838
284,142,284,47.2588245,1.41478401,4.29179919,0.000951986163,0,0,9179,44656,7864,1418,0,168,0,0,1.0674529e-09,1.22760213e-09,0,1,0,2386,0,1,7864,179.5,13.6858173,8.84107917,8.83747518,12.1582801,-0.000407642161,-0.353996989,-0.111614614,0,0,0.000261532721,0,2226,derived,4883,0,2922,0.06065,0,0.0640396371,0.0137696144,0.0131113369,0.0137696144,0.0131113369,0.06065,4306,564,19,0,0,0.000324762901,2731.90212,2731.90212,-7.6119111e-12,594700,0.027927208,0.0517640411,0.00188154203,0.254925083,0.055278208,2.95860529,0.043569708,5.79593083
285,142.5,285,47.1163243,1.39334115,4.22982757,0.000933875982,0,0,9179,44656,7864,1418,0,168,0,0,1.0674529e-09,2.90630742e-10,0,1,0,2386,0,1,7864,179.5,13.5315271,8.729126,8.72554039,12.0089244,-0.000410764087,-0.354904592,-0.112522604,0,0,0.000261532721,0,2226,derived,4866,0,2867,0.06065,0,0.0640396371,0.0133157044,0.0127646547,0.0133157044,0.0127646547,0.06065,4288,566,20,0,0,0.000324541549,2702.08449,2702.08449,-8.09293743e-11,594753,0.028597792,0.0521553339,0.00180683297,0.254431917,0.055301417,2.92981196,0.0428699161,5.76428287
286,143,286,46.9737548,1.37216718,4.16858637,0.000916074247,0,0,9179,44656,7864,1418,0,168,0,0,1.0674529e-09,6.01430017e-10,0,1,0,2386,0,1,7864,179.5,13.3784091,8.61793214,8.61436437,11.8606225,-0.000413993687,-0.355832813,-0.113450456,0,0,0.000261532721,0,2226,derived,4847,0,2809,0.06065,0,0.0640396371,0.0131298596,0.0124293643,0.0131298596,0.0124293643,0.06065,4274,562,20,0,0,0.000324334279,2672.53276,2672.53276,1.36557898e-09,594664,0.0283830001,0.052276792,0.00172170904,0.253555292,0.055776875,2.90975646,0.0456240841,5.73885633
287,143.5,287,46.8311235,1.35126042,4.10807176,0.000898578568,0,0,9179,44656,7864,1418,0,168,0,0,1.0674529e-09,1.11210952e-09,0,1,0,2386,0,1,7864,179.5,13.2264454,8.5074858,8.50393534,11.7133583,-0.000417334476,-0.356782146,-0.114398616,0,0,0.000261532721,0,2226,derived,4820,0,2738,0.06065,0,0.0640396371,0.012686976,0.0123215739,0.012686976,0.0123215739,0.06065,4246,563,23,0,0,0.000324141312,2643.24417,2643.24417,-8.97763974e-10,594632,0.0280354579,0.0520707091,0.00178575004,0.253833416,0.0556610411,2.88022663,0.043918208,5.67368667
288,144,288,46.6884384,1.33061919,4.04827996,0.000881385814,0,0,9179,44656,7864,1418,0,168,0,0,1.0674529e-09,6.76840695e-10,0,1,0,2386,0,1,7864,179.5,13.0756293,8.39778247,8.39424877,11.5671261,-0.000420789854,-0.357753095,-0.115367539,0,0,0.000261532721,0,2226,derived,4788,0,2649,0.06065,0,0.0640396371,0.0123456117,0.0119100276,0.0123456117,0.0119100276,0.06065,4221,550,29,0,0,0.000323960177,2614.21814,2614.21814,5.84230664e-10,594721,0.028010458,0.0519792499,0.00174441701,0.255194916,0.055730792,3.08293592,0.0434487921,6.04926696
289,144.5,289,46.5457072,1.31024183,3.98920714,0.000864489778,0,0,9179,44656,7864,1418,0,168,0,0,1.0674529e-09,4.91409358e-10,0,1,0,2386,0,1,7864,179.5,12.9259999,8.28884702,8.28532954,11.4219606,-0.000424363006,-0.358746164,-0.116357676,0,0,0.000261532721,0,2226,derived,4759,0,2578,0.06065,0,0.0640396371,0.0121181884,0.0117837117,0.0121181884,0.0117837117,0.06065,4200,546,26,0,0,0.000323790937,2585.46326,2585.46326,1.62346869e-09,594747,0.0282587081,0.052033708,0.00179949997,0.257087083,0.0552261251,2.84241242,0.045532,5.60018467
290,145,290,46.4029375,1.29012667,3.93084952,0.000847890606,0,0,9179,44656,7864,1418,0,168,0,0,1.0674529e-09,4.83263873e-10,0,1,0,2386,0,1,7864,179.5,12.7775024,8.18064424,8.17714246,11.2778133,-0.000428056655,-0.35976187,-0.1173695,0,0,0.000261532721,0,2226,derived,4717,0,2469,0.06065,0,0.0640396371,0.0118756841,0.0115406043,0.0118756841,0.0115406043,0.06065,4163,539,28,0,0,0.000323631787,2556.96938,2556.96938,1.41323886e-09,594956,0.028098667,0.052570041,0.00177045807,0.254933375,0.055727416,2.77314783,0.045518584,5.49014008
291,145.5,291,46.2601371,1.27027202,3.87320327,0.000831579652,0,0,9179,44656,7864,1418,0,168,0,0,1.0674529e-09,1.85923055e-10,0,1,0,2386,0,1,7864,179.5,12.6302137,8.07322385,8.06973727,11.134753,-0.000431869742,-0.360800692,-0.118403438,0,0,0.000261532721,0,2226,derived,4663,0,2286,0.06065,0,0.0640396371,0.0115329914,0.0111371437,0.0115329914,0.0111371437,0.06065,4115,536,31,0,0,0.000323482814,2528.75269,2528.75269,7.7206197e-10,595361,0.0279303751,0.05177325,0.00185741705,0.254750875,0.055530917,2.73401079,0.045620708,5.39536208
292,146,292,46.1173135,1.25067621,3.81626456,0.000815557664,0,0,9179,44656,7864,1418,0,168,0,0,1.0674529e-09,1.43618784e-09,0,1,0,2386,0,1,7864,179.5,12.4840699,7.96654604,7.96307429,10.9927238,-0.000435791607,-0.361863071,-0.119459931,0,0,0.000261532721,0,2226,derived,4599,0,2030,0.06065,0,0.0591289698,0.0109032096,0.0106417892,0.0109032096,0.0106417892,0.06065,4062,525,38,0,0,0.000323342554,2500.80111,2500.80111,-1.0035518e-09,595903,0.027878041,0.052212666,0.00178608403,0.255020667,0.0558643751,2.69900313,0.043402708,5.32218754
293,146.5,293,45.9744744,1.23133755,3.76002957,0.000799818174,0,0,9179,44656,7864,1418,0,168,0,0,1.0674529e-09,1.18517485e-09,0,1,0,2386,0,1,7864,179.5,12.3391166,7.86063935,7.85718207,10.8517652,-0.000439822582,-0.362949585,-0.120539534,0,0,0.000261532721,0,2226,derived,4470,0,1743,0.06065,0,0.0591289698,0.0104622317,0.0102865275,0.0104622317,0.0102865275,0.06065,3982,482,44,0,0,0.000323211142,2473.12431,2473.12431,-8.4254459e-10,596404,0.0291834581,0.051652334,0.00176162494,0.255731625,0.0558951671,2.58394979,0.0455639589,5.12356029
294,147,294,45.8316272,1.21225435,3.70449443,0.000784358418,0,0,9179,44656,7864,1418,0,168,0,0,1.06745268e-09,1.09089604e-09,0,1,0,2386,0,1,7864,179.5,12.1953434,7.75549597,7.75205281,10.7118666,-0.000443964144,-0.364060876,-0.121642888,0,0,0.000261532721,0,2226,derived,4247,0,1416,0.06065,0,0.0591289698,0.00986030282,0.00974226239,0.00986030282,0.00974226239,0.06065,3832,418,68,0,0,0.000323087333,2445.72065,2445.72065,-1.17424603e-09,596248,0.0277220421,0.052379917,0.00174179196,0.254394583,0.055687708,2.47628737,0.0433669579,4.90071758
295,147.5,295,45.6887794,1.19342493,3.64965529,0.000769175328,0,0,9179,44656,7864,1418,0,168,0,0,1.0674529e-09,9.93866212e-10,0,1,0,2386,0,1,7864,179.5,12.0527447,7.65111151,7.64768215,10.5730218,-0.00044821751,-0.365197581,-0.122770622,0,0,0.000261532721,0,2226,derived,3811,0,1042,0.06065,0,0.0591289698,0.00885905981,0.00877346064,0.00885905981,0.00877346064,0.06065,3507,339,124,0,0,0.000322971286,2418.58952,2418.58952,-2.05224615e-09,595022,0.0282485,0.051903708,0.00180074992,0.254951666,0.055729125,2.27604196,0.043543208,4.54402908
296,148,296,45.5459386,1.17484758,3.59550827,0.000754262865,0,0,9179,44656,7864,1418,0,168,0,0,1.06745268e-09,4.77048401e-11,0,1,0,2386,0,1,7864,179.5,11.9113619,7.54751136,7.54409548,10.4352658,-0.000452583609,-0.366360333,-0.123923362,0,0,0.000261532721,0,2226,derived,3033,0,578,0.06065,0,0.0557572769,0.00691119011,0.00687371296,0.00691119011,0.00687371296,0.06065,2861,268,252,0,0,0.000322861929,2391.73969,2391.73969,-9.21116516e-10,591496,0.027645792,0.052095375,0.00179145799,0.252723625,0.056448417,1.84865138,0.046068541,3.8414675
297,148.5,297,45.403112,1.15652061,3.54204947,0.000739620811,0,0,9179,44656,7864,1418,0,168,0,0,1.06745268e-09,1.12855647e-09,0,1,0,2386,0,1,7864,179.5,11.7711453,7.4446634,7.44126072,10.2985543,-0.000457063007,-0.367549781,-0.125101758,0,0,0.000261532721,0,2226,derived,2016,0,251,0.02725,0,0.0525289463,0.00434728972,0.0043457654,0.00434728972,0.0043457654,0.0272500001,1950,254,379,0,0,0.000322759433,2365.16177,2365.16177,-6.82589874e-10,584865,0.0277717911,0.0524456251,0.00192250009,0.254716042,0.055795625,1.243003,0.043533584,2.812339
298,149,298,45.2603071,1.13844229,3.48927498,0.000725241086,0,0,9179,44656,7864,1418,0,168,0,0,1.06745268e-09,1.13165444e-09,0,1,0,2386,0,1,7864,179.5,11.6321697,7.34261446,7.3392247,10.1629518,-0.000461655885,-0.368766565,-0.126306441,0,0,0.000261532721,0,2226,derived,1160,0,83,0.0217526846,0,0.0447448421,0.00226025185,0.00225703459,0.00226025185,0.00225703459,0.0217526846,1143,292,488,0,0,0.000322662874,2338.87132,2338.87132,1.09790754e-09,559278,0.028383041,0.053255916,0.00176866597,0.254916916,0.0552375,0.722624667,0.043753583,1.88149871
299,149.5,299,45.1175311,1.12061092,3.43718085,0.000711123942,0,0,9179,44656,7864,1418,0,168,0,0,1.06745268e-09,8.36686276e-12,0,1,0,2386,0,1,7864,179.5,11.4943783,7.24132785,7.23795077,10.0284072,-0.00046636195,-0.370011353,-0.127538092,0,0,0.000261532721,0,2226,derived,506,0,19,0.014667239,0,0.0170157035,0.000873092176,0.000869874917,0.000873092176,0.000869874917,0.014667239,506,307,543,0,0,0.000322572419,2312.85744,2312.85744,1.70366832e-10,553876,0.028232667,0.052027916,0.00189654098,0.255312125,0.0559413331,0.308668458,0.0424457079,1.07776542
300,150,300,44.9747911,1.10302476,3.3857631,0.000697263298,0,0,9179,44656,7864,1418,0,168,0,0,1.0674529e-09,2.84761548e-10,0,1,0,2386,0,1,7864,179.5,11.3578154,7.14083105,7.13746646,9.89495843,-0.000471176535,-0.371284811,-0.128797389,0,0,0.000261532721,0,2226,derived,171,0,2,0.0132026541,0,0.0132284712,0.000289264586,0.000286047327,0.000289264586,0.000286047327,0.0132026541,172,310,552,0,0,0.000322487273,2287.12955,2287.12955,2.06358508e-09,551065,0.026668333,0.051470709,0.00183004106,0.253033125,0.0559141671,0.104971,0.042657416,0.657636791
301,150.5,301,44.8320945,1.08568208,3.33501774,0.000683656281,0,0,9179,44656,7864,1418,0,168,0,0,1.06745268e-09,8.29948332e-10,0,1,0,2386,0,1,7864,179.5,11.2224742,7.0411204,7.03776902,9.76259781,-0.000475972591,-0.37258752,-0.130085078,0,0,0.000261532721,0,2226,derived,0,0,0,0,0,0,3.21725908e-06,0,3.21725908e-06,0,0.00232836109,1,310,552,0,0,0.000322407584,2261.68683,2261.68683,8.18732637e-10,549381,0.0280321251,0.052077584,0.00186087505,0.254464959,0.055222375,0.000321625033,0.0428776251,0.44715475
302,151,302,44.6894482,1.06858114,3.28494075,0.000670299902,0,0,9179,44656,7864,1418,0,168,0,0,1.06745268e-09,1.29293043e-09,0,1,0,2386,0,1,7864,179.5,11.0883504,6.9421917,6.93885338,9.63132114,-0.000480874283,-0.373920248,-0.131401809,0,0,0.000261532721,0,2226,derived,0,0,0,0,0,0,3.21725908e-06,0,3.21725908e-06,0,0.00232836109,1,310,552,0,0,0.000322332668,2236.52884,2236.52884,1.53963509e-10,549084,0.0278457501,0.0534362501,0.00184862502,0.254487792,0.0560463329,0.000254584011,0.043899166,0.452835959
303,151.5,303,44.5468593,1.05172019,3.23552809,0.000657188337,0,0,9179,44656,7864,1418,0,168,0,0,1.06745268e-09,8.45301384e-10,0,1,0,2386,0,1,7864,179.5,10.9554863,6.84408015,6.84075486,9.50117343,-0.000485863786,-0.375282855,-0.132747454,0,0,0.000261532721,0,2226,derived,0,0,0,0,0,0,3.21725908e-06,0,3.21725908e-06,0,0.00232836109,1,310,552,0,0,0.000322262637,2211.66459,2211.66459,-1.12436149e-09,548899,0.028749125,0.051990125,0.00172575004,0.253788042,0.055320959,0.000253083068,0.04192375,0.446565542
304,152,304,44.4043349,1.03509747,3.18677567,0.000644321114,0,0,9179,44656,7864,1418,0,168,0,0,1.06745268e-09,1.38840228e-09,0,1,0,2386,0,1,7864,179.5,10.8238365,6.74674834,6.74343591,9.37210438,-0.000490966976,-0.376676806,-0.134123618,0,0,0.000261532721,0,2226,derived,0,0,0,0,0,0,3.21725908e-06,0,3.21725908e-06,0,0.00232836109,1,310,552,0,0,0.000322196912,2187.08532,2187.08532,6.50987042e-10,548730,0.030033375,0.052014959,0.00209158403,0.254674042,0.055758958,0.000252458965,0.0434952499,0.450912958
305,152.5,305,44.2618817,1.01871122,3.13867939,0.000631690876,0,0,9179,44656,7864,1418,0,168,0,0,1.06745268e-09,8.75679973e-10,0,1,0,2386,0,1,7864,179.5,10.6934702,6.65025646,6.64695578,9.24418126,-0.000496323569,-0.378101186,-0.135530276,0,0,0.000261532721,0,2226,derived,0,0,0,0,0,0,3.21725908e-06,0,3.21725908e-06,0,0.00232836109,1,310,552,0,0,0.00032213555,2162.80545,2162.80545,-1.0943868e-10,548479,0.0288037499,0.052634791,0.00177883299,0.254600417,0.055306959,0.000260084053,0.0420685001,0.447823792
306,153,306,44.1195066,1.00255966,3.0912351,0.00061929728,0,0,9179,44656,7864,1418,0,168,0,0,1.0674529e-09,1.1822745e-09,0,1,0,2386,0,1,7864,179.5,10.56434,6.55455915,6.55127025,9.1173531,-0.000501773349,-0.3795581,-0.136968979,0,0,0.000261532721,0,2226,derived,0,0,0,0,0,0,3.21725908e-06,0,3.21725908e-06,0,0.00232836109,1,310,552,0,0,0.000322078072,2138.81574,2138.81574,-8.99489927e-10,548139,0.0283099579,0.052431625,0.00181112497,0.254050416,0.055932833,0.000268290984,0.042974292,0.44849675
307,153.5,307,43.9772165,0.986640998,3.04443862,0.000607134964,0,0,9179,44656,7864,1418,0,168,0,0,1.0674529e-09,1.19890409e-09,0,1,0,2386,0,1,7864,179.5,10.4364828,6.45970798,6.45643104,8.99166014,-0.000507290295,-0.381045499,-0.138439612,0,0,0.000261532721,0,2226,derived,0,0,0,0,0,0,3.21725908e-06,0,3.21725908e-06,0,0.00232836109,1,310,552,0,0,0.000322024472,2115.12405,2115.12405,-5.90620886e-10,547935,0.028762958,0.0531240001,0.00201095897,0.253036834,0.055679375,0.000260749948,0.042902792,0.4483745
308,154,308,43.8350181,0.970953437,2.99828573,0.000595200685,0,0,9179,44656,7864,1418,0,168,0,0,1.06745268e-09,6.14409523e-10,0,1,0,2386,0,1,7864,179.5,10.3099005,6.36567776,6.36241298,8.8670934,-0.000512872026,-0.382566517,-0.139943842,0,0,0.000261532721,0,2226,derived,0,0,0,0,0,0,3.21725908e-06,0,3.21725908e-06,0,0.00232836109,1,310,552,0,0,0.000321974365,2091.73109,2091.73109,5.83141757e-10,547632,0.0278724999,0.0523575,0.00176641706,0.253510792,0.0558846249,0.000311792013,0.042642,0.446862625
309,154.5,309,43.6929179,0.95549518,2.9527722,0.000583492006,0,0,9179,44656,7864,1418,0,168,0,0,1.06745268e-09,1.14207321e-09,0,1,0,2386,0,1,7864,179.5,10.1845813,6.27249498,6.26924307,8.74365245,-0.000518440275,-0.384118523,-0.141481404,0,0,0.000261532721,0,2226,derived,0,0,0,0,0,0,3.21725908e-06,0,3.21725908e-06,0,0.00232836109,1,310,552,0,0,0.000321927683,2068.6348,2068.6348,1.16920029e-09,547554,0.028079084,0.052330291,0.00188200001,0.252485,0.055533792,0.000253541046,0.0438254579,0.446829834
310,155,310,43.5509225,0.940264405,2.90789375,0.000572002916,0,0,9179,44656,7864,1418,0,168,0,0,1.0674529e-09,1.09354281e-09,0,1,0,2386,0,1,7864,179.5,10.0605758,6.18015899,6.17692045,8.62137182,-0.000524022677,-0.38570524,-0.143053837,0,0,0.000261532721,0,2226,derived,0,0,0,0,0,0,3.21725908e-06,0,3.21725908e-06,0,0.00232836109,1,310,552,0,0,0.000321884121,2045.84577,2045.84577,-1.08609433e-09,547221,0.028218084,0.051503791,0.00176804105,0.25300825,0.05527475,0.000617917045,0.043255167,0.445962625
311,155.5,311,43.4090386,0.925259292,2.86364606,0.000560733009,0,0,9179,44656,7864,1418,0,168,0,0,1.06745268e-09,1.35827616e-09,0,1,0,2386,0,1,7864,179.5,9.93783717,6.08866295,6.08543804,8.50022491,-0.000529656807,-0.387325145,-0.144660477,0,0,0.000261532721,0,2226,derived,0,0,0,0,0,0,3.21725908e-06,0,3.21725908e-06,0,0.00232836109,1,310,552,0,0,0.000321843567,2023.35479,2023.35479,1.77818005e-09,546961,0.0284623341,0.052698125,0.00178870803,0.253750833,0.0561035,0.000264875009,0.045673709,0.451129375
312,156,312,43.2672724,0.910478007,2.82002479,0.000549675959,0,0,9179,44656,7864,1418,0,168,0,0,1.06745268e-09,1.11200449e-09,0,1,0,2386,0,1,7864,179.5,9.81642303,5.99802635,5.99481849,8.38024992,-0.000534819317,-0.388980454,-0.146303099,0,0,0.000261532721,0,2226,derived,0,0,0,0,0,0,3.21725908e-06,0,3.21725908e-06,0,0.00232836109,1,310,552,0,0,0.000321805777,2001.17391,2001.17391,1.63549618e-10,546700,0.028597541,0.051864417,0.00185212505,0.251906834,0.0552773341,0.000259666005,0.043036,0.445203708
313,156.5,313,43.1256304,0.895918706,2.77702554,0.00053883037,0,0,9179,44656,7864,1418,0,168,0,0,1.0674529e-09,6.82751078e-10,0,1,0,2386,0,1,7864,179.5,9.69630418,5.9082546,5.90507195,8.26143959,-0.000538679362,-0.390669425,-0.147980567,0,0,0.000261532721,0,2226,derived,0,0,0,0,0,0,3.21725908e-06,0,3.21725908e-06,0,0.00232836109,1,310,552,0,0,0.000321770612,1979.29749,1979.29749,-1.80497484e-09,546506,0.0286936249,0.052303,0.00174829201,0.256588167,0.055915416,0.000254208921,0.04528875,0.453140125
314,157,314,42.984119,0.881579535,2.7346439,0.000528192226,0,0,9179,44656,7864,1418,0,168,0,0,1.06745268e-09,6.4141692e-11,0,1,0,2386,0,1,7864,179.5,9.5774983,5.8193587,5.81620143,8.14379113,-0.000542545064,-0.392392615,-0.149695371,0,0,0.000261532721,0,2226,derived,0,0,0,0,0,0,3.21725908e-06,0,3.21725908e-06,0,0.00232836109,1,310,552,0,0,0.000321737874,1957.72945,1957.72945,-1.07278042e-09,546125,0.0271637499,0.0514380421,0.00181250006,0.253961375,0.055471875,0.000256374944,0.042511708,0.445156083
315,157.5,315,42.8427442,0.867458624,2.69287538,0.000517757359,0,0,9179,44656,7864,1418,0,168,0,0,1.0674529e-09,7.55702834e-10,0,1,0,2386,0,1,7864,179.5,9.46002636,5.73140221,5.7282686,8.02733909,-0.000546743395,-0.394145218,-0.151446435,0,0,0.000261532721,0,2226,derived,0,0,0,0,0,0,3.21725908e-06,0,3.21725908e-06,0,0.00232836109,1,310,552,0,0,0.000321707414,1936.47442,1936.47442,2.07661666e-09,545997,0.028624833,0.0521230419,0.00175725005,0.253643708,0.05679075,0.000292957993,0.042984542,0.448947583
316,158,316,42.7015124,0.853554112,2.65171551,0.000507524471,0,0,9179,44656,7864,1418,0,168,0,0,1.06745268e-09,1.28095123e-09,0,1,0,2386,0,1,7864,179.5,9.3438578,5.644319,5.64120797,7.91203305,-0.000551179554,-0.395932695,-0.153237002,0,0,0.000261532721,0,2226,derived,0,0,0,0,0,0,3.21725908e-06,0,3.21725908e-06,0,0.00232836109,1,310,552,0,0,0.000321679066,1915.5265,1915.5265,3.18518989e-10,545490,0.028602167,0.053038208,0.00208791695,0.256303208,0.05665075,0.000261207926,0.04411225,0.454307542
317,158.5,317,42.5604296,0.83986411,2.61115974,0.000497487086,0,0,9179,44656,7864,1418,0,168,0,0,1.0674529e-09,9.71901004e-10,0,1,0,2386,0,1,7864,179.5,9.2290569,5.5581859,5.55509349,7.79793445,-0.00055637107,-0.397751476,-0.155067031,0,0,0.000261532721,0,2226,derived,0,0,0,0,0,0,3.21725908e-06,0,3.21725908e-06,0,0.00232836109,1,310,552,0,0,0.000321652685,1894.89924,1894.89924,1.14525722e-10,545291,0.0284505,0.0530070839,0.001760958,0.255352417,0.0555110839,0.000255624996,0.042889375,0.449616042
318,159,318,42.4195019,0.826386732,2.5712035,0.000487644919,0,0,9179,44656,7864,1418,0,168,0,0,1.0674529e-09,6.84345691e-10,0,1,0,2386,0,1,7864,179.5,9.11557474,5.47293784,5.4698692,7.68498453,-0.000560693384,-0.39960584,-0.156939112,0,0,0.000261532721,0,2226,derived,0,0,0,0,0,0,3.21725908e-06,0,3.21725908e-06,0,0.00232836109,1,310,552,0,0,0.000321628127,1874.583,1874.583,2.60149391e-09,544864,0.028171042,0.0525979589,0.00175399997,0.254209042,0.055975375,0.00025404105,0.045253917,0.450681042
319,159.5,319,42.2787352,0.813120072,2.53184219,0.000477993159,0,0,9179,44656,7864,1418,0,168,0,0,1.0674529e-09,4.61863436e-10,0,1,0,2386,0,1,7864,179.5,9.00344614,5.38862305,5.38558549,7.573212,-0.000563698249,-0.401493277,-0.158854079,0,0,0.000261532721,0,2226,derived,0,0,0,0,0,0,3.21725908e-06,0,3.21725908e-06,0,0.00232836109,1,310,552,0,0,0.000321605261,1854.58538,1854.58538,-2.31923591e-09,544730,0.0278707501,0.051475875,0.00193883397,0.253955875,0.055550292,0.000254875049,0.0421657091,0.445726916
320,160,320,42.1381355,0.800062216,2.49307112,0.000468528735,0,0,9179,44656,7864,1418,0,168,0,0,1.06745268e-09,1.515714e-09,0,1,0,2386,0,1,7864,179.5,8.89267416,5.30523955,5.30223721,7.46262073,-0.000565921053,-0.403414602,-0.16081253,0,0,0.000261532721,0,2226,derived,0,0,0,0,0,0,3.21725908e-06,0,3.21725908e-06,0,0.00232836109,1,310,552,0,0,0.00032158396,1834.90746,1834.90746,-1.05221809e-09,544349,0.029731375,0.0521742089,0.00199654105,0.254557791,0.055493292,0.000264915987,0.042844167,0.449722833
321,160.5,321,41.9977086,0.787211257,2.45488565,0.00045924971,0,0,9179,44656,7864,1418,0,168,0,0,1.0674529e-09,7.89767918e-10,0,1,0,2386,0,1,7864,179.5,8.78324079,5.22281426,5.219852,7.35319921,-0.000567177766,-0.405365925,-0.162814798,0,0,0.000261532721,0,2226,derived,0,0,0,0,0,0,3.21725908e-06,0,3.21725908e-06,0,0.00232836109,1,310,552,0,0,0.000321564106,1815.54605,1815.54605,-2.60529875e-09,544249,0.0281135411,0.0525012501,0.00198858301,0.254531792,0.055465666,0.000253207982,0.043108833,0.448130375
322,161,322,41.8574603,0.774565261,2.41728105,0.000450150317,0,0,9179,44656,7864,1418,0,168,0,0,1.06745268e-09,1.40778444e-09,0,1,0,2386,0,1,7864,179.5,8.67520125,5.1413637,5.1384415,7.24500579,-0.000568371976,-0.407349345,-0.164860205,0,0,0.000261532721,0,2226,derived,0,0,0,0,0,0,3.21725908e-06,0,3.21725908e-06,0,0.00232836109,1,310,552,0,0,0.00032154559,1796.51309,1796.51309,-7.87879761e-10,543951,0.028790583,0.052116791,0.00205583393,0.253994417,0.0552854581,0.000264832983,0.04307,0.448305917
323,161.5,323,41.7173963,0.762122296,2.38025255,0.000441230187,0,0,9179,44656,7864,1418,0,168,0,0,1.06745268e-09,1.53074486e-09,0,1,0,2386,0,1,7864,179.5,8.56850797,5.06088241,5.05799949,7.13800461,-0.000569645851,-0.409362467,-0.166948945,0,0,0.000261532721,0,2226,derived,0,0,0,0,0,0,3.21725908e-06,0,3.21725908e-06,0,0.00232836109,1,310,552,0,0,0.000321528309,1777.79936,1777.79936,-1.13127763e-09,543791,0.0288523331,0.052633917,0.001967708,0.252865083,0.055657333,0.000275040977,0.042862375,0.447514542
324,162,324,41.5775224,0.749880418,2.34379537,0.000432484612,0,0,9179,44656,7864,1418,0,168,0,0,1.0674529e-09,1.51961044e-09,0,1,0,2386,0,1,7864,179.5,8.46319711,4.98140014,4.97855687,7.03223104,-0.000570776291,-0.411404453,-0.169081028,0,0,0.000261532721,0,2226,derived,0,0,0,0,0,0,3.21725908e-06,0,3.21725908e-06,0,0.00232836109,1,310,552,0,0,0.000321512167,1759.41298,1759.41298,-1.91119787e-10,543481,0.028511333,0.0519353329,0.00186670793,0.253814375,0.054916542,0.000261417008,0.043035583,0.446998667
325,162.5,325,41.4378441,0.737837672,2.30790466,0.000423910915,0,0,9179,44656,7864,1418,0,168,0,0,1.0674529e-09,8.89626595e-10,0,1,0,2386,0,1,7864,179.5,8.35926591,4.90294601,4.90014203,6.92769037,-0.000571895307,-0.413471702,-0.171256131,0,0,0.000261532721,0,2226,derived,0,0,0,0,0,0,3.21725908e-06,0,3.21725908e-06,0,0.00232836109,1,310,552,0,0,0.000321497078,1741.3541,1741.3541,8.58101368e-10,543262,0.0282982921,0.052919375,0.00178249995,0.255354833,0.055824083,0.000254916959,0.046042291,0.452834125
326,163,326,41.2983671,0.725992105,2.27257557,0.000415507131,0,0,9179,44656,7864,1418,0,168,0,0,1.06745268e-09,1.07999987e-09,0,1,0,2386,0,1,7864,179.5,8.25669806,4.82549526,4.82273242,6.82436293,-0.000572550357,-0.415565977,-0.173475536,0,0,0.000261532721,0,2226,derived,0,0,0,0,0,0,3.21725908e-06,0,3.21725908e-06,0,0.00232836109,1,310,552,0,0,0.000321482959,1723.62007,1723.62007,1.3821666e-09,542700,0.027792625,0.051436333,0.00179520901,0.253670625,0.055684834,0.000254250015,0.0428068329,0.445697041
327,163.5,327,41.1590967,0.714341746,2.23780321,0.00040726786,0,0,9179,44656,7864,1418,0,168,0,0,1.0674529e-09,1.32420941e-09,0,1,0,2386,0,1,7864,179.5,8.15554545,4.74912124,4.74640087,6.72230282,-0.00057281707,-0.41768196,-0.175738415,0,0,0.000261532721,0,2226,derived,0,0,0,0,0,0,3.21725908e-06,0,3.21725908e-06,0,0.00232836109,1,310,552,0,0,0.000321469735,1706.22254,1706.22254,1.99195371e-09,542755,0.0284419161,0.0521565829,0.00206679094,0.25435775,0.0556540419,0.00026999996,0.0425004159,0.447983416
328,164,328,41.0200386,0.702884624,2.20358263,0.00039919267,0,0,9179,44656,7864,1418,0,168,0,0,1.06745268e-09,5.32033528e-10,0,1,0,2386,0,1,7864,179.5,8.05576181,4.67377068,4.67109873,6.62146525,-0.000571690164,-0.419822632,-0.178046048,0,0,0.000261532721,0,2226,derived,0,0,0,0,0,0,3.21725908e-06,0,3.21725908e-06,0,0.00232836109,1,310,552,0,0,0.000321457337,1689.15273,1689.15273,-1.39952694e-09,542321,0.029871708,0.051483459,0.00183650001,0.254190708,0.055499708,0.000256333966,0.0422678749,0.447964875
329,164.5,329,40.8811981,0.691618759,2.16990888,0.000391277403,0,0,9179,44656,7864,1418,0,168,0,0,1.06745268e-09,5.4773297e-10,0,1,0,2386,0,1,7864,179.5,7.95737547,4.59954572,4.59692945,6.52189854,-0.000568810025,-0.421977041,-0.180395777,0,0,0.000261532721,0,2226,derived,0,0,0,0,0,0,3.21725908e-06,0,3.21725908e-06,0,0.00232836109,1,310,552,0,0,0.000321445701,1672.4175,1672.4175,-1.83064297e-09,542143,0.028768333,0.052335,0.00177462492,0.254395625,0.055524208,0.000267833006,0.042678041,0.448078125
330,165,330,40.7425805,0.680542157,2.13677692,0.000383519131,0,0,9179,44656,7864,1418,0,168,0,0,1.0674529e-09,6.00557271e-10,0,1,0,2386,0,1,7864,179.5,7.86039052,4.52636395,4.52380984,6.42357221,-0.000564275232,-0.424155334,-0.18279223,0,0,0.000261532721,0,2226,derived,0,0,0,0,0,0,3.21725908e-06,0,3.21725908e-06,0,0.00232836109,1,310,552,0,0,0.000321434768,1656.01874,1656.01874,-2.06667683e-09,541846,0.028456333,0.05200375,0.00197808293,0.253735542,0.055350958,0.000260583009,0.042559084,0.446833958
331,165.5,331,40.6041913,0.669652833,2.10418175,0.000375916261,0,0,9179,44656,7864,1418,0,168,0,0,1.0674529e-09,1.14201315e-09,0,1,0,2386,0,1,7864,179.5,7.76478432,4.45430036,4.45182041,6.32647932,-0.000556754162,-0.4263459,-0.185234378,0,0,0.000261532721,0,2226,derived,0,0,0,0,0,0,3.21725908e-06,0,3.21725908e-06,0,0.00232836109,1,310,552,0,0,0.000321424484,1639.95276,1639.95276,1.6573507e-09,542001,0.028558209,0.052065791,0.00201925007,0.254115,0.05634625,0.000264417031,0.0456588749,0.451725959
332,166,332,40.4660356,0.658948782,2.07211831,0.000368463894,0,0,9179,44656,7864,1418,0,168,0,0,1.06745268e-09,6.96188662e-10,0,1,0,2386,0,1,7864,179.5,7.67060236,4.38327831,4.38087454,6.23064083,-0.000548394375,-0.428561396,-0.1877247,0,0,0.000261532721,0,2226,derived,0,0,0,0,0,0,3.21725908e-06,0,3.21725908e-06,0,0.00232836109,1,310,552,0,0,0.000321414801,1624.23033,1624.23033,-1.26902677e-09,541692,0.032183958,0.052274416,0.00184041692,0.253107958,0.0552920001,0.000256041065,0.0464470841,0.4541915
333,166.5,333,40.3281187,0.648428,2.04058147,0.00036116111,0,0,9179,44656,7864,1418,0,168,0,0,1.0674529e-09,5.80991699e-10,0,1,0,2386,0,1,7864,179.5,7.57780857,4.3134114,4.31108418,6.13603656,-0.000539531087,-0.430783799,-0.190262395,0,0,0.000261532721,0,2226,derived,0,0,0,0,0,0,3.21725908e-06,0,3.21725908e-06,0,0.00232836109,1,310,554,0,0,0.000321405673,1608.84505,1608.84505,-4.40489201e-10,541742,0.027547708,0.051722583,0.00184712501,0.253101,0.055301416,0.000253250008,0.0459611251,0.44820975
334,167,334,40.1904459,0.638088476,2.00956613,0.000354004835,0,0,9179,44656,7864,1418,0,168,0,0,1.06745268e-09,8.56774429e-10,0,1,0,2386,0,1,7864,179.5,7.48641157,4.24454369,4.24229533,6.04266239,-0.000529704922,-0.433033617,-0.192849293,0,0,0.000261532721,0,2226,derived,0,0,0,0,0,0,3.21725908e-06,0,3.21725908e-06,0,0.00232836109,1,310,552,0,0,0.000321313689,1593.80005,1593.80005,-7.25120408e-10,541497,0.0276938749,0.051898458,0.00182808307,0.253519958,0.0558665419,0.000255333027,0.042966375,0.446580958
335,167.5,335,40.0530223,0.62792819,1.9790671,0.000346991318,0,0,9179,44656,7864,1418,0,168,0,0,1.0674529e-09,1.07819997e-09,0,1,0,2386,0,1,7864,179.5,7.39643493,4.17688637,4.1747094,5.95055687,-0.000521192357,-0.435283836,-0.195483104,0,0,0.000261532721,0,2226,derived,0,0,0,0,0,0,3.21725908e-06,0,3.21725908e-06,0,0.00232836109,1,310,551,0,0,0.000321181574,1579.10175,1579.10175,2.39044029e-09,541539,0.0286880831,0.0522980001,0.00204179098,0.254189292,0.0554963329,0.00025720906,0.045552333,0.450979125
336,168,336,39.915853,0.617945127,1.94907922,0.000340119536,0,0,9179,44656,7864,1418,0,168,0,0,1.06745268e-09,1.06574094e-09,0,1,0,2386,0,1,7864,179.5,7.30784509,4.11025068,4.10814706,5.85968303,-0.000511798384,-0.437556403,-0.198165403,0,0,0.000261532721,0,2226,derived,0,0,0,0,0,0,3.21725908e-06,0,3.21725908e-06,0,0.00232836109,1,310,552,0,0,0.000321119776,1564.74447,1564.74447,-2.27723385e-09,541524,0.0272325421,0.0525355,0.00190920907,0.253321083,0.0558375,0.000253624981,0.0453295,0.448981334
337,168.5,337,39.7789432,0.608137257,1.91959726,0.000333385668,0,0,9179,44656,7864,1418,0,168,0,0,1.06745268e-09,9.42085965e-10,0,1,0,2386,0,1,7864,179.5,7.22066815,4.04486401,4.0428309,5.7700817,-0.000502638817,-0.439821368,-0.200893659,0,0,0.000261532721,0,2226,derived,0,0,0,0,0,0,3.21725908e-06,0,3.21725908e-06,0,0.00232836109,1,310,551,0,0,0.000321048394,1550.73532,1550.73532,4.97264452e-11,541315,0.0273848331,0.05316,0.00180466694,0.254027458,0.055966,0.000253916951,0.0452993331,0.450775041
338,169,338,39.6422979,0.598502547,1.89061597,0.000326787459,0,0,9179,44656,7864,1418,0,168,0,0,1.06745268e-09,1.20645716e-11,0,1,0,2386,0,1,7864,179.5,7.13489711,3.98056439,3.9786026,5.68173051,-0.000492843022,-0.442099258,-0.203670295,0,0,0.000261532721,0,2226,derived,0,0,0,0,0,0,3.21725908e-06,0,3.21725908e-06,0,0.00232836109,1,310,551,0,0,0.000321003625,1537.07448,1537.07448,-4.59951965e-10,541278,0.0277490419,0.0527337911,0.00191183307,0.253880375,0.055827042,0.000260083005,0.042791708,0.447702167
339,169.5,339,39.5059222,0.58903897,1.86213008,0.000320323228,0,0,9179,44656,7864,1418,0,168,0,0,1.0674529e-09,6.01789951e-10,0,1,0,2386,0,1,7864,179.5,7.05051293,3.91743271,3.91555245,5.59464524,-0.000479971578,-0.44437621,-0.206491031,0,0,0.000261532721,0,2226,derived,0,0,0,0,0,0,3.21725908e-06,0,3.21725908e-06,0,0.00232836109,1,310,551,0,0,0.000320959105,1523.75956,1523.75956,4.84799756e-10,541141,0.027786042,0.05241575,0.00174179103,0.253797334,0.055642291,0.000287584029,0.045392083,0.449676625
340,170,340,39.3698211,0.579744482,1.83413429,0.000313988849,0,0,9179,44656,7864,1418,0,168,0,0,1.06745268e-09,1.2023178e-09,0,1,0,2386,0,1,7864,179.5,6.9675503,3.85549155,3.85370304,5.50885378,-0.000463885366,-0.446650346,-0.209355721,0,0,0.000261532721,0,2226,derived,0,0,0,0,0,0,3.21725908e-06,0,3.21725908e-06,0,0.00232836109,1,310,551,0,0,0.00032092828,1510.79988,1510.79988,2.8133893e-09,541070,0.027374708,0.0522596659,0.00174016599,0.254401417,0.056217875,0.000260417,0.042766584,0.447753666
341,170.5,341,39.2339996,0.57061704,1.80662326,0.00030778318,0,0,9179,44656,7864,1418,0,168,0,0,1.06745268e-09,1.5051258e-09,0,1,0,2386,0,1,7864,179.5,6.88597878,3.79462836,3.7929333,5.4243075,-0.000446700032,-0.448934061,-0.212267759,0,0,0.000261532721,0,2226,derived,0,0,0,0,0,0,3.21725908e-06,0,3.21725908e-06,0,0.00232836109,1,310,551,0,0,0.000320897742,1498.19079,1498.19079,3.29584759e-09,540910,0.028945167,0.051838583,0.00183983403,0.254023542,0.055652375,0.000253416016,0.04226275,0.447312792
342,171,342,39.0984627,0.561654602,1.77959164,0.000301704,0,0,9179,44656,7864,1418,0,168,0,0,1.06745268e-09,1.13630161e-09,0,1,0,2386,0,1,7864,179.5,6.80579189,3.73501,3.73341134,5.34103348,-0.00042802073,-0.451201262,-0.215222334,0,0,0.000261532721,0,2226,derived,0,0,0,0,0,0,3.21725908e-06,0,3.21725908e-06,0,0.00232836109,1,310,552,0,0,0.000320875864,1485.93287,1485.93287,-2.16996499e-09,541001,0.0284681249,0.051823542,0.00187495805,0.254567542,0.055641125,0.000267290976,0.045196,0.450487125
343,171.5,343,38.9632155,0.552855119,1.75303406,0.000295747283,0,0,9179,44656,7864,1418,0,168,0,0,1.06745268e-09,1.48773616e-09,0,1,0,2386,0,1,7864,179.5,6.72702429,3.67645493,3.67495332,5.25901377,-0.000408439336,-0.45347976,-0.21822584,0,0,0.000261532721,0,2226,derived,0,0,0,0,0,0,3.21725908e-06,0,3.21725908e-06,0,0.00232836109,1,310,552,0,0,0.000320826524,1474.03578,1474.03578,1.8379025e-09,541152,0.027988375,0.0517817501,0.00192250009,0.252400583,0.055902875,0.00025279203,0.043357875,0.446151917
344,172,344,38.8282629,0.54421654,1.72694511,0.00028991241,0,0,9179,44656,7864,1418,0,168,0,0,1.06745268e-09,3.61310981e-11,0,1,0,2386,0,1,7864,179.5,6.6496342,3.61909487,3.61769092,5.17822075,-0.00038792914,-0.455745269,-0.221277352,0,0,0.000261532721,0,2226,derived,0,0,0,0,0,0,3.21725908e-06,0,3.21725908e-06,0,0.00232836109,1,310,559,0,0,0.00032051595,1462.49264,1462.49264,-2.36914877e-09,540895,0.027763709,0.052303417,0.00171416695,0.253868458,0.055644709,0.000265249982,0.042299208,0.4466085
345,172.5,345,38.6936098,0.535736811,1.70131935,0.000284196727,0,0,9179,44656,7864,1418,0,168,0,0,1.0674529e-09,4.92438978e-10,0,1,0,2386,0,1,7864,179.5,6.57362601,3.5629367,3.56163309,5.09867036,-0.0003658815,-0.457995222,-0.224374743,0,0,0.000261532721,0,2226,derived,0,0,0,0,0,0,3.21725908e-06,0,3.21725908e-06,0,0.00232836109,1,310,555,0,0,0.000320385304,1451.30667,1451.30667,3.26736549e-09,540891,0.028585,0.052329542,0.00217358302,0.253718708,0.055304167,0.000271791941,0.0431495,0.448087541
346,173,346,38.5592612,0.527413876,1.67615134,0.000278596919,0,0,9179,44656,7864,1418,0,168,0,0,1.0674529e-09,2.75079959e-11,0,1,0,2386,0,1,7864,179.5,6.49902014,3.50787745,3.50667723,5.02037329,-0.000342150212,-0.46024518,-0.227518429,0,0,0.000261532721,0,2226,derived,0,0,0,0,0,0,3.21725908e-06,0,3.21725908e-06,0,0.00232836109,1,310,559,0,0,0.000320242492,1440.48484,1440.48484,1.47613255e-10,540944,0.027832709,0.052228166,0.001804917,0.253378792,0.0559661251,0.000271208002,0.042920166,0.447069209
347,173.5,347,38.425222,0.519245682,1.65143561,0.000273112111,0,0,9179,44656,7864,1418,0,168,0,0,1.06745268e-09,3.10780957e-10,0,1,0,2386,0,1,7864,179.5,6.42578095,3.45417149,3.45306641,4.94334001,-0.00031992707,-0.462451098,-0.230702066,0,0,0.000261532721,0,2226,derived,0,0,0,0,0,0,3.21725908e-06,0,3.21725908e-06,0,0.00232836109,1,310,559,0,0,0.000320145337,1430.02179,1430.02179,1.45475476e-09,540707,0.028628875,0.0519160831,0.00174950005,0.254414125,0.0559018339,0.000252709026,0.0427094999,0.448201042
348,174,348,38.2914973,0.511230165,1.62716666,0.000267739679,0,0,9179,44656,7864,1418,0,168,0,0,1.06745268e-09,1.14505028e-09,0,1,0,2386,0,1,7864,179.5,6.35391344,3.40158909,3.4005759,4.86752983,-0.000297858087,-0.464646611,-0.233931989,0,0,0.000261532721,0,2226,derived,0,0,0,0,0,0,3.21725908e-06,0,3.21725908e-06,0,0.00232836109,1,310,557,0,0,0.00031969926,1419.92126,1419.92126,-4.87404783e-10,540842,0.0281907921,0.0520541669,0.00175570801,0.253710625,0.0558579579,0.000255458057,0.0423526249,0.446505917
349,174.5,349,38.1580919,0.503365266,1.60333897,0.000262476708,0,0,9179,44656,7864,1418,0,168,0,0,1.06745268e-09,1.04276743e-09,0,1,0,2386,0,1,7864,179.5,6.28343037,3.35013559,3.34920782,4.79296151,-0.000276935588,-0.466830157,-0.237206236,0,0,0.000261532721,0,2226,derived,0,0,0,0,0,0,3.21725908e-06,0,3.21725908e-06,0,0.00232836109,1,310,565,0,0,0.000319389343,1410.18887,1410.18887,-4.04524192e-11,540982,0.027857417,0.052077416,0.00171458302,0.253202334,0.055730375,0.000261874986,0.0433122921,0.446502375
350,175,350,38.0250109,0.495648926,1.57994701,0.000257322225,0,0,9179,44656,7864,1418,0,168,0,0,1.06745268e-09,7.22861659e-10,0,1,0,2386,0,1,7864,179.5,6.21429878,3.3000098,3.2991519,4.71965751,-0.000259969198,-0.468965057,-0.240516481,0,0,0.000261532721,0,2226,derived,0,0,0,0,0,0,3.21725908e-06,0,3.21725908e-06,0,0.00232836109,1,310,561,0,0,0.000318115235,1400.82013,1400.82013,-2.09963347e-09,540690,0.026348459,0.051657708,0.00183908409,0.254800041,0.0555481249,0.000258791028,0.0425452499,0.445922917
351,175.5,351,37.8922591,0.488079084,1.55698523,0.000252273768,0,0,9179,44656,7864,1418,0,168,0,0,1.06745268e-09,1.21098753e-09,0,1,0,2386,0,1,7864,179.5,6.14652126,3.25102135,3.25022108,4.64756845,-0.00024616024,-0.471079458,-0.243870109,0,0,0.000261532721,0,2226,derived,0,0,0,0,0,0,3.21725908e-06,0,3.21725908e-06,0,0.00232836109,1,310,561,0,0,0.000316673751,1391.81859,1391.81859,-2.33906339e-09,540664,0.027993166,0.053011708,0.00171404099,0.253005208,0.05524575,0.000253083068,0.0427914159,0.446592
352,176,352,37.7598416,0.480653675,1.53444804,0.000247328543,0,0,9179,44656,7864,1418,0,168,0,0,1.06745268e-09,3.25263372e-10,0,1,0,2386,0,1,7864,179.5,6.08010928,3.20316594,3.20240924,4.57671159,-0.000236233415,-0.473172966,-0.247264913,0,0,0.000261532721,0,2226,derived,0,0,0,0,0,0,3.21725908e-06,0,3.21725908e-06,0,0.00232836109,1,310,565,0,0,0.000314350345,1383.18999,1383.18999,-2.62815547e-09,540841,0.028435791,0.052514917,0.00178733305,0.253920458,0.056046166,0.000260166009,0.0425263341,0.447800083
353,176.5,353,37.6277634,0.47337064,1.51232986,0.000242485615,0,0,9179,44656,7864,1418,0,168,0,0,1.06745268e-09,7.31559258e-10,0,1,0,2386,0,1,7864,179.5,6.01502928,3.15653183,3.15580615,4.5070921,-0.000229896037,-0.475225858,-0.250694903,0,0,0.000261532721,0,2226,derived,0,0,0,0,0,0,3.21725908e-06,0,3.21725908e-06,0,0.00232836109,1,310,561,0,0,0.000309379253,1374.92998,1374.92998,1.76925541e-09,540645,0.0289958749,0.0522425,0.00174279104,0.253973167,0.055975875,0.000252333004,0.0425154581,0.448262958
354,177,354,37.4960293,0.466227915,1.49062508,0.000237742805,0,0,9179,44656,7864,1418,0,168,0,0,1.0674529e-09,1.05102593e-09,0,1,0,2386,0,1,7864,179.5,5.95127819,3.11120789,3.11050588,4.43872851,-0.000225640405,-0.477220222,-0.254155433,0,0,0.000261532721,0,2226,derived,0,0,0,0,0,0,3.21725908e-06,0,3.21725908e-06,0,0.00232836109,1,310,565,0,0,0.000309029413,1367.04124,1367.04124,-1.90601501e-09,540817,0.027768416,0.052639708,0.00176179199,0.253729833,0.055555708,0.000323291984,0.0423341659,0.446432208
355,177.5,355,37.3646446,0.45922344,1.46932808,0.000233097184,0,0,9179,44656,7864,1418,0,168,0,0,1.0674529e-09,7.45115747e-10,0,1,0,2386,0,1,7864,179.5,5.88887257,3.06699334,3.06629919,4.37160659,-0.00022632942,-0.479188367,-0.257649655,0,0,0.000261532721,0,2226,derived,0,0,0,0,0,0,3.21725908e-06,0,3.21725908e-06,0,0.00232836109,1,310,563,0,0,0.000308353876,1359.53107,1359.53107,3.6348442e-09,540866,0.0279192079,0.0525607909,0.00202437502,0.253084416,0.0554381249,0.000263207941,0.0428542921,0.446751625
356,178,356,37.233614,0.452355153,1.44843321,0.000228547986,0,0,9179,44656,7864,1418,0,168,0,0,1.06745268e-09,2.46697995e-10,0,1,0,2386,0,1,7864,179.5,5.82777498,3.02385365,3.02315301,4.30570352,-0.000231706065,-0.481130678,-0.2611754,0,0,0.000261532721,0,2226,derived,0,0,0,0,0,0,3.21725908e-06,0,3.21725908e-06,0,0.00232836109,1,310,563,0,0,0.000308156626,1352.39458,1352.39458,1.49057433e-10,540935,0.028689125,0.0526029171,0.00201233395,0.253327667,0.055876666,0.000264165923,0.0426397079,0.447727792
357,178.5,357,37.1029428,0.445620998,1.42793483,0.000224093299,0,0,9179,44656,7864,1418,0,168,0,0,1.06745268e-09,1.61386327e-09,0,1,0,2386,0,1,7864,179.5,5.76797692,2.98174154,2.98102157,4.24100847,-0.000241459115,-0.48305245,-0.264732067,0,0,0.000261532721,0,2226,derived,0,0,0,0,0,0,3.21725908e-06,0,3.21725908e-06,0,0.00232836109,1,310,561,0,0,0.000307677592,1345.63355,1345.63355,-1.88324911e-11,540950,0.027961583,0.052259042,0.00176699995,0.253052791,0.056013417,0.000253125094,0.043082792,0.446743333
358,179,358,36.972636,0.439018918,1.40782727,0.000219730183,0,0,9179,44656,7864,1418,0,168,0,0,1.06745268e-09,1.62018121e-09,0,1,0,2386,0,1,7864,179.5,5.70949689,2.9408675,2.94012978,4.17760753,-0.000250849108,-0.484916526,-0.268305491,0,0,0.000261532721,0,2226,derived,0,0,0,0,0,0,3.21725908e-06,0,3.21725908e-06,0,0.00232836109,1,310,560,0,0,0.000307592496,1339.25628,1339.25628,-1.58502023e-09,540732,0.0292080409,0.0526590829,0.00192612503,0.253435958,0.0555581669,0.000328083057,0.042686417,0.448053708
359,179.5,359,36.8426986,0.432546852,1.38810485,0.000215457801,0,0,9179,44656,7864,1418,0,168,0,0,1.06745268e-09,3.03937542e-10,0,1,0,2386,0,1,7864,179.5,5.65229966,2.90109397,2.90033129,4.1154499,-0.000262893509,-0.486740947,-0.271898138,0,0,0.000261532721,0,2226,derived,0,0,0,0,0,0,3.21725908e-06,0,3.21725908e-06,0,0.00232836109,1,310,560,0,0,0.00030739258,1333.25867,1333.25867,-2.02216932e-09,540704,0.0279315,0.052249916,0.00174066704,0.253890417,0.055515625,0.000254833023,0.042786541,0.446934292
360,180,360,36.7131358,0.426202755,1.36876189,0.000211274459,0,0,9179,44656,7864,1418,0,168,0,0,1.06745268e-09,4.83785456e-10,0,1,0,2386,0,1,7864,179.5,5.59637226,2.86234031,2.86153809,4.05452396,-0.000280265814,-0.488536471,-0.275508531,0,0,0.000261532721,0,2226,derived,0,0,0,0,0,0,3.21725908e-06,0,3.21725908e-06,0,0.00232836109,1,310,557,0,0,0.00030725959,1327.64192,1327.64192,-1.37547529e-09,540782,0.0281422499,0.0525441661,0.00200708397,0.253447958,0.056146792,0.000269000069,0.0424387499,0.447311041
361,180.5,361,36.5839527,0.419984572,1.3497927,0.000207177787,0,0,9179,44656,7864,1418,0,168,0,0,1.0674529e-09,1.35291178e-09,0,1,0,2386,0,1,7864,179.5,5.54171995,2.82461173,2.82375414,3.99484123,-0.000303612384,-0.490300529,-0.279133325,0,0,0.000261532721,0,2226,derived,0,0,0,0,0,0,3.21725908e-06,0,3.21725908e-06,0,0.00232836109,1,310,557,0,0,0.000307163432,1322.41172,1322.41172,-3.01595882e-09,540884,0.028330292,0.051901625,0.00181591604,0.253853208,0.055622875,0.000256582978,0.042184958,0.446634542
362,181,362,36.4551544,0.413890255,1.33119155,0.000203166189,0,0,9179,44656,7864,1418,0,168,0,0,1.06745268e-09,7.70979391e-10,0,1,0,2386,0,1,7864,179.5,5.48832798,2.78787376,2.78694522,3.93638268,-0.000333065627,-0.492035867,-0.282771968,0,0,0.000261532721,0,2226,derived,0,0,0,0,0,0,3.21725908e-06,0,3.21725908e-06,0,0.00232836109,1,310,559,0,0,0.000307136659,1317.5692,1317.5692,-5.82653814e-10,540955,0.028331375,0.052925208,0.0016806249,0.254134083,0.055758,0.000253833015,0.0431692081,0.449050333
363,181.5,363,36.3267461,0.407917763,1.31295274,0.000199238449,0,0,9179,44656,7864,1418,0,168,0,0,1.06745268e-09,1.57732272e-10,0,1,0,2386,0,1,7864,179.5,5.43617176,2.75216586,2.75115144,3.87914942,-0.000368588863,-0.493730886,-0.286418901,0,0,0.000261532721,0,2226,derived,0,0,0,0,0,0,3.21725908e-06,0,3.21725908e-06,0,0.00232836109,1,310,559,0,0,0.000307030324,1313.11327,1313.11327,-2.0901918e-09,541118,0.0285844159,0.0521650419,0.00194708409,0.253934834,0.055742708,0.000252041034,0.042688292,0.447964583
364,182,364,36.198733,0.402065057,1.29507056,0.00019539284,0,0,9179,44656,7864,1418,0,168,0,0,1.0674529e-09,9.6167263e-10,0,1,0,2386,0,1,7864,179.5,5.38524054,2.71738389,2.71626822,3.82309527,-0.000410567013,-0.495401576,-0.290079014,0,0,0.000261532721,0,2226,derived,0,0,0,0,0,0,3.21725908e-06,0,3.21725908e-06,0,0.00232836109,1,310,557,0,0,0.000306950074,1309.04626,1309.04626,3.06512948e-09,541095,0.029865791,0.052344959,0.00188991695,0.255105084,0.055216917,0.000253167003,0.042816208,0.449808416
365,182.5,365,36.0711204,0.396330101,1.27753929,0.000191626843,0,0,9179,44656,7864,1418,0,168,0,0,1.06745268e-09,1.20049937e-09,0,1,0,2386,0,1,7864,179.5,5.33554589,2.68341967,2.68218712,3.76818441,-0.000459319545,-0.497067456,-0.293758411,0,0,0.000261532721,0,2226,derived,0,0,0,0,0,0,3.21725908e-06,0,3.21725908e-06,0,0.00232836109,1,310,557,0,0,0.000306903523,1305.3762,1305.3762,3.34516415e-09,541189,0.027811,0.0520862921,0.00204229192,0.253244875,0.0554164159,0.000252750004,0.0429870421,0.446658084
366,183,366,35.9439135,0.390710864,1.2603532,0.000187939797,0,0,9179,44656,7864,1418,0,168,0,0,1.06745268e-09,4.76743645e-10,0,1,0,2386,0,1,7864,179.5,5.28704868,2.65009445,2.64873152,3.71432779,-0.00051429293,-0.498757321,-0.297466693,0,0,0.000261532721,0,2226,derived,0,0,0,0,0,0,3.21725908e-06,0,3.21725908e-06,0,0.00232836109,1,310,561,0,0,0.000306890069,1302.09892,1302.09892,-2.37096087e-09,541307,0.027651959,0.052025625,0.00177412492,0.254009625,0.0553079169,0.000317625003,0.0427965829,0.446326959
367,183.5,367,35.8171175,0.385205325,1.24350656,0.000184330112,0,0,9179,44656,7864,1418,0,168,0,0,1.06745268e-09,7.51046114e-10,0,1,0,2386,0,1,7864,179.5,5.23973552,2.61749363,2.61602666,3.66150749,-0.000560447144,-0.500453101,-0.301203758,0,0,0.000261532721,0,2226,derived,0,0,0,0,0,0,3.21725908e-06,0,3.21725908e-06,0,0.00232836109,1,310,557,0,0,0.000303795931,1299.21665,1299.21665,-8.80095996e-12,541676,0.0277224169,0.0529002501,0.00193212496,0.254122125,0.0552294999,0.000256167026,0.0431670421,0.447822084
368,184,368,35.6907378,0.379811465,1.22699367,0.000180795918,0,0,9179,44656,7864,1418,0,168,0,0,1.0674529e-09,7.87428345e-10,0,1,0,2386,0,1,7864,179.5,5.19360132,2.58564555,2.58413286,3.60970598,-0.000585032388,-0.502147857,-0.304970528,0,0,0.000261532721,0,2226,derived,0,0,0,0,0,0,3.21725908e-06,0,3.21725908e-06,0,0.00232836109,1,310,564,0,0,0.000303677938,1296.73389,1296.73389,1.19092514e-10,541761,0.0284744169,0.0519494171,0.00203254202,0.253553375,0.055545667,0.000288000097,0.042487042,0.447001
369,184.5,369,35.5647797,0.37452727,1.2108088,0.000177335459,0,0,9179,44656,7864,1418,0,168,0,0,1.06745268e-09,8.7932972e-10,0,1,0,2386,0,1,7864,179.5,5.14863846,2.55410574,2.55257097,3.55881649,-0.000600902451,-0.503925988,-0.30878493,0,0,0.000261532721,0,2226,derived,0,0,0,0,0,0,3.21725908e-06,0,3.21725908e-06,0,0.00232836109,1,310,563,0,0,0.000303053394,1294.65477,1294.65477,1.52565205e-09,541823,0.02824725,0.052740375,0.00175370905,0.253252292,0.055521167,0.000549332937,0.04216175,0.44646025
370,185,370,35.4392485,0.369350738,1.19494622,0.000173947805,0,0,9179,44656,7864,1418,0,168,0,0,1.06745268e-09,2.19062546e-10,0,1,0,2386,0,1,7864,179.5,5.10481584,2.52296171,2.52144773,3.50884839,-0.000600080428,-0.50576832,-0.312639574,0,0,0.000261532721,0,2226,derived,0,0,0,0,0,0,3.21725908e-06,0,3.21725908e-06,0,0.00232836109,1,310,569,0,0,0.000302535921,1292.97772,1292.97772,-2.9362538e-09,542167,0.0280200411,0.0526159579,0.00175941701,0.254247375,0.0558007921,0.000253541046,0.043014125,0.448596208
371,185.5,371,35.3141496,0.364279874,1.17940025,0.000170631479,0,0,9179,44656,7864,1418,0,168,0,0,1.06745268e-09,8.86410723e-10,0,1,0,2386,0,1,7864,179.5,5.06211826,2.49281996,2.49140186,3.45993821,-0.000568872784,-0.507553986,-0.316503877,0,0,0.000261532721,0,2226,derived,0,0,0,0,0,0,3.21725908e-06,0,3.21725908e-06,0,0.00232836109,1,310,568,0,0,0.000300867478,1291.7053,1291.7053,-2.51567633e-09,542336,0.0277469171,0.0517915,0.00183754193,0.253076333,0.055509125,0.00025279203,0.0430078331,0.445575042
372,186,372,35.1894883,0.359312689,1.16416518,0.000167384709,0,0,9179,44656,7864,1418,0,168,0,0,1.0674529e-09,2.87929014e-10,0,1,0,2386,0,1,7864,179.5,5.02053983,2.46277292,2.46148547,3.41188557,-0.000522764765,-0.509460535,-0.3204146,0,0,0.000261532721,0,2226,derived,0,0,0,0,0,0,3.21725908e-06,0,3.21725908e-06,0,0.00232836109,1,310,569,0,0,0.000300248409,1290.84268,1290.84268,-1.51528412e-09,542293,0.0283174161,0.052702458,0.00200816698,0.252725333,0.055382125,0.00025250006,0.042661791,0.446774
373,186.5,373,35.0652702,0.354447201,1.14923532,0.00016420599,0,0,9179,44656,7864,1418,0,168,0,0,1.06745268e-09,1.05453424e-10,0,1,0,2386,0,1,7864,179.5,4.98006712,2.4334463,2.43229314,3.36486117,-0.000473879507,-0.511362751,-0.324334174,0,0,0.000261532721,0,2226,derived,0,0,0,0,0,0,3.21725908e-06,0,3.21725908e-06,0,0.00232836109,1,310,570,0,0,0.000300080362,1290.3934,1290.3934,1.59758251e-09,542719,0.028388542,0.0522700839,0.00193391694,0.252878542,0.05545425,0.000252916012,0.0430003749,0.44665175
374,187,374,34.9415005,0.349681444,1.134605,0.000161094375,0,0,9179,44656,7864,1418,0,168,0,0,1.0674529e-09,1.54902069e-09,0,1,0,2386,0,1,7864,179.5,4.94067044,2.40428136,2.40327012,3.31874307,-0.000420600465,-0.513369412,-0.328280826,0,0,0.000261532721,0,2226,derived,0,0,0,0,0,0,3.21725908e-06,0,3.21725908e-06,0,0.00232836109,1,310,569,0,0,0.000299684633,1290.357,1290.357,3.0261762e-09,542767,0.0293610831,0.052336042,0.00176166708,0.254709125,0.055576042,0.000262417016,0.042684125,0.449390083
375,187.5,375,34.8181848,0.345013459,1.12026855,0.000158048493,0,0,9179,44656,7864,1418,0,168,0,0,1.0674529e-09,2.07631023e-10,0,1,0,2386,0,1,7864,179.5,4.90233296,2.37583222,2.37493186,3.27362892,-0.000378966878,-0.515367022,-0.3322304,0,0,0.000261532721,0,2226,derived,0,0,0,0,0,0,3.21725908e-06,0,3.21725908e-06,0,0.00232836109,1,310,566,0,0,0.000298212329,1290.73652,1290.73652,-3.81719756e-09,543031,0.0282141671,0.051952958,0.00205020898,0.254406,0.055639833,0.00027624995,0.0422654579,0.447168875
376,188,376,34.6953284,0.340441302,1.10622036,0.000155066866,0,0,9179,44656,7864,1418,0,168,0,0,1.0674529e-09,1.65777703e-09,0,1,0,2386,0,1,7864,179.5,4.86504164,2.34767236,2.34684055,3.22949082,-0.000354314212,-0.517440438,-0.33618434,0,0,0.000261532721,0,2226,derived,0,0,0,0,0,0,3.21725908e-06,0,3.21725908e-06,0,0.00232836109,1,310,572,0,0,0.000297318939,1291.53624,1291.53624,-2.20679564e-09,543208,0.027706209,0.0525850829,0.00175883307,0.253178583,0.055845125,0.000252958038,0.042973666,0.446959834
377,188.5,377,34.5729369,0.335963033,1.09245479,0.000152147812,0,0,9179,44656,7864,1418,0,168,0,0,1.06745268e-09,1.06753584e-09,0,1,0,2386,0,1,7864,179.5,4.8287905,2.32366733,2.32286289,3.19121282,-0.000346194455,-0.518788953,-0.33912792,0,0,0.000261532721,0,2226,derived,0,0,0,0,0,0,3.21725908e-06,0,3.21725908e-06,0,0.00232836109,1,310,571,0,0,0.000296449124,1293.80827,1293.80827,-1.61987757e-09,543456,0.0289127079,0.052346583,0.00175229204,0.2535815,0.055865,0.000256333034,0.04202475,0.447439417
378,189,378,34.4510156,0.331576731,1.07896625,0.000149290574,0,0,9179,44656,7864,1418,0,168,0,0,1.06745268e-09,4.75894657e-10,0,1,0,2386,0,1,7864,179.5,4.79354483,2.29524921,2.29443714,3.14734603,-0.000353803009,-0.521179151,-0.343419924,0,0,0.000261532721,0,2226,derived,0,0,0,0,0,0,3.21725908e-06,0,3.21725908e-06,0,0.00232836109,1,310,571,0,0,0.000295591706,1295.07646,1295.07646,-3.09797688e-09,543740,0.027768792,0.052832667,0.00220175006,0.253723791,0.0557173749,0.000269457931,0.042938625,0.448408834
379,189.5,379,34.32957,0.32728049,1.06574917,0.000146493882,0,0,9179,44656,7864,1418,0,168,0,0,1.0674529e-09,7.25525418e-10,0,1,0,2386,0,1,7864,179.5,4.75928636,2.26761019,2.26678293,3.10514005,-0.000364816252,-0.523539872,-0.347561837,0,0,0.000261532721,0,2226,derived,0,0,0,0,0,0,3.21725908e-06,0,3.21725908e-06,0,0.00232836109,1,310,570,0,0,0.000292569092,1296.88292,1296.88292,2.51373033e-09,543655,0.029508958,0.0523448329,0.00175845902,0.254389791,0.055918291,0.000264875009,0.042282583,0.448777625
380,190,380,34.2086056,0.323072413,1.05279802,0.000143756492,0,0,9179,44656,7864,1418,0,168,0,0,1.06745268e-09,1.411957e-09,0,1,0,2386,0,1,7864,179.5,4.72599627,2.24091964,2.24014493,3.06464469,-0.000345710357,-0.525831272,-0.351534678,0,0,0.000261532721,0,2226,derived,0,0,0,0,0,0,3.21725908e-06,0,3.21725908e-06,0,0.00232836109,1,310,568,0,0,0.000291991082,1299.21269,1299.21269,4.08424405e-11,544033,0.028707167,0.05185225,0.00189870805,0.253702584,0.056106875,0.000269500073,0.042359584,0.447779584
381,190.5,381,34.0881278,0.318950622,1.04010729,0.000141076865,0,0,9179,44656,7864,1418,0,168,0,0,1.06745268e-09,5.47981549e-10,0,1,0,2386,0,1,7864,179.5,4.69366615,2.21499347,2.21428284,3.02568083,-0.000320828816,-0.528088832,-0.355369398,0,0,0.000261532721,0,2226,derived,0,0,0,0,0,0,3.21725908e-06,0,3.21725908e-06,0,0.00232836109,1,310,566,0,0,0.000291260568,1302.05445,1302.05445,3.04165448e-09,544284,0.028026167,0.051661125,0.00170233403,0.253081541,0.0555964169,0.000258625019,0.042985167,0.445693292
382,191,382,33.968142,0.314913252,1.0276715,0.000138453918,0,0,9179,44656,7864,1418,0,168,0,0,1.06745268e-09,5.66836911e-10,0,1,0,2386,0,1,7864,179.5,4.66227313,2.18983393,2.18914889,2.98813073,-0.000312826497,-0.53030767,-0.359082867,0,0,0.000261532721,0,2226,derived,0,0,0,0,0,0,3.21725908e-06,0,3.21725908e-06,0,0.00232836109,1,310,570,0,0,0.00029090812,1305.39376,1305.39376,-3.77818354e-09,544581,0.0282594999,0.051727792,0.00173579203,0.253594666,0.0553722909,0.00025379099,0.0432552079,0.446628875
383,191.5,383,33.8486531,0.310975282,1.01554016,0.000135886697,0,0,9179,44656,7864,1418,0,168,0,0,1.06745268e-09,1.5353967e-09,0,1,0,2386,0,1,7864,179.5,4.55233378,2.16562467,2.16491113,2.95230115,-0.000329483348,-0.524282538,-0.351475245,0,0,0.000261532721,0,2226,derived,0,0,0,0,0,0,3.21725908e-06,0,3.21725908e-06,0,0.00232836109,1,310,565,0,0,0.000290434404,1309.30022,1309.30022,2.62492117e-09,544841,0.0284042921,0.0519912499,0.00191412505,0.252836459,0.055659875,0.000260832952,0.0431151659,0.446989625
384,192,384,33.7295799,0.307690563,1.00552447,0.000133372237,0,0,9179,44656,7864,1418,0,168,0,0,1.06745268e-09,1.08638898e-09,0,1,0,2386,0,1,7864,179.5,3.93176644,2.15175248,2.15100403,2.93118842,-0.00034783164,-0.452726272,-0.254485621,0,0,0.000261532721,0,2226,derived,0,0,0,0,0,0,3.21725908e-06,0,3.21725908e-06,0,0.00232836109,1,310,565,0,0,0.000290390678,1316.56397,1316.56397,3.81259913e-10,544856,0.028519708,0.052373834,0.00191800005,0.253923417,0.0553776249,0.000264834031,0.042945834,0.44784925
385,192.5,385,33.6105937,0.305457258,0.998933025,0.000130902631,2,0,9179,44656,7864,1418,0,168,0,0,1.83000948e-10,6.60946187e-10,0,1,0,0,0,1,7864,179.5,3.38442622,3.22759453,3.2271032,2.06526821,-0.000152228934,-0.0463392228,-0.389773012,0,0,0.000261532721,0,2226,derived,0,0,0,0,0,0,0,0,0,0,0.000625729923,0,804,0,0.000223001621,0.000223,6.73186852e-05,701.936409,701.936409,4.4135362e-10,509596,0.029291,0.0525077911,0.0017569171,0.255317042,0.055712375,0.000271582976,0.041348959,0.448516125
386,193,386,33.4913712,0.303961667,0.994748413,0.000128501846,2,0,9179,44656,7864,1418,0,168,0,0,1.83000948e-10,3.07128767e-10,0,1,0,0,0,1,7864,179.5,3.06053878,3.25657541,3.25607967,2.08381246,-0.000152228934,0.0640529817,-0.319135419,0,0,0.000261532721,0,2226,derived,0,0,0,0,0,0,0,0,0,0,0.000625729923,0,814,0,0,0,6.57245807e-05,714.21041,714.21041,-5.15294363e-10,508719,0.027999708,0.05229475,0.00175691699,0.25509725,0.0556129171,0.000263417023,0.041844625,0.447487333
387,193.5,387,33.371715,0.302903176,0.991992422,0.000126101936,2,0,9179,44656,7864,1418,0,168,0,0,1.83000948e-10,5.02341724e-10,0,1,0,0,0,1,7864,179.5,2.87959719,3.29548069,3.29497902,2.1087071,-0.000152228934,0.144424191,-0.267707613,0,0,0.000261532721,0,2226,derived,0,0,0,0,0,0,0,0,0,0,0.000625729923,0,816,0,0,0,6.55052961e-05,726.764271,726.764271,4.31506164e-10,508923,0.027758584,0.051893458,0.002213125,0.253596583,0.055932292,0.0002701669,0.0415337089,0.446021875
388,194,388,33.2515187,0.302097928,0.990066175,0.000123732963,2,0,9179,44656,7864,1418,0,168,0,0,1.83000948e-10,1.79530391e-10,0,1,0,0,0,1,7864,179.5,2.78073356,3.34074212,3.34023356,2.13766892,-0.000152228934,0.201388786,-0.231257196,0,0,0.000261532721,0,2226,derived,0,0,0,0,0,0,0,0,0,0,0.000625729923,0,813,0,0,0,6.53795367e-05,739.61549,739.61549,3.4732528e-10,508876,0.0274898751,0.052096666,0.00182770903,0.25449475,0.056307459,0.000267041964,0.0414579579,0.447111
389,194.5,389,33.1307293,0.301442419,0.988632297,0.00012139381,2,0,9179,44656,7864,1418,0,168,0,0,1.83000948e-10,3.02841974e-10,0,1,0,0,0,1,7864,179.5,2.72821876,3.39035414,3.38983803,2.16941458,-0.000152228934,0.242698786,-0.204823817,0,0,0.000261532721,0,2226,derived,0,0,0,0,0,0,0,0,0,0,0.000625729923,0,813,0,0,0,6.52800382e-05,752.778108,752.778108,5.34497335e-10,508901,0.027930792,0.053051,0.0017453339,0.253203167,0.055870959,0.000266458956,0.0423115829,0.446887583
390,195,390,33.0093243,0.300877002,0.987496218,0.000119083995,2,0,9179,44656,7864,1418,0,168,0,0,1.83000948e-10,2.56224819e-10,0,1,0,0,0,1,7864,179.5,2.70286142,3.44316206,3.44263791,2.20320523,-0.000152228934,0.273895151,-0.184861935,0,0,0.000261532721,0,2226,derived,0,0,0,0,0,0,0,0,0,0,0.000625729923,0,813,0,0,0,6.51646746e-05,766.263476,766.263476,-1.43455248e-11,508891,0.0273054159,0.052192459,0.00182845804,0.25328275,0.0557495831,0.000282833003,0.042154875,0.445124541
391,195.5,391,32.8872987,0.300365746,0.986540605,0.0001168031,2,0,9179,44656,7864,1418,0,168,0,0,1.83000948e-10,6.49589271e-10,0,1,0,0,0,1,7864,179.5,2.69415786,3.49847931,3.49794674,2.23860155,-0.000152228934,0.298542806,-0.169090432,0,0,0.000261532721,0,2226,derived,0,0,0,0,0,0,0,0,0,0,0.000625729923,0,815,0,0,0,6.50822502e-05,780.083183,780.083183,-5.91901417e-10,508891,0.027869459,0.0530387501,0.00170600007,0.253666375,0.055272416,0.000273916987,0.0421167919,0.44659625
392,196,392,32.7646585,0.29988589,0.985691001,0.000114551272,2,0,9179,44656,7864,1418,0,168,0,0,1.83000948e-10,1.64045222e-10,0,1,0,0,0,1,7864,179.5,2.69617695,3.55586302,3.55532171,2.27532014,-0.000152228934,0.318853728,-0.15609391,0,0,0.000261532721,0,2226,derived,0,0,0,0,0,0,0,0,0,0,0.000625729923,0,818,0,0,0,6.49859585e-05,794.245818,794.245818,-5.70423597e-10,509016,0.0281495829,0.052660958,0.00201383291,0.253233583,0.0557455,0.000313833007,0.0421130001,0.446906916
393,196.5,393,32.6414167,0.299422179,0.984897383,0.000112328905,2,0,9179,44656,7864,1418,0,168,0,0,1.83000948e-10,3.10778736e-10,0,1,0,0,0,1,7864,179.5,2.70551411,3.61500815,3.61445784,2.31316584,-0.000152228934,0.33616311,-0.145018009,0,0,0.000261532721,0,2226,derived,0,0,0,0,0,0,0,0,0,0,0.000625729923,0,818,0,0,0,6.49145588e-05,808.758405,808.758405,1.78541848e-10,508954,0.0278255,0.0517312089,0.00186237495,0.253149083,0.055891666,0.000252583995,0.042407,0.446140875
394,197,394,32.5175911,0.298963637,0.984123637,0.000110136239,2,0,9179,44656,7864,1418,0,168,0,0,1.83000948e-10,3.27575189e-10,0,1,0,0,0,1,7864,179.5,2.72026576,3.67569415,3.67513461,2.35199751,-0.000152228934,0.351226123,-0.135379512,0,0,0.000261532721,0,2226,derived,0,0,0,0,0,0,0,0,0,0,0.000625729923,0,822,0,0,0,6.48335164e-05,823.628879,823.628879,-5.68922576e-10,509076,0.027546625,0.052869583,0.00192837499,0.252722708,0.0557354169,0.000316792051,0.042332875,0.446016458
395,197.5,395,32.3932029,0.298501587,0.983341103,0.000107973398,2,0,9179,44656,7864,1418,0,168,0,0,1.83000948e-10,7.27325755e-10,0,1,0,0,0,1,7864,179.5,2.739518,3.73774263,3.73717364,2.39170099,-0.000152228934,0.364379658,-0.126962848,0,0,0.000261532721,0,2226,derived,0,0,0,0,0,0,0,0,0,0,0.000625729923,0,823,0,0,0,6.47729026e-05,838.865934,838.865934,4.45508519e-10,509102,0.027753875,0.0527479169,0.00174704101,0.253170917,0.055605834,0.000252750004,0.042433292,0.446199375
396,198,396,32.2682766,0.298028217,0.982523858,0.000105840439,2,0,9179,44656,7864,1418,0,168,0,0,1.31094158e-09,4.16244927e-10,0,1,0,0,0,1,7864,179.5,2.76312794,3.80098373,3.80040511,2.43216761,-0.000152228934,0.375609022,-0.11977742,0,0,0.000261532721,0,2226,derived,0,0,0,0,0,0,0,0,0,0,0.000625729923,0,821,0,1.76453014e-07,1.7e-07,6.452901e-05,854.478818,854.478818,5.3016036e-11,509118,0.028288958,0.0525677501,0.001745541,0.252782834,0.0555279159,0.000255708001,0.04286425,0.446248292
397,198.5,397,32.1428392,0.297536484,0.98151307,0.00010376682,2,0,9179,44656,7864,1418,0,168,0,0,1.31094136e-09,2.77381007e-10,0,1,0,0,0,1,7864,179.5,2.7889003,3.86415824,3.86357,2.47259161,-0.000152228934,0.385549077,-0.113416993,0,0,0.000261532721,0,2226,derived,0,0,0,0,0,0,0,0,0,0,0.000625729923,0,823,0,0,0,6.44789451e-05,870.470925,870.470925,1.50210511e-10,509169,0.027786833,0.05185175,0.00169137504,0.25261575,0.055355959,0.000259916065,0.042667541,0.444844875
398,199,398,32.0169198,0.297021608,0.980144151,0.000101782924,2,0,9179,44656,7864,1418,0,168,0,0,1.31094158e-09,1.44588119e-10,0,1,0,0,0,1,7864,179.5,2.82173125,3.92585382,3.92525619,2.51206929,-0.000152228934,0.391292605,-0.109741833,0,0,0.000261532721,0,2226,derived,0,0,0,0,0,0,0,0,0,0,0.000625729923,0,822,0,0,0,6.44243202e-05,886.84104,886.84104,2.98214342e-10,509163,0.029689625,0.051800958,0.00179216708,0.254036291,0.0554185,0.000264458009,0.042273458,0.44768875
399,199.5,399,31.890552,0.296463763,0.978571232,9.98416552e-05,2,0,9179,44656,7864,1418,0,168,0,0,1.31094158e-09,8.74813555e-11,0,1,0,0,0,1,7864,179.5,2.86568902,3.98716691,3.98655995,2.55130222,-0.000152228934,0.391346683,-0.10970723,0,0,0.000261532721,0,2226,derived,0,0,0,0,0,0,0,0,0,0,0.000625729923,0,823,0,0,0,6.43845129e-05,903.589331,903.589331,3.61859431e-11,509243,0.0283774581,0.0522218751,0.00191908306,0.2550965,0.055884416,0.000255374936,0.042587208,0.448756458
400,200,400,31.7637763,0.295855012,0.976830326,9.79301416e-05,2,0,9179,44656,7864,1418,0,168,0,0,1.31094136e-09,7.38924921e-10,0,1,0,0,0,1,7864,179.5,2.90963881,4.0483163,4.04770003,2.59043039,-0.000152228934,0.391346682,-0.10970723,0,0,0.000261532721,0,2226,derived,0,0,0,0,0,0,0,0,0,0,0.000625729923,0,822,0,0,0,6.43420682e-05,920.720323,920.720323,-3.19820503e-10,509168,0.026148375,0.053128875,0.00169383397,0.252665833,0.0557238749,0.000261750072,0.0430965,0.444978
401,200.5,401,31.636634,0.295195048,0.974920182,9.60488056e-05,2,0,9179,44656,7864,1418,0,168,0,0,1.31094158e-09,6.53728516e-10,0,1,0,0,0,1,7864,179.5,2.95341018,4.10921746,4.10859192,2.62939973,-0.000152228934,0.391346682,-0.10970723,0,0,0.000261532721,0,2226,derived,0,0,0,0,0,0,0,0,0,0,0.000625729923,0,823,0,0,0,6.43120895e-05,938.237015,938.237015,3.70481867e-10,509118,0.0280170831,0.052332291,0.00174154202,0.253409292,0.055915041,0.000253458042,0.041754125,0.446180917
402,201,402,31.5091665,0.294483675,0.972839924,9.41979011e-05,2,0,9179,44656,7864,1418,0,168,0,0,1.31094158e-09,3.32514238e-10,0,1,0,0,0,1,7864,179.5,2.99694536,4.16978997,4.16915521,2.66815878,-0.000152228934,0.391346677,-0.109707234,0,0,0.000261532721,0,2226,derived,0,0,0,0,0,0,0,0,0,0,0.000625729923,0,822,0,0,0,6.4280745e-05,956.143278,956.143278,-2.70546252e-10,509189,0.027532459,0.051749791,0.001834583,0.25463675,0.055402625,0.000260166009,0.0413667921,0.445451334
403,201.5,403,31.3814147,0.293720806,0.970589034,9.23775144e-05,2,0,9179,44656,7864,1418,0,168,0,0,1.31094136e-09,4.66267025e-10,0,1,0,0,0,1,7864,179.5,3.04019019,4.22995852,4.2293146,2.70665933,-0.000152228934,0.391346677,-0.109707234,0,0,0.000261532721,0,2226,derived,0,0,0,0,0,0,0,0,0,0,0.000625729923,0,823,0,0,0,6.42594265e-05,974.444058,974.444058,4.28880709e-10,509193,0.0281265409,0.052469375,0.00191562495,0.253440292,0.0559828341,0.000317875063,0.0423033751,0.446916916
404,202,404,31.2534197,0.292906463,0.968167347,9.05878756e-05,2,0,9179,44656,7864,1418,0,168,0,0,1.31094158e-09,3.87759602e-10,0,1,0,0,0,1,7864,179.5,3.08308454,4.28963945,4.28898644,2.74484788,-0.000152228934,0.391346683,-0.10970723,0,0,0.000261532721,0,2226,derived,0,0,0,0,0,0,0,0,0,0,0.000625729923,0,822,0,0,0,6.42371916e-05,993.142317,993.142317,2.97417646e-10,509245,0.0278889161,0.052510875,0.00171920797,0.252512917,0.0554775001,0.000253000064,0.042711708,0.445562708
405,202.5,405,31.1252221,0.292040776,0.965575068,8.88291678e-05,2,0,9179,44656,7864,1418,0,168,0,0,1.31094158e-09,5.8405436e-10,0,1,0,0,0,1,7864,179.5,3.12556831,4.3487491,4.3480871,2.78267087,-0.000152228934,0.391346685,-0.109707228,0,0,0.000261532721,0,2226,derived,0,0,0,0,0,0,0,0,0,0,0.000625729923,0,823,0,0,0,6.42225199e-05,1012.24077,1012.24077,4.73964001e-09,509211,0.027998709,0.0522069581,0.00181354105,0.252428167,0.055521584,0.000259958091,0.043490625,0.446106917
406,203,406,30.9968623,0.291123983,0.962812747,8.71014514e-05,2,0,9179,44656,7864,1418,0,168,0,0,1.31094158e-09,7.56555041e-10,0,1,0,0,0,1,7864,179.5,3.16758428,4.40720786,4.40653696,2.82007737,-0.000152228934,0.391346676,-0.109707234,0,0,0.000261532721,0,2226,derived,0,0,0,0,0,0,0,0,0,0,0.000625729923,0,822,0,0,0,6.42068578e-05,1031.74278,1031.74278,3.2759564e-09,509241,0.029312,0.0522790001,0.00173612498,0.253567208,0.055688833,0.00025225,0.0423888341,0.447884583
407,203.5,407,30.8683805,0.290156428,0.959881297,8.54046323e-05,2,0,9179,44656,7864,1418,0,168,0,0,1.31094136e-09,5.41131473e-10,0,1,0,0,0,1,7864,179.5,3.20908015,4.46494303,4.46426334,2.85702086,-0.000152228934,0.391346685,-0.109707229,0,0,0.000261532721,0,2226,derived,0,0,0,0,0,0,0,0,0,0,0.000625729923,0,823,0,0,0,6.41966772e-05,1051.6529,1051.6529,7.77066633e-10,509252,0.0281220831,0.052007916,0.00198329194,0.253720583,0.0557434161,0.000265292008,0.0418447091,0.446740583
408,204,408,30.7398164,0.289138561,0.956781977,8.37388723e-05,2,0,9179,44656,7864,1418,0,168,0,0,1.31094158e-09,7.34019068e-10,0,1,0,0,0,1,7864,179.5,3.24999375,4.521868,4.52117964,2.89344592,-0.000152228934,0.391346677,-0.109707234,0,0,0.000261532721,0,2226,derived,0,0,0,0,0,0,0,0,0,0,0.000625729923,0,822,0,0,0,6.41853655e-05,1071.97207,1071.97207,-3.04126369e-09,509243,0.0280126251,0.0522077919,0.00172070903,0.252614708,0.056070167,0.000256166095,0.0425773751,0.446015417
409,204.5,409,30.6112092,0.288070937,0.953516396,8.21041363e-05,2,0,9179,44656,7864,1418,0,168,0,0,1.31094158e-09,1.16811338e-10,0,1,0,0,0,1,7864,179.5,3.29026936,4.57790535,4.57720846,2.92930302,-0.000152228934,0.391346681,-0.109707231,0,0,0.000261532721,0,2226,derived,0,0,0,0,0,0,0,0,0,0,0.000625729923,0,823,0,0,0,6.41780961e-05,1092.70277,1092.70277,1.37880352e-09,509271,0.0279051251,0.052326791,0.00194270792,0.253329042,0.05550625,0.000310375006,0.042150292,0.446681
410,205,410,30.4825977,0.286954209,0.950086502,8.05002535e-05,2,0,9179,44656,7864,1418,0,168,0,0,1.31094136e-09,4.17804902e-10,0,1,0,0,0,1,7864,179.5,3.32985674,4.63298514,4.63227987,2.96454739,-0.000152228934,0.391346688,-0.109707226,0,0,0.000261532721,0,2226,derived,0,0,0,0,0,0,0,0,0,0,0.000625729923,0,823,0,0,0,6.41696881e-05,1113.84863,1113.84863,1.26832345e-09,509289,0.0279403341,0.052532417,0.00173779204,0.253526375,0.056006834,0.000327665941,0.042288958,0.446882584
411,205.5,411,30.3540203,0.285789131,0.946494569,7.89271608e-05,2,0,9179,44656,7864,1418,0,168,0,0,1.31094158e-09,2.06282769e-10,0,1,0,0,0,1,7864,179.5,3.36870155,4.68703173,4.68631823,2.99913064,-0.000152228934,0.391346684,-0.109707229,0,0,0.000261532721,0,2226,derived,0,0,0,0,0,0,0,0,0,0,0.000625729923,0,823,0,0,0,6.41643777e-05,1135.41127,1135.41127,9.60003188e-11,509222,0.028586208,0.053721084,0.00201887498,0.25458475,0.055546875,0.000253375038,0.042345459,0.4505125
412,206,412,30.2255147,0.284576556,0.942743205,7.73847878e-05,2,0,9179,44656,7864,1418,0,168,0,0,1.31094136e-09,4.57142768e-10,0,1,0,0,0,1,7864,179.5,3.40674983,4.73997006,4.7392485,3.03300474,-0.000152228934,0.39134668,-0.109707232,0,0,0.000261532721,0,2226,derived,0,0,0,0,0,0,0,0,0,0,0.000625729923,0,823,0,0,0,6.41580211e-05,1157.39163,1157.39163,3.45244189e-09,509350,0.029200291,0.05235075,0.00183145807,0.255145833,0.0551868749,0.000268582953,0.0418684171,0.448347166
413,206.5,413,30.0971179,0.283317424,0.938835322,7.58729522e-05,2,0,9179,44656,7864,1418,0,168,0,0,1.45922718e-09,5.86210858e-10,0,1,0,0,0,1,7864,179.5,3.44395118,4.79173226,4.79100282,3.06612625,-0.000152228934,0.391347325,-0.109706819,0,0,0.000261532721,0,2226,derived,0,0,0,0,0,0,0,0,0,0,0.000625729923,0,822,0,1.40044965e-07,1.4e-07,6.40139977e-05,1179.79152,1179.79152,1.29325795e-09,509376,0.027595875,0.052458666,0.00174241606,0.253231958,0.055244625,0.000254582963,0.042103917,0.445151167
414,207,414,29.9688664,0.282012767,0.934774131,7.439135e-05,2,0,9179,44656,7864,1418,0,168,0,0,9.98228611e-10,4.35956604e-10,0,1,0,0,0,1,7864,179.5,3.48026648,4.84226019,4.84152306,3.09845799,-0.000152228934,0.391347538,-0.109706683,0,0,0.000261532721,0,2226,derived,0,0,0,0,0,0,0,0,0,0,0.000625729923,0,822,0,1.86254817e-07,1.9e-07,6.38228643e-05,1202.61416,1202.61416,-4.91565455e-10,509333,0.0279945,0.05294275,0.00200450001,0.254506584,0.055710917,0.000271208002,0.042031959,0.44808225
415,207.5,415,29.8407959,0.280663701,0.930563135,7.29398921e-05,2,0,9179,44656,7864,1418,0,168,0,0,9.98228611e-10,6.78254564e-10,0,1,0,0,0,1,7864,179.5,3.51564596,4.89148235,4.89073772,3.12995418,-0.000152228934,0.391346682,-0.10970723,0,0,0.000261532721,0,2226,derived,0,0,0,0,0,0,0,0,0,0,0.000625729923,0,823,0,0,0,6.38197603e-05,1225.85856,1225.85856,-2.53224863e-09,509360,0.028739917,0.052703583,0.00178724993,0.253691375,0.055378166,0.000257165986,0.0416835831,0.446858625
416,208,416,29.7129414,0.27927143,0.926206135,7.15183111e-05,2,0,9179,44656,7864,1418,0,168,0,0,9.98228611e-10,7.01953162e-10,0,1,0,0,0,1,7864,179.5,3.55004225,4.93933952,4.93858761,3.16057696,-0.000152228934,0.391346684,-0.109707229,0,0,0.000261532721,0,2226,derived,0,0,0,0,0,0,0,0,0,0,0.000625729923,0,823,0,0,0,6.38159397e-05,1249.52554,1249.52554,1.3809307e-09,509385,0.0277489161,0.052093834,0.00200058299,0.254392542,0.0554857501,0.000268417061,0.0419496249,0.4469105
417,208.5,417,29.585337,0.27783723,0.921707178,7.0126275e-05,2,0,9179,44656,7864,1418,0,168,0,0,9.98228611e-10,5.96854788e-11,0,1,0,0,0,1,7864,179.5,3.58342127,4.9857813,4.98502232,3.19029405,-0.000152228934,0.391346685,-0.109707229,0,0,0.000261532721,0,2226,derived,0,0,0,0,0,0,0,0,0,0,0.000625729923,0,823,0,0,0,6.38133912e-05,1273.61701,1273.61701,-1.68303316e-09,509374,0.0274020419,0.052599791,0.00174162502,0.253444125,0.0560984589,0.000323374989,0.041951458,0.446209417
418,209,418,29.4580161,0.276362451,0.917070556,6.87635025e-05,2,0,9179,44656,7864,1418,0,168,0,0,9.98228389e-10,7.46922524e-11,0,1,0,0,0,1,7864,179.5,3.61574533,5.0307553,5.02998947,3.21907195,-0.000152228934,0.391346689,-0.109707226,0,0,0.000261532721,0,2226,derived,0,0,0,0,0,0,0,0,0,0,0.000625729923,0,823,0,0,0,6.38103329e-05,1298.13319,1298.13319,-2.28929975e-09,509412,0.027752375,0.052110292,0.00178883399,0.255201292,0.0559645001,0.000252875034,0.044463292,0.450078083
419,209.5,419,29.3310111,0.274848508,0.912300801,6.7429744e-05,2,0,9179,44656,7864,1418,0,168,0,0,1.55807689e-09,8.98452424e-11,0,1,0,0,0,1,7864,179.5,3.64697541,5.07420921,5.07343677,3.24687716,-0.000152228934,0.39134725,-0.109706867,0,0,0.000261532721,0,2226,derived,0,0,0,0,0,0,0,0,0,0,0.000625729923,0,822,0,1.23775157e-07,1.3e-07,6.36843789e-05,1323.07303,1323.07303,1.74356463e-09,509371,0.027262667,0.052388417,0.00171016704,0.253092625,0.0555132501,0.000253499951,0.0422729161,0.445071333
420,210,420,29.2043537,0.273296877,0.907402643,6.61246725e-05,2,0,9179,44656,7864,1418,0,168,0,0,1.55807689e-09,4.2230619e-10,0,1,0,0,0,1,7864,179.5,3.67708456,5.11609942,5.1153206,3.27368181,-0.000152228934,0.391346687,-0.109707227,0,0,0.000261532721,0,2226,derived,0,0,0,0,0,0,0,0,0,0,0.000625729923,0,823,0,0,0,6.36818865e-05,1348.43639,1348.43639,-1.05351705e-09,509368,0.0281185419,0.052562125,0.00174545799,0.253621,0.0557384171,0.000256708008,0.0425374999,0.446859542
421,210.5,421,29.0780744,0.271709096,0.902381032,6.48478126e-05,2,0,9179,44656,7864,1418,0,168,0,0,1.55807678e-09,7.58952901e-10,0,1,0,0,0,1,7864,179.5,3.70604628,5.15639519,5.15561024,3.2994662,-0.000152228934,0.391346681,-0.109707231,0,0,0.000261532721,0,2226,derived,0,0,0,0,0,0,0,0,0,0,0.000625729923,0,823,0,0,0,6.36799841e-05,1374.22499,1374.22499,-2.142446e-09,509421,0.0302372499,0.052749917,0.00194579095,0.252734291,0.055762,0.000253667007,0.0425147089,0.448653625
422,211,422,28.952203,0.270086749,0.897241083,6.35988919e-05,2,0,9179,44656,7864,1418,0,168,0,0,1.55807689e-09,6.34357233e-10,0,1,0,0,0,1,7864,179.5,3.7338324,5.19505533,5.19426449,3.324204,-0.000152228934,0.391346684,-0.109707229,0,0,0.000261532721,0,2226,derived,0,0,0,0,0,0,0,0,0,0,0.000625729923,0,823,0,0,0,6.36779207e-05,1400.43654,1400.43654,2.09359752e-09,509331,0.0282183749,0.052905167,0.00212187495,0.254154083,0.0552790409,0.000254916959,0.042196209,0.44769925
423,211.5,423,28.8267681,0.268431469,0.891988076,6.23775461e-05,2,0,9179,44656,7864,1418,0,168,0,0,1.55807689e-09,5.55230084e-10,0,1,0,0,0,1,7864,179.5,3.7604203,5.23204829,5.23125182,3.34787499,-0.000152228934,0.391346677,-0.109707234,0,0,0.000261532721,0,2226,derived,0,0,0,0,0,0,0,0,0,0,0.000625729923,0,823,0,0,0,6.36762482e-05,1427.06977,1427.06977,2.14793472e-09,509373,0.0274292501,0.0521163751,0.00179324998,0.253054125,0.055608083,0.000269917073,0.043299167,0.446099042
424,212,424,28.7017975,0.26674493,0.88662744,6.11833759e-05,2,0,9179,44656,7864,1418,0,168,0,0,1.55807689e-09,5.73601833e-10,0,1,0,0,0,1,7864,179.5,3.78579181,5.26734887,5.26654703,3.37046307,-0.000152228934,0.391346681,-0.109707231,0,0,0.000261532721,0,2226,derived,0,0,0,0,0,0,0,0,0,0,0.000625729923,0,823,0,0,0,6.36745141e-05,1454.12358,1454.12358,1.12903242e-10,509348,0.02813725,0.052871417,0.00175691606,0.251943417,0.0559528751,0.000254207989,0.043383292,0.446852833
425,212.5,425,28.5773177,0.265028836,0.881164716,6.00158708e-05,2,0,9179,44656,7864,1418,0,168,0,0,1.55807689e-09,4.44653203e-10,0,1,0,0,0,1,7864,179.5,3.80993848,5.30094526,5.3001383,3.39196068,-0.000152228934,0.391346682,-0.109707231,0,0,0.000261532721,0,2226,derived,0,0,0,0,0,0,0,0,0,0,0.000625729923,0,823,0,0,0,6.36730447e-05,1481.59903,1481.59903,-1.58504099e-09,509424,0.0281015,0.051911167,0.00173770892,0.254177167,0.0557509579,0.000269791111,0.0419857501,0.446474791
426,213,426,28.4533543,0.263284921,0.875605552,5.88747062e-05,2,0,9179,44656,7864,1418,0,168,0,0,6.58828991e-10,4.07596179e-10,0,1,0,0,0,1,7864,179.5,3.83284152,5.33281346,5.33200165,3.41235245,-0.000152228934,0.391347238,-0.109706875,0,0,0.000261532721,0,2226,derived,0,0,0,0,0,0,0,0,0,0,0.000625729923,0,822,0,1.21727318e-07,1.2e-07,6.35498407e-05,1509.49243,1509.49243,-1.76249626e-09,509386,0.028355375,0.0526505001,0.00187866599,0.253341375,0.0556403331,0.000261541922,0.042199916,0.446609666
427,213.5,427,28.329932,0.261514941,0.869955679,5.7759466e-05,2,0,9179,44656,7864,1418,0,168,0,0,6.58828769e-10,6.9877415e-10,0,1,0,0,0,1,7864,179.5,3.85449702,5.36294165,5.36212526,3.43163084,-0.000152228934,0.391346686,-0.109707228,0,0,0.000261532721,0,2226,derived,0,0,0,0,0,0,0,0,0,0,0.000625729923,0,823,0,0,0,6.35485536e-05,1537.80184,1537.80184,3.24342619e-09,509422,0.0284405,0.052825833,0.00192070904,0.254092291,0.055772417,0.000272332923,0.0422767501,0.448035083
428,214,428,28.2070741,0.25972067,0.864220902,5.66696945e-05,2,0,9179,44656,7864,1418,0,168,0,0,6.58828991e-10,1.96360483e-10,0,1,0,0,0,1,7864,179.5,3.8748958,5.39132343,5.39050272,3.44979172,-0.000152228934,0.391346685,-0.109707229,0,0,0.000261532721,0,2226,derived,0,0,0,0,0,0,0,0,0,0,0.000625729923,0,823,0,0,0,6.3547283e-05,1566.52533,1566.52533,-1.40020551e-10,509425,0.027853291,0.052440459,0.00174083293,0.252722791,0.055959667,0.000252875034,0.044672125,0.44827675
429,214.5,429,28.084803,0.257903894,0.858407073,5.56048902e-05,2,0,9179,44656,7864,1418,0,168,0,0,6.58828769e-10,5.18195264e-10,0,1,0,0,0,1,7864,179.5,3.89404245,5.41796306,5.41713829,3.46683785,-0.000152228934,0.391346685,-0.109707229,0,0,0.000261532721,0,2226,derived,0,0,0,0,0,0,0,0,0,0,0.000625729923,0,823,0,0,0,6.35461581e-05,1595.66247,1595.66247,-3.09052706e-09,509368,0.029602334,0.053060375,0.00201725005,0.254210416,0.055747209,0.000260500005,0.042249875,0.449721875
430,215,430,27.96314,0.256066402,0.852520066,5.45646384e-05,2,0,9179,44656,7864,1418,0,168,0,0,6.58828991e-10,3.29958283e-11,0,1,0,0,0,1,7864,179.5,3.91193646,5.44285981,5.44203125,3.48276874,-0.000152228934,0.391346681,-0.109707231,0,0,0.000261532721,0,2226,derived,0,0,0,0,0,0,0,0,0,0,0.000625729923,0,823,0,0,0,6.35450573e-05,1625.21001,1625.21001,4.4217674e-10,509381,0.027817875,0.051967375,0.00172537495,0.253066709,0.0557664579,0.000256333034,0.042178791,0.445637084
431,215.5,431,27.8421053,0.254209987,0.846565769,5.354851e-05,2,0,9179,44656,7864,1418,0,168,0,0,6.58828991e-10,1.91048066e-10,0,1,0,0,0,1,7864,179.5,3.92858089,5.46601798,5.46518589,3.49758715,-0.000152228934,0.39134668,-0.109707232,0,0,0.000261532721,0,2226,derived,0,0,0,0,0,0,0,0,0,0,0.000625729923,0,823,0,0,0,6.35440746e-05,1655.16467,1655.16467,-6.17173868e-10,509383,0.0282334581,0.052120458,0.00182612496,0.252932292,0.0552074581,0.000253208913,0.042149834,0.445048208
432,216,432,27.7217179,0.252336434,0.840550066,5.25560432e-05,2,0,9179,44656,7864,1418,0,168,0,0,6.58828769e-10,2.16737739e-11,0,1,0,0,0,1,7864,179.5,3.94398392,5.48744893,5.48661358,3.51130036,-0.000152228934,0.39134668,-0.109707232,0,0,0.000261532721,0,2226,derived,0,0,0,0,0,0,0,0,0,0,0.000625729923,0,823,0,0,0,6.35431172e-05,1685.52376,1685.52376,2.79743784e-09,509410,0.0281698339,0.0524525001,0.00202404195,0.252798875,0.0560502911,0.000317832921,0.041915666,0.446498959
433,216.5,433,27.6019958,0.250447517,0.834478811,5.15867729e-05,2,0,9179,44656,7864,1418,0,168,0,0,6.58828991e-10,1.04086739e-10,0,1,0,0,0,1,7864,179.5,3.9581566,5.50716807,5.50632972,3.52391821,-0.000152228934,0.391346684,-0.109707229,0,0,0.000261532721,0,2226,derived,0,0,0,0,0,0,0,0,0,0,0.000625729923,0,823,0,0,0,6.3542258e-05,1716.28447,1716.28447,-2.08173767e-09,509421,0.0276180829,0.051735083,0.00179691601,0.253707709,0.0556595421,0.000252875034,0.0418675421,0.445133458
434,217,434,27.4829559,0.248544998,0.828357822,5.0640169e-05,2,0,9179,44656,7864,1418,0,168,0,0,6.58828991e-10,4.31122915e-11,0,1,0,0,0,1,7864,179.5,3.9711179,5.52520172,5.52436062,3.53545756,-0.000152228934,0.391346685,-0.109707228,0,0,0.000261532721,0,2226,derived,0,0,0,0,0,0,0,0,0,0,0.000625729923,0,823,0,0,0,6.35414236e-05,1747.44593,1747.44593,1.60333968e-10,509398,0.0273762919,0.052363458,0.00184116699,0.253528334,0.055617,0.000254916959,0.043155708,0.446454459
435,217.5,435,27.364614,0.246630617,0.822192857,4.97158249e-05,2,0,9179,44656,7864,1418,0,168,0,0,6.58828769e-10,6.3427652e-10,0,1,0,0,0,1,7864,179.5,3.9828798,5.54156661,5.54072302,3.5459291,-0.000152228934,0.391346684,-0.109707229,0,0,0.000261532721,0,2226,derived,0,0,0,0,0,0,0,0,0,0,0.000625729923,0,823,0,0,0,6.35406712e-05,1779.00316,1779.00316,-2.13442053e-09,509370,0.030256291,0.053278834,0.001876708,0.254485084,0.0557930829,0.000263541006,0.042281667,0.450720416
436,218,436,27.2469849,0.24470609,0.815989605,4.88132803e-05,2,0,9179,44656,7864,1418,0,168,0,0,6.58828991e-10,6.75191902e-10,0,1,0,0,0,1,7864,179.5,3.99346086,5.55628853,5.5554427,3.55534934,-0.000152228934,0.391346687,-0.109707227,0,0,0.000261532721,0,2226,derived,0,0,0,0,0,0,0,0,0,0,0.000625729923,0,823,0,0,0,6.35399432e-05,1810.95266,1810.95266,-2.18777296e-09,509399,0.028228875,0.052250666,0.00191170897,0.254444958,0.055824083,0.000272499979,0.041664875,0.446992917
437,218.5,437,27.1300821,0.242773106,0.809753672,4.79320681e-05,2,0,9179,44656,7864,1418,0,168,0,0,6.58828991e-10,4.28330482e-10,0,1,0,0,0,1,7864,179.5,4.00288261,5.56939744,5.56854961,3.56373744,-0.000152228934,0.391346682,-0.109707231,0,0,0.000261532721,0,2226,derived,0,0,0,0,0,0,0,0,0,0,0.000625729923,0,823,0,0,0,6.35392831e-05,1843.29107,1843.29107,1.38665057e-09,509388,0.0280392501,0.051797042,0.00184675003,0.254801875,0.0559059171,0.00026237499,0.042096833,0.447335125
438,219,438,27.0139184,0.240833321,0.803490559,4.70717226e-05,2,0,9179,44656,7864,1418,0,168,0,0,6.58828991e-10,6.39815978e-10,0,1,0,0,0,1,7864,179.5,4.01116871,5.58092628,5.5800767,3.5711145,-0.000152228934,0.391346683,-0.10970723,0,0,0.000261532721,0,2226,derived,0,0,0,0,0,0,0,0,0,0,0.000625729923,0,823,0,0,0,6.35386477e-05,1876.01495,1876.01495,-2.59541977e-09,509404,0.0277691251,0.052859875,0.00175466598,0.253007,0.055839541,0.000253416016,0.042432333,0.446519917
439,219.5,439,26.8985053,0.238888355,0.797205664,4.62317752e-05,2,0,9179,44656,7864,1418,0,168,0,0,6.58828991e-10,4.66200634e-10,0,1,0,0,0,1,7864,179.5,4.01834538,5.59091153,5.59006043,3.57750385,-0.000152228934,0.391346686,-0.109707228,0,0,0.000261532721,0,2226,derived,0,0,0,0,0,0,0,0,0,0,0.000625729923,0,823,0,0,0,6.35380676e-05,1909.12093,1909.12093,-2.00284933e-09,509419,0.028156334,0.052496917,0.00190775003,0.2532015,0.05549375,0.000254124985,0.0425979169,0.446553709
440,220,440,26.7838533,0.23693979,0.790904257,4.54117261e-05,2,0,9179,44656,7864,1418,0,168,0,0,6.58828991e-10,5.12936804e-10,0,1,0,0,0,1,7864,179.5,4.02444373,5.59939645,5.59854406,3.58293317,-0.000152228934,0.391346688,-0.109707227,0,0,0.000261532721,0,2226,derived,0,0,0,0,0,0,0,0,0,0,0.000625729923,0,823,0,0,0,6.35375123e-05,1942.60703,1942.60703,-2.16083562e-09,509386,0.028077125,0.052197833,0.00171458302,0.254553416,0.0552757081,0.000270290999,0.041974833,0.446821083
441,220.5,441,26.6699721,0.234989164,0.784591476,4.46111666e-05,2,0,9179,44656,7864,1418,0,168,0,0,6.58828991e-10,6.76546597e-10,0,1,0,0,0,1,7864,179.5,4.02948891,5.60641602,5.60556257,3.58742484,-0.000152228934,0.391346683,-0.10970723,0,0,0.000261532721,0,2226,derived,0,0,0,0,0,0,0,0,0,0,0.000625729923,0,823,0,0,0,6.35370019e-05,1976.46765,1976.46765,1.73594916e-09,509394,0.0272654591,0.052913458,0.00172191695,0.253428708,0.0558888341,0.000260083005,0.042113375,0.446696125
442,221,442,26.5568703,0.233037971,0.778272318,4.38296432e-05,2,0,9179,44656,7864,1418,0,168,0,0,6.58828769e-10,4.05241063e-10,0,1,0,0,0,1,7864,179.5,4.0335117,5.61201312,5.61115881,3.5910063,-0.000152228934,0.391346681,-0.109707231,0,0,0.000261532721,0,2226,derived,0,0,0,0,0,0,0,0,0,0,0.000625729923,0,823,0,0,0,6.35365161e-05,2010.69904,2010.69904,-1.36597178e-09,509401,0.0281772501,0.052122541,0.00170008303,0.252836083,0.055650166,0.000260124914,0.0431731661,0.446203833
443,221.5,443,26.4445555,0.231087661,0.771951632,4.3066707e-05,2,0,9179,44656,7864,1418,0,168,0,0,6.58828991e-10,5.69028935e-10,0,1,0,0,0,1,7864,179.5,4.03654428,5.61623248,5.61537753,3.59370618,-0.000152228934,0.391346679,-0.109707232,0,0,0.000261532721,0,2226,derived,0,0,0,0,0,0,0,0,0,0,0.000625729923,0,823,0,0,0,6.35360664e-05,2045.29736,2045.29736,-2.15685358e-09,509432,0.0297622499,0.052264208,0.00172441697,0.253618083,0.0550267501,0.000252999947,0.042932916,0.448011125
444,222,444,26.3330345,0.229139629,0.765634105,4.23219143e-05,2,0,9179,44656,7864,1418,0,168,0,0,6.58828991e-10,5.05134823e-10,0,1,0,0,0,1,7864,179.5,4.03861989,5.61912041,5.61826502,3.5955541,-0.000152228934,0.391346687,-0.109707227,0,0,0.000261532721,0,2226,derived,0,0,0,0,0,0,0,0,0,0,0.000625729923,0,823,0,0,0,6.35356405e-05,2080.25875,2080.25875,-1.37354483e-09,509428,0.0280584591,0.0528918341,0.00192762504,0.256111292,0.0556295001,0.000252459082,0.042626,0.450032292
445,222.5,445,26.2223131,0.227195223,0.759324261,4.15948264e-05,2,0,9179,44656,7864,1418,0,168,0,0,6.58828991e-10,3.1985592e-10,0,1,0,0,0,1,7864,179.5,4.03977286,5.62072456,5.61986892,3.59658057,-0.000152228934,0.391346682,-0.10970723,0,0,0.000261532721,0,2226,derived,0,0,0,0,0,0,0,0,0,0,0.000625729923,0,823,0,0,0,6.3535244e-05,2115.57932,2115.57932,4.10501855e-10,509422,0.028621458,0.052735417,0.00176058302,0.253955125,0.0556875,0.000252833008,0.0421079169,0.447680333
446,223,446,26.1123963,0.225255735,0.753026454,4.08850109e-05,2,0,9179,44656,7864,1418,0,168,0,0,6.58828991e-10,1.13106635e-10,0,1,0,0,0,1,7864,179.5,4.0400382,5.62109373,5.62023804,3.59681679,-0.000152228934,0.391346679,-0.109707232,0,0,0.000261532721,0,2226,derived,0,0,0,0,0,0,0,0,0,0,0.000625729923,0,823,0,0,0,6.35348698e-05,2151.25517,2151.25517,-2.01612027e-09,509441,0.0275334581,0.052534875,0.00172508298,0.253649708,0.055853417,0.000264041941,0.04218975,0.44632875
447,223.5,447,26.0032881,0.223322407,0.746744863,4.01920411e-05,2,0,9179,44656,7864,1418,0,168,0,0,6.58828991e-10,7.60542518e-10,0,1,0,0,0,1,7864,179.5,4.03945164,5.62027763,5.61942206,3.59629458,-0.000152228934,0.391346681,-0.109707231,0,0,0.000261532721,0,2226,derived,0,0,0,0,0,0,0,0,0,0,0.000625729923,0,823,0,0,0,6.35345197e-05,2187.28236,2187.28236,-6.43349818e-11,509384,0.0276635409,0.052594042,0.00194533297,0.254002583,0.055805333,0.000252333004,0.04217725,0.446920333
448,224,448,25.894992,0.221396423,0.74048349,3.95154823e-05,2,0,9179,44656,7864,1418,0,168,0,0,6.58828769e-10,6.54049481e-10,0,1,0,0,0,1,7864,179.5,4.03805088,5.61832871,5.61747343,3.59504751,-0.000152228934,0.391346687,-0.109707227,0,0,0.000261532721,0,2226,derived,0,0,0,0,0,0,0,0,0,0,0.000625729923,0,823,0,0,0,6.353419e-05,2223.65779,2223.65779,-9.2461816e-11,509438,0.0273825,0.053004042,0.00201691606,0.255460292,0.0555944589,0.000256749918,0.0417559589,0.447660166
449,224.5,449,25.7875104,0.219478913,0.734246155,3.88549293e-05,2,0,9179,44656,7864,1418,0,168,0,0,6.58828769e-10,2.0561286e-10,0,1,0,0,0,1,7864,179.5,4.03587169,5.6152967,5.61444189,3.59310739,-0.000152228934,0.391346686,-0.109707228,0,0,0.000261532721,0,2226,derived,0,0,0,0,0,0,0,0,0,0,0.000625729923,0,823,0,0,0,6.35338806e-05,2260.37716,2260.37716,2.09072137e-09,509320,0.029511083,0.052515292,0.00203866605,0.2529865,0.055057125,0.000255167019,0.04220225,0.446805666
450,225,450,25.6808452,0.217570949,0.728036494,3.82099855e-05,2,0,9179,44656,7864,1418,0,168,0,0,6.58828991e-10,5.25969157e-10,0,1,0,0,0,1,7864,179.5,4.03294976,5.61123126,5.61037707,3.59050601,-0.000152228934,0.391346681,-0.109707231,0,0,0.000261532721,0,2226,derived,0,0,0,0,0,0,0,0,0,0,0.000625729923,0,823,0,0,0,6.35335893e-05,2297.43605,2297.43605,2.06993933e-09,509292,0.0284259589,0.051435416,0.00183045899,0.254533833,0.055620916,0.00025641697,0.041785583,0.446408334
451,225.5,451,25.5749973,0.215673548,0.72185796,3.75802517e-05,2,0,9179,44656,7864,1418,0,168,0,0,6.58828991e-10,2.35520936e-10,0,1,0,0,0,1,7864,179.5,4.02932179,5.60618351,5.60533008,3.58727606,-0.000152228934,0.391346685,-0.109707229,0,0,0.000261532721,0,2226,derived,0,0,0,0,0,0,0,0,0,0,0.000625729923,0,823,0,0,0,6.35333152e-05,2334.83058,2334.83058,-1.9847729e-09,509265,0.02818625,0.052178042,0.00184308307,0.254918334,0.055696,0.000268417061,0.041816125,0.4475965
452,226,452,25.4699672,0.21378767,0.715713821,3.69653362e-05,2,0,9179,44656,7864,1418,0,168,0,0,6.58828991e-10,2.52096344e-10,0,1,0,0,0,1,7864,179.5,4.02502443,5.6002044,5.59935189,3.58345016,-0.000152228934,0.391346686,-0.109707228,0,0,0.000261532721,0,2226,derived,0,0,0,0,0,0,0,0,0,0,0.000625729923,0,823,0,0,0,6.3533057e-05,2372.55687,2372.55687,1.04957776e-09,509256,0.0275775,0.052761834,0.00193262496,0.253402458,0.055737542,0.000301791937,0.042305666,0.446393792
453,226.5,453,25.3657545,0.21191422,0.709607161,3.63648545e-05,2,0,9179,44656,7864,1418,0,168,0,0,6.58828991e-10,1.41029188e-10,0,1,0,0,0,1,7864,179.5,4.02009409,5.5933446,5.59249313,3.57906072,-0.000152228934,0.391346687,-0.109707227,0,0,0.000261532721,0,2226,derived,0,0,0,0,0,0,0,0,0,0,0.000625729923,0,823,0,0,0,6.35328137e-05,2410.61113,2410.61113,-2.3349056e-10,509261,0.0276655409,0.052717667,0.001753291,0.252954167,0.05574675,0.000253167003,0.042742625,0.446498083
454,227,454,25.2623583,0.210054047,0.703540881,3.57784302e-05,2,0,9179,44656,7864,1418,0,168,0,0,6.58828991e-10,6.54187815e-11,0,1,0,0,0,1,7864,179.5,4.01456688,5.5856543,5.584804,3.57413986,-0.000152228934,0.391346681,-0.109707231,0,0,0.000261532721,0,2226,derived,0,0,0,0,0,0,0,0,0,0,0.000625729923,0,823,0,0,0,6.35325842e-05,2448.98957,2448.98957,1.37098422e-09,509264,0.0283301249,0.0529433331,0.00201666704,0.2532355,0.056027458,0.000264416914,0.0422614169,0.4478875
455,227.5,455,25.1597771,0.208207942,0.697517701,3.52056942e-05,2,0,9179,44656,7864,1418,0,168,0,0,6.58828991e-10,2.43852383e-10,0,1,0,0,0,1,7864,179.5,4.00847837,5.57718309,5.57633409,3.56871932,-0.000152228934,0.391346685,-0.109707229,0,0,0.000261532721,0,2226,derived,0,0,0,0,0,0,0,0,0,0,0.000625729923,0,823,0,0,0,6.35323676e-05,2487.68848,2487.68848,5.41308554e-10,509310,0.030020208,0.052102791,0.00181320799,0.254111417,0.056161042,0.000260417,0.041757958,0.448852583
456,228,456,25.0580087,0.206376647,0.69154016,3.46462856e-05,2,0,9179,44656,7864,1418,0,168,0,0,6.58828769e-10,7.35423056e-10,0,1,0,0,0,1,7864,179.5,4.00186373,5.56797982,5.56713221,3.56283034,-0.000152228934,0.391346681,-0.109707231,0,0,0.000261532721,0,2226,derived,0,0,0,0,0,0,0,0,0,0,0.000625729923,0,822,0,0,0,6.3532163e-05,2526.70419,2526.70419,-1.57053437e-09,509373,0.027863167,0.0523617091,0.00173958298,0.253886291,0.055300208,0.000321207917,0.042429833,0.446439333
457,228.5,457,24.9570506,0.204560845,0.685610621,3.40998511e-05,2,0,9179,44656,7864,1418,0,168,0,0,6.58828991e-10,3.86304322e-11,0,1,0,0,0,1,7864,179.5,3.99475739,5.55809244,5.55724633,3.55650362,-0.000152228934,0.391346682,-0.109707231,0,0,0.000261532721,0,2226,derived,0,0,0,0,0,0,0,0,0,0,0.000625729923,0,822,0,0,0,6.35319695e-05,2566.03308,2566.03308,2.66762168e-10,509348,0.027808125,0.052180125,0.00178716704,0.26070675,0.055246709,0.000553749967,0.041967291,0.452539458
458,229,458,24.8568996,0.20276117,0.679731274,3.35660455e-05,2,0,9179,44656,7864,1418,0,168,0,0,6.58828769e-10,7.16092963e-10,0,1,0,0,0,1,7864,179.5,3.98719313,5.54756793,5.54672343,3.54976921,-0.000152228934,0.391346682,-0.109707231,0,0,0.000261532721,0,2226,derived,0,0,0,0,0,0,0,0,0,0,0.000625729923,0,822,0,0,0,6.35317865e-05,2605.67162,2605.67162,1.49761448e-09,509405,0.028785083,0.051762167,0.00191662495,0.256633792,0.0555995,0.000253750011,0.042196208,0.449829916
459,229.5,459,24.757552,0.200978203,0.673904139,3.30445313e-05,2,0,9179,44656,7864,1418,0,168,0,0,6.58828991e-10,3.12099235e-10,0,1,0,0,0,1,7864,179.5,3.97920392,5.53645218,5.53560937,3.54265648,-0.000152228934,0.391346683,-0.10970723,0,0,0.000261532721,0,2226,derived,0,0,0,0,0,0,0,0,0,0,0.000625729923,0,822,0,0,0,6.35316131e-05,2645.61634,2645.61634,1.4484316e-09,509300,0.028343291,0.052608125,0.00199633394,0.257249333,0.056377125,0.00025404105,0.0421266671,0.451553125
460,230,460,24.6590038,0.199212477,0.668131069,3.25349792e-05,2,0,9179,44656,7864,1418,0,168,0,0,6.58828769e-10,6.15688611e-10,0,1,0,0,0,1,7864,179.5,3.97082192,5.52478993,5.52394889,3.53519406,-0.000152228934,0.391346687,-0.109707227,0,0,0.000261532721,0,2226,derived,0,0,0,0,0,0,0,0,0,0,0.000625729923,0,822,0,0,0,6.35314488e-05,2685.86384,2685.86384,7.30590921e-10,509363,0.028573083,0.0520722499,0.00185800006,0.256975792,0.0556185,0.000262915972,0.041726083,0.44947525
461,230.5,461,24.5612505,0.197464475,0.662413758,3.20370675e-05,2,0,9179,44656,7864,1418,0,168,0,0,6.58828991e-10,9.73483516e-11,0,1,0,0,0,1,7864,179.5,3.96207841,5.51262464,5.51178546,3.52740975,-0.000152228934,0.39134668,-0.109707232,0,0,0.000261532721,0,2226,derived,0,0,0,0,0,0,0,0,0,0,0.000625729923,0,822,0,0,0,6.3531293e-05,2726.4108,2726.4108,-1.28817201e-09,509248,0.027237709,0.0524925831,0.00199833303,0.256029041,0.0553615,0.000253333943,0.0418316659,0.447695584
462,231,462,24.4642871,0.195734631,0.656753742,3.15504825e-05,2,0,9179,44656,7864,1418,0,168,0,0,6.58828991e-10,6.43895159e-10,0,1,0,0,0,1,7864,179.5,3.95300363,5.49999849,5.49916123,3.51933055,-0.000152228934,0.391346685,-0.109707229,0,0,0.000261532721,0,2226,derived,0,0,0,0,0,0,0,0,0,0,0.000625729923,0,822,0,0,0,6.35311451e-05,2767.25397,2767.25397,-1.7170142e-09,509386,0.0280423331,0.0510391251,0.00184375001,0.25450025,0.054873292,0.000256875064,0.042015917,0.445295916
463,231.5,463,24.3681085,0.194023339,0.651152404,3.10749181e-05,2,0,9179,44656,7864,1418,0,168,0,0,6.58828991e-10,3.58847507e-10,0,1,0,0,0,1,7864,179.5,3.94362695,5.48695229,5.48611701,3.51098257,-0.000152228934,0.391346685,-0.109707229,0,0,0.000261532721,0,2226,derived,0,0,0,0,0,0,0,0,0,0,0.000625729923,0,822,0,0,0,6.35310045e-05,2808.39019,2808.39019,-6.14450602e-10,509324,0.029410959,0.0525885409,0.00185179198,0.254851,0.0558592499,0.000264791073,0.042271291,0.4496825
464,232,464,24.2727089,0.192330943,0.645610984,3.06100763e-05,2,0,9179,44656,7864,1418,0,168,0,0,6.58828991e-10,3.44038797e-10,0,1,0,0,0,1,7864,179.5,3.9339767,5.47352543,5.4726922,3.50239101,-0.000152228934,0.391346682,-0.109707231,0,0,0.000261532721,0,2226,derived,0,0,0,0,0,0,0,0,0,0,0.000625729923,0,822,0,0,0,6.35308708e-05,2849.81639,2849.81639,-1.9723112e-11,509314,0.028011834,0.052560959,0.00174474996,0.255683,0.0555505829,0.000255584018,0.0420253749,0.448547709
465,232.5,465,24.1780826,0.190657748,0.640130576,3.01556663e-05,2,0,9179,44656,7864,1418,0,168,0,0,6.58828769e-10,2.36731301e-10,0,1,0,0,0,1,7864,179.5,3.9240801,5.45975583,5.4589247,3.49358014,-0.000152228934,0.391346681,-0.109707231,0,0,0.000261532721,0,2226,derived,0,0,0,0,0,0,0,0,0,0,0.000625729923,0,822,0,0,0,6.35307435e-05,2891.52958,2891.52958,2.46187515e-10,509343,0.027728708,0.052685459,0.00173654198,0.254106291,0.056258125,0.000260917004,0.0418397089,0.44728
466,233,466,24.0842232,0.189004018,0.634712141,2.9711405e-05,2,0,9179,44656,7864,1418,0,168,0,0,6.58828991e-10,4.11061407e-10,0,1,0,0,0,1,7864,179.5,3.91396339,5.44567998,5.44485099,3.48457331,-0.000152228934,0.391346681,-0.109707231,0,0,0.000261532721,0,2226,derived,0,0,0,0,0,0,0,0,0,0,0.000625729923,0,822,0,0,0,6.35306223e-05,2933.52686,2933.52686,-5.20675392e-10,509350,0.027899416,0.052199792,0.00174824998,0.253903125,0.055513708,0.000321416999,0.04220625,0.446734041
467,233.5,467,23.9911243,0.187369978,0.629356508,2.9277017e-05,2,0,9179,44656,7864,1418,0,168,0,0,6.58828991e-10,4.55119609e-10,0,1,0,0,0,1,7864,179.5,3.9036517,5.43133285,5.43050604,3.47539289,-0.000152228934,0.391346684,-0.109707229,0,0,0.000261532721,0,2226,derived,0,0,0,0,0,0,0,0,0,0,0.000625729923,0,822,0,0,0,6.35305067e-05,2975.80541,2975.80541,-1.06637477e-10,509329,0.02753825,0.052225291,0.00199537503,0.254914416,0.055639,0.000291291042,0.041902125,0.44707875
468,234,468,23.8987791,0.185755815,0.624064384,2.88522338e-05,2,0,9179,44656,7864,1418,0,168,0,0,6.58828991e-10,7.68586528e-10,0,1,0,0,0,1,7864,179.5,3.89316911,5.41674791,5.41592332,3.4660603,-0.000152228934,0.391346679,-0.109707232,0,0,0.000261532721,0,2226,derived,0,0,0,0,0,0,0,0,0,0,0.000625729923,0,822,0,0,0,6.35303964e-05,3018.36251,3018.36251,1.63271618e-11,509390,0.027358833,0.0527303331,0.00179070898,0.254065209,0.055755084,0.000265666982,0.0417693331,0.44620225
469,234.5,469,23.8071808,0.184161682,0.618836354,2.8436779e-05,2,0,9179,44656,7864,1418,0,168,0,0,6.58828991e-10,2.41562437e-10,0,1,0,0,0,1,7864,179.5,3.88254068,5.4019601,5.40113777,3.4565979,-0.000152228934,0.391346683,-0.10970723,0,0,0.000261532721,0,2226,derived,0,0,0,0,0,0,0,0,0,0,0.000625729923,0,822,0,0,0,6.3530291e-05,3061.19715,3061.19715,1.47742441e-09,509404,0.0297935409,0.052733833,0.001709125,0.254594125,0.055726,0.000260500005,0.041654916,0.449367291
470,235,470,23.7163222,0.182587697,0.613672892,2.80304104e-05,2,0,9179,44656,7864,1418,0,168,0,0,6.58828769e-10,5.35365863e-10,0,1,0,0,0,1,7864,179.5,3.87178683,5.38699775,5.38617769,3.44702381,-0.000152228934,0.391346679,-0.109707233,0,0,0.000261532721,0,2226,derived,0,0,0,0,0,0,0,0,0,0,0.000625729923,0,822,0,0,0,6.35301903e-05,3104.30567,3104.30567,-2.36136777e-10,509350,0.028077167,0.0527351671,0.00174558302,0.253762083,0.055813833,0.00027620804,0.0416939589,0.447010167
471,235.5,471,23.6261959,0.181033946,0.608574363,2.76328838e-05,2,0,9179,44656,7864,1418,0,168,0,0,6.58828991e-10,1.86148208e-10,0,1,0,0,0,1,7864,179.5,3.86092797,5.37188931,5.37107156,3.43735625,-0.000152228934,0.391346678,-0.109707233,0,0,0.000261532721,0,2226,derived,0,0,0,0,0,0,0,0,0,0,0.000625729923,0,822,0,0,0,6.35300939e-05,3147.68533,3147.68533,8.60651106e-10,509423,0.027166334,0.052538625,0.00185833301,0.253694458,0.055038959,0.000253458042,0.042028125,0.445163
472,236,472,23.5367945,0.179500487,0.603541029,2.72439593e-05,2,0,9179,44656,7864,1418,0,168,0,0,6.58828991e-10,6.41326547e-10,0,1,0,0,0,1,7864,179.5,3.84998389,5.35666231,5.35584687,3.42761282,-0.000152228934,0.391346681,-0.109707231,0,0,0.000261532721,0,2226,derived,0,0,0,0,0,0,0,0,0,0,0.000625729923,0,822,0,0,0,6.35300017e-05,3191.33379,3191.33379,-1.42574463e-09,509391,0.027606792,0.052467333,0.00173466711,0.25433325,0.055717792,0.000272959005,0.042044917,0.446717833
473,236.5,473,23.4481104,0.177987346,0.598573058,2.68634035e-05,2,0,9179,44656,7864,1418,0,168,0,0,6.58828991e-10,5.632389e-10,0,1,0,0,0,1,7864,179.5,3.83897332,5.34134279,5.34052969,3.41781019,-0.000152228934,0.391346683,-0.10970723,0,0,0.000261532721,0,2226,derived,0,0,0,0,0,0,0,0,0,0,0.000625729923,0,822,0,0,0,6.35299133e-05,3235.24876,3235.24876,-1.03764231e-09,509441,0.028151875,0.0526438339,0.00200858398,0.254390542,0.0555449581,0.000263458001,0.041882042,0.447204
474,237,474,23.3601357,0.176494524,0.59367052,2.64909898e-05,2,0,9179,44656,7864,1418,0,168,0,0,6.58828769e-10,4.76729767e-13,0,1,0,0,0,1,7864,179.5,3.82791389,5.3259553,5.32514454,3.40796407,-0.000152228934,0.391346686,-0.109707228,0,0,0.000261532721,0,2226,derived,0,0,0,0,0,0,0,0,0,0,0.000625729923,0,822,0,0,0,6.35298285e-05,3279.42806,3279.42806,9.30319821e-10,509486,0.028164125,0.0522100419,0.00204083405,0.253927917,0.055668375,0.000325458008,0.042374,0.4469
475,237.5,475,23.2728628,0.175021997,0.588833407,2.61264979e-05,2,0,9179,44656,7864,1418,0,168,0,0,6.58828769e-10,6.91834368e-10,0,1,0,0,0,1,7864,179.5,3.81682231,5.31052307,5.30971465,3.39808931,-0.000152228934,0.391346684,-0.109707229,0,0,0.000261532721,0,2226,derived,0,0,0,0,0,0,0,0,0,0,0.000625729923,0,822,0,0,0,6.35297472e-05,3323.86961,3323.86961,-6.1209926e-10,509428,0.027456625,0.0525816249,0.00175383303,0.254688709,0.05561425,0.000256332918,0.0422722499,0.447254625
476,238,476,23.1862835,0.173569715,0.584061624,2.5769714e-05,2,0,9179,44656,7864,1418,0,168,0,0,6.58828991e-10,5.73056935e-10,0,1,0,0,0,1,7864,179.5,3.80571426,5.2950679,5.29426184,3.38819989,-0.000152228934,0.391346681,-0.109707231,0,0,0.000261532721,0,2226,derived,0,0,0,0,0,0,0,0,0,0,0.000625729923,0,822,0,0,0,6.3529669e-05,3368.57138,3368.57138,2.57212029e-11,509372,0.027539083,0.0529158331,0.00178708311,0.256131041,0.0561502081,0.000253624981,0.042395459,0.449456916
477,238.5,477,23.1003899,0.172137609,0.579355006,2.54204294e-05,2,0,9179,44656,7864,1418,0,168,0,0,6.58828769e-10,6.47342846e-10,0,1,0,0,0,1,7864,179.5,3.79460454,5.27961045,5.27880674,3.37830899,-0.000152228934,0.391346683,-0.10970723,0,0,0.000261532721,0,2226,derived,0,0,0,0,0,0,0,0,0,0,0.000625729923,0,822,0,0,0,6.3529594e-05,3413.53155,3413.53155,3.95437905e-10,509381,0.028179292,0.051430083,0.00177820795,0.254373542,0.05599825,0.000539832981,0.041606542,0.446564917
478,239,478,23.015174,0.170725587,0.574713315,2.50784155e-05,2,0,9179,44656,7864,1418,0,168,0,0,6.58828769e-10,7.27263139e-10,0,1,0,0,0,1,7864,179.5,3.78351106,5.26417557,5.26337421,3.36843254,-0.000152228934,0.391346682,-0.10970723,0,0,0.000261532721,0,2226,derived,0,0,0,0,0,0,0,0,0,0,0.000625729923,0,822,0,0,0,6.35295218e-05,3458.7519,3458.7519,-3.88151844e-10,509360,0.027753041,0.0529172909,0.00202008302,0.253676166,0.0555597501,0.000269333017,0.0416765,0.446598291
479,239.5,479,22.9306276,0.169333539,0.57013625,2.47435036e-05,2,0,9179,44656,7864,1418,0,168,0,0,6.58828769e-10,5.81608983e-10,0,1,0,0,0,1,7864,179.5,3.77244268,5.24877563,5.24797661,3.35857846,-0.000152228934,0.391346688,-0.109707227,0,0,0.000261532721,0,2226,derived,0,0,0,0,0,0,0,0,0,0,0.000625729923,0,822,0,0,0,6.35294523e-05,3504.22722,3504.22722,-2.11772933e-10,509365,0.0270445419,0.053366375,0.00174045807,0.255003792,0.055235125,0.000263374997,0.042164,0.447658292
480,240,480,22.8467425,0.167961338,0.565623446,2.44155035e-05,2,0,9179,44656,7864,1418,0,168,0,0,6.58828769e-10,6.18617602e-10,0,1,0,0,0,1,7864,179.5,3.76141144,5.23342732,5.23263064,3.34875741,-0.000152228934,0.391346681,-0.109707231,0,0,0.000261532721,0,2226,derived,0,0,0,0,0,0,0,0,0,0,0.000625729923,0,822,0,0,0,6.35293853e-05,3549.95583,3549.95583,1.05692211e-09,509371,0.027919833,0.052375166,0.00171666592,0.254503375,0.054961167,0.000257167034,0.041668375,0.446087542
481,240.5,481,22.7635105,0.166608838,0.56117448,2.40942308e-05,2,0,9179,44656,7864,1418,0,168,0,0,6.58828991e-10,7.09798442e-10,0,1,0,0,0,1,7864,179.5,3.7504284,5.21814613,5.21735177,3.3389793,-0.000152228934,0.391346685,-0.109707229,0,0,0.000261532721,0,2226,derived,0,0,0,0,0,0,0,0,0,0,0.000625729923,0,822,0,0,0,6.35293208e-05,3595.93614,3595.93614,-1.57140967e-10,509468,0.027157292,0.05242625,0.00169437495,0.254541459,0.055759042,0.000263834023,0.0447521671,0.449248375
482,241,482,22.6809236,0.16527588,0.556788879,2.37795065e-05,2,0,9179,44656,7864,1418,0,168,0,0,6.58828991e-10,7.53869522e-10,0,1,0,0,0,1,7864,179.5,3.73950392,5.20294639,5.20215435,3.32925331,-0.000152228934,0.391346687,-0.109707227,0,0,0.000261532721,0,2226,derived,0,0,0,0,0,0,0,0,0,0,0.000625729923,0,822,0,0,0,6.35292587e-05,3642.16661,3642.16661,-4.53687532e-10,509506,0.0272094581,0.05178925,0.00184249994,0.254034417,0.0554256671,0.000260917004,0.042232708,0.445280291
483,241.5,483,22.5989735,0.16396229,0.552466122,2.34711566e-05,2,0,9179,44656,7864,1418,0,168,0,0,6.58828991e-10,6.36862341e-10,0,1,0,0,0,1,7864,179.5,3.72864753,5.18784136,5.18705162,3.31958793,-0.000152228934,0.391346678,-0.109707233,0,0,0.000261532721,0,2226,derived,0,0,0,0,0,0,0,0,0,0,0.000625729923,0,821,0,0,0,6.35291986e-05,3688.64579,3688.64579,-1.3156336e-09,509439,0.027939375,0.052549583,0.0020035411,0.25516175,0.0558569591,0.000266709016,0.041922291,0.448212834
484,242,484,22.5176519,0.162667881,0.548205646,2.31689811e-05,2,0,9179,44656,7864,1418,0,168,0,0,6.58828991e-10,3.04360981e-11,0,1,0,0,0,1,7864,179.5,3.71787304,5.17285033,5.17206287,3.30999549,-0.000152228934,0.391346684,-0.109707229,0,0,0.000261532721,0,2226,derived,0,0,0,0,0,0,0,0,0,0,0.000625729923,0,821,0,0,0,6.35291407e-05,3735.37723,3735.37723,7.57846674e-10,509486,0.0282265829,0.0525230829,0.00188083295,0.254430208,0.055907583,0.000264166971,0.042318917,0.447770333
485,242.5,485,22.4369509,0.161392457,0.544006849,2.28728458e-05,2,0,9179,44656,7864,1418,0,168,0,0,6.58828991e-10,3.14619442e-10,0,1,0,0,0,1,7864,179.5,3.70718398,5.15797813,5.15719293,3.30047909,-0.000152228934,0.39134668,-0.109707232,0,0,0.000261532721,0,2226,derived,0,0,0,0,0,0,0,0,0,0,0.000625729923,0,821,0,0,0,6.35290847e-05,3782.35529,3782.35529,-4.35082081e-10,509562,0.028358,0.0522680001,0.00178545807,0.254075792,0.0559993749,0.000259457971,0.0418553749,0.447053208
486,243,486,22.3568621,0.160135811,0.53986909,2.25825938e-05,2,0,9179,44656,7864,1418,0,168,0,0,6.58828991e-10,1.26491706e-10,0,1,0,0,0,1,7864,179.5,3.69658738,5.1432346,5.14245165,3.29104503,-0.000152228934,0.391346687,-0.109707227,0,0,0.000261532721,0,2226,derived,0,0,0,0,0,0,0,0,0,0,0.000625729923,0,821,0,0,0,6.35290306e-05,3829.57842,3829.57842,7.97656385e-10,509540,0.027386375,0.052785083,0.00174333306,0.253739,0.0557854171,0.000275041093,0.0417118339,0.446126917
487,243.5,487,22.2773777,0.158897723,0.535791692,2.22980712e-05,2,0,9179,44656,7864,1418,0,168,0,0,6.58828769e-10,4.68922678e-10,0,1,0,0,0,1,7864,179.5,3.68608992,5.12862896,5.12784824,3.28169919,-0.000152228934,0.391346679,-0.109707232,0,0,0.000261532721,0,2226,derived,0,0,0,0,0,0,0,0,0,0,0.000625729923,0,821,0,0,0,6.35289783e-05,3877.04546,3877.04546,-1.14289245e-09,509531,0.0271647499,0.0519852081,0.00174912508,0.254300333,0.0555283329,0.000262208981,0.0415171661,0.445193833
488,244,488,22.1984894,0.157677968,0.531773951,2.20191287e-05,2,0,9179,44656,7864,1418,0,168,0,0,6.58828991e-10,3.18585824e-10,0,1,0,0,0,1,7864,179.5,3.67569758,5.11416965,5.11339112,3.27244699,-0.000152228934,0.391346687,-0.109707227,0,0,0.000261532721,0,2226,derived,0,0,0,0,0,0,0,0,0,0,0.000625729923,0,821,0,0,0,6.35289276e-05,3924.75527,3924.75527,-1.11921217e-09,509575,0.029597625,0.0523255831,0.00187687494,0.253401167,0.0559909591,0.00027066702,0.0422151249,0.447945875
489,244.5,489,22.1201893,0.156476314,0.527815141,2.17455874e-05,2,0,9179,44656,7864,1418,0,168,0,0,6.58828769e-10,3.59383856e-10,0,1,0,0,0,1,7864,179.5,3.66542165,5.09987227,5.09909592,3.26329841,-0.000152228934,0.391346686,-0.109707228,0,0,0.000261532721,0,2226,derived,0,0,0,0,0,0,0,0,0,0,0.000625729923,0,821,0,0,0,6.35288786e-05,3972.71283,3972.71283,7.88901389e-10,509460,0.0278567909,0.052422542,0.00175625004,0.254678792,0.055297459,0.000261625042,0.041850625,0.446772625
490,245,490,22.0424696,0.155292521,0.523914513,2.14773381e-05,2,0,9179,44656,7864,1418,0,168,0,0,6.58828769e-10,5.52498713e-10,0,1,0,0,0,1,7864,179.5,3.65526192,5.08573654,5.08496234,3.25425325,-0.000152228934,0.391346681,-0.109707231,0,0,0.000261532721,0,2226,derived,0,0,0,0,0,0,0,0,0,0,0.000625729923,0,821,0,0,0,6.35288311e-05,4020.9119,4020.9119,8.67519168e-10,509540,0.0279492079,0.0525684999,0.00200754195,0.254032208,0.0556505,0.00025629194,0.0418328751,0.446936666
491,245.5,491,21.9653222,0.154126345,0.520071294,2.12142471e-05,2,0,9179,44656,7864,1418,0,168,0,0,6.58828991e-10,1.88700167e-10,0,1,0,0,0,1,7864,179.5,3.64522223,5.07176785,5.07099578,3.24531499,-0.000152228934,0.391346682,-0.10970723,0,0,0.000261532721,0,2226,derived,0,0,0,0,0,0,0,0,0,0,0.000625729923,0,821,0,0,0,6.3528785e-05,4069.35109,4069.35109,-1.13636978e-09,509535,0.0277805,0.0518454589,0.00181925006,0.254594333,0.055702792,0.000260500005,0.042388791,0.446713125
492,246,492,21.8887394,0.152977535,0.51628469,2.09561823e-05,2,0,9179,44656,7864,1418,0,168,0,0,6.58828769e-10,7.67504615e-10,0,1,0,0,0,1,7864,179.5,3.63530642,5.05797152,5.05720155,3.23648702,-0.000152228934,0.39134668,-0.109707232,0,0,0.000261532721,0,2226,derived,0,0,0,0,0,0,0,0,0,0,0.000625729923,0,821,0,0,0,6.35287404e-05,4118.02949,4118.02949,-1.1490805e-09,509460,0.0281205421,0.051807667,0.00168962497,0.2543535,0.05576425,0.000315624988,0.042255958,0.446987
493,246.5,493,21.8127135,0.151845836,0.512553896,2.07029948e-05,2,0,9179,44656,7864,1418,0,168,0,0,6.58828991e-10,3.05789616e-10,0,1,0,0,0,1,7864,179.5,3.6255214,5.04435716,5.04358927,3.22777548,-0.000152228934,0.391346681,-0.109707231,0,0,0.000261532721,0,2226,derived,0,0,0,0,0,0,0,0,0,0,0.000625729923,0,821,0,0,0,6.3528697e-05,4166.95026,4166.95026,1.4966961e-10,509452,0.0277757091,0.052080667,0.001922542,0.255674084,0.0553141669,0.000264582923,0.0418103751,0.447771334
494,247,494,21.7372368,0.150730993,0.5088781,2.04545626e-05,2,0,9179,44656,7864,1418,0,168,0,0,6.58828991e-10,6.77676359e-10,0,1,0,0,0,1,7864,179.5,3.6158699,5.03092857,5.03016272,3.21918282,-0.000152228934,0.391346679,-0.109707232,0,0,0.000261532721,0,2226,derived,0,0,0,0,0,0,0,0,0,0,0.000625729923,0,821,0,0,0,6.3528655e-05,4216.11248,4216.11248,-2.42161624e-10,509482,0.0276515409,0.05217725,0.0017327501,0.254914375,0.0556664589,0.000254375045,0.041761541,0.446835541
495,247.5,495,21.6623018,0.149632746,0.505256474,2.02107833e-05,2,0,9179,44656,7864,1418,0,168,0,0,6.58828991e-10,1.20345511e-10,0,1,0,0,0,1,7864,179.5,3.60635117,5.01768476,5.01692092,3.21070838,-0.000152228934,0.391346688,-0.109707226,0,0,0.000261532721,0,2226,derived,0,0,0,0,0,0,0,0,0,0,0.000625729923,0,821,0,0,0,6.35286141e-05,4265.51189,4265.51189,9.40571399e-10,509536,0.02802125,0.0514874579,0.00183954195,0.255138709,0.05549425,0.000273457961,0.041883167,0.446615334
496,248,496,21.5879009,0.14855083,0.501688177,1.997154e-05,2,0,9179,44656,7864,1418,0,168,0,0,6.58828769e-10,2.92569746e-10,0,1,0,0,0,1,7864,179.5,3.59696727,5.00462849,5.00386664,3.20235396,-0.000152228934,0.391346687,-0.109707228,0,0,0.000261532721,0,2226,derived,0,0,0,0,0,0,0,0,0,0,0.000625729923,0,821,0,0,0,6.35285744e-05,4315.1478,4315.1478,2.60128141e-10,509561,0.0291856669,0.052446417,0.00192495796,0.255609083,0.0556804159,0.000261541922,0.0421861251,0.449848208
497,248.5,497,21.5140268,0.147484984,0.498172366,1.97366975e-05,2,0,9179,44656,7864,1418,0,168,0,0,6.58828991e-10,6.26742658e-10,0,1,0,0,0,1,7864,179.5,3.58772379,4.99176758,4.99100769,3.19412454,-0.000152228934,0.39134668,-0.109707232,0,0,0.000261532721,0,2226,derived,0,0,0,0,0,0,0,0,0,0,0.000625729923,0,821,0,0,0,6.35285358e-05,4365.02417,4365.02417,8.70999273e-10,509630,0.02838325,0.0518049579,0.00186941703,0.254232875,0.055584208,0.000321458094,0.0417935,0.446672417
498,249,498,21.4406722,0.146434943,0.494708202,1.95061486e-05,2,0,9179,44656,7864,1418,0,168,0,0,6.58828769e-10,3.79607235e-10,0,1,0,0,0,1,7864,179.5,3.57862171,4.97910345,4.97834549,3.18602104,-0.000152228934,0.391346686,-0.109707228,0,0,0.000261532721,0,2226,derived,0,0,0,0,0,0,0,0,0,0,0.000625729923,0,820,0,0,0,6.35284983e-05,4415.14009,4415.14009,-7.22093829e-10,509549,0.027696375,0.0514934161,0.0018195,0.2561455,0.0556645411,0.000264875009,0.041938834,0.447860666
499,249.5,499,21.3678298,0.145400443,0.491294831,1.92798053e-05,2,0,9179,44656,7864,1418,0,168,0,0,6.58828769e-10,4.22946567e-10,0,1,0,0,0,1,7864,179.5,3.56965867,4.96663276,4.96587669,3.17804131,-0.000152228934,0.391346684,-0.109707229,0,0,0.000261532721,0,2226,derived,0,0,0,0,0,0,0,0,0,0,0.000625729923,0,820,0,0,0,6.35284618e-05,4465.491,4465.491,8.39173619e-10,509559,0.0279390831,0.0524079581,0.00173233298,0.254863084,0.055862542,0.000263875001,0.0420762501,0.447908083
500,250,500,21.2954925,0.144381218,0.487931399,1.9057564e-05,2,0,9179,44656,7864,1418,0,168,0,0,6.58828991e-10,9.3153707e-11,0,1,0,0,0,1,7864,179.5,3.56083529,4.95435638,4.95360219,3.17018592,-0.000152228934,0.391346688,-0.109707227,0,0,0.000261532721,0,2226,derived,0,0,0,0,0,0,0,0,0,0,0.000625729923,0,820,0,0,0,6.35284263e-05,4516.07637,4516.07637,6.52144561e-10,509546,0.025884541,0.0519876659,0.00169308297,0.253778958,0.0555828749,0.00025587494,0.0421792091,0.443941666
501,250.5,501,21.2236533,0.143377002,0.484617058,1.88392895e-05,2,0,9179,44656,7864,1418,0,168,0,0,6.58828991e-10,3.36373374e-10,0,1,0,0,0,1,7864,179.5,3.55215859,4.94228407,4.94153171,3.16246111,-0.000152228934,0.391346681,-0.109707231,0,0,0.000261532721,0,2226,derived,0,0,0,0,0,0,0,0,0,0,0.000625729923,0,820,0,0,0,6.35283917e-05,4566.90388,4566.90388,5.67950131e-11,509582,0.028215625,0.0520842921,0.00177591702,0.255087875,0.055295917,0.000263791066,0.041387458,0.446565917
502,251,502,21.1523053,0.142387536,0.481350966,1.86249123e-05,2,0,9179,44656,7864,1418,0,168,0,0,6.58828769e-10,5.57059732e-10,0,1,0,0,0,1,7864,179.5,3.5436236,4.93040893,4.92965837,3.15486246,-0.000152228934,0.39134668,-0.109707232,0,0,0.000261532721,0,2226,derived,0,0,0,0,0,0,0,0,0,0,0.000625729923,0,820,0,0,0,6.3528358e-05,4617.96678,4617.96678,7.04743375e-10,509589,0.0272344591,0.0516787079,0.00178625004,0.252775958,0.055466583,0.000254792045,0.043175875,0.444929709
503,251.5,503,21.0814417,0.141412553,0.478132269,1.84143446e-05,2,0,9179,44656,7864,1418,0,168,0,0,6.58828991e-10,1.91739735e-10,0,1,0,0,0,1,7864,179.5,3.53522887,4.91872894,4.91798017,3.14738869,-0.000152228934,0.391346679,-0.109707233,0,0,0.000261532721,0,2226,derived,0,0,0,0,0,0,0,0,0,0,0.000625729923,0,820,0,0,0,6.35283252e-05,4669.26308,4669.26308,-1.22346355e-10,509608,0.027763834,0.0523674169,0.00188179198,0.254133167,0.055985542,0.000261083012,0.042146542,0.446952292
504,252,504,21.0110557,0.140451793,0.474960123,1.82074789e-05,2,0,9179,44656,7864,1418,0,168,0,0,6.58828991e-10,2.80493184e-10,0,1,0,0,0,1,7864,179.5,3.52697706,4.90724785,4.90650082,3.14004219,-0.000152228934,0.391346688,-0.109707227,0,0,0.000261532721,0,2226,derived,0,0,0,0,0,0,0,0,0,0,0.000625729923,0,820,0,0,0,6.35282932e-05,4720.79631,4720.79631,-1.68621006e-10,509523,0.0274130829,0.052623209,0.002019334,0.254065375,0.0556645,0.000252833939,0.042105208,0.446806166
505,252.5,505,20.9411407,0.139505,0.4718337,1.80042152e-05,2,0,9179,44656,7864,1418,0,168,0,0,6.58828991e-10,3.16327187e-10,0,1,0,0,0,1,7864,179.5,3.51887,4.8959681,4.8952228,3.13282452,-0.000152228934,0.391346682,-0.109707231,0,0,0.000261532721,0,2226,derived,0,0,0,0,0,0,0,0,0,0,0.000625729923,0,820,0,0,0,6.3528262e-05,4772.56911,4772.56911,-9.54340273e-10,509624,0.027843584,0.05256625,0.00175479194,0.253889959,0.0555974169,0.00027275004,0.041745208,0.446295917
506,253,506,20.8716903,0.138571914,0.468752167,1.78044938e-05,2,0,9179,44656,7864,1418,0,168,0,0,6.58828991e-10,1.82271975e-10,0,1,0,0,0,1,7864,179.5,3.51090176,4.88488151,4.88413789,3.12573045,-0.000152228934,0.39134668,-0.109707232,0,0,0.000261532721,0,2226,derived,0,0,0,0,0,0,0,0,0,0,0.000625729923,0,820,0,0,0,6.35282316e-05,4824.5745,4824.5745,-2.92112112e-10,509614,0.0278017081,0.0522640829,0.00173791707,0.254771083,0.055433542,0.000255416962,0.0418710411,0.446793125
507,253.5,507,20.8026979,0.137652282,0.465714696,1.7608227e-05,2,0,9179,44656,7864,1418,0,168,0,0,6.58828991e-10,9.78109815e-11,0,1,0,0,0,1,7864,179.5,3.50307207,4.87398773,4.87324576,3.11875975,-0.000152228934,0.391346689,-0.109707226,0,0,0.000261532721,0,2226,derived,0,0,0,0,0,0,0,0,0,0,0.000625729923,0,820,0,0,0,6.35282019e-05,4876.81313,4876.81313,3.18910454e-10,509549,0.028804375,0.052468833,0.00187162496,0.254025,0.0559533751,0.000259583932,0.041822791,0.447689333
508,254,508,20.7341573,0.136745851,0.462720476,1.74152977e-05,2,0,9179,44656,7864,1418,0,168,0,0,6.58828991e-10,1.35705447e-10,0,1,0,0,0,1,7864,179.5,3.49538713,4.86329531,4.86255498,3.11191791,-0.000152228934,0.391346688,-0.109707226,0,0,0.000261532721,0,2226,derived,0,0,0,0,0,0,0,0,0,0,0.000625729923,0,820,0,0,0,6.35281729e-05,4929.2945,4929.2945,7.52564899e-10,509499,0.027877792,0.052760459,0.00215387496,0.255418833,0.05562875,0.000254541053,0.0413398331,0.448228208
509,254.5,509,20.6660623,0.135852374,0.459768702,1.72256666e-05,2,0,9179,44656,7864,1418,0,168,0,0,6.58828991e-10,1.04714015e-10,0,1,0,0,0,1,7864,179.5,3.48783798,4.85279181,4.85205308,3.10519694,-0.000152228934,0.391346686,-0.109707228,0,0,0.000261532721,0,2226,derived,0,0,0,0,0,0,0,0,0,0,0.000625729923,0,820,0,0,0,6.35281446e-05,4982.00789,4982.00789,1.30780275e-10,509571,0.0287242091,0.051510875,0.00219291693,0.254173958,0.0557790421,0.000273416052,0.0413564999,0.446884542
510,255,510,20.5984067,0.134971603,0.456858569,1.70392566e-05,2,0,9179,44656,7864,1418,0,168,0,0,6.58828769e-10,5.83230353e-10,0,1,0,0,0,1,7864,179.5,3.48042312,4.84247515,4.84173798,3.09859553,-0.000152228934,0.39134668,-0.109707232,0,0,0.000261532721,0,2226,derived,0,0,0,0,0,0,0,0,0,0,0.000625729923,0,820,0,0,0,6.3528117e-05,5034.95299,5034.95299,-3.35927175e-10,509552,0.0274950841,0.0523796669,0.00171004201,0.255489708,0.0554674581,0.000253875041,0.041490459,0.446849542
511,255.5,511,20.5311847,0.134103296,0.453989291,1.68559519e-05,2,0,9179,44656,7864,1418,0,168,0,0,6.58828769e-10,7.27584326e-10,0,1,0,0,0,1,7864,179.5,3.47314962,4.83235521,4.83161958,3.09212,-0.000152228934,0.391346684,-0.109707229,0,0,0.000261532721,0,2226,derived,0,0,0,0,0,0,0,0,0,0,0.000625729923,0,820,0,0,0,6.352809e-05,5088.14164,5088.14164,2.82838197e-11,509619,0.027947208,0.0530837501,0.00209629198,0.255954125,0.055480542,0.000255708932,0.041535666,0.448934542
512,256,512,20.4643901,0.133247215,0.451160098,1.66757196e-05,2,0,9179,44656,7864,1418,0,168,0,0,6.58828991e-10,6.8512962e-10,0,1,0,0,0,1,7864,179.5,3.46600807,4.82241883,4.82168471,3.08576192,-0.000152228934,0.391346681,-0.109707231,0,0,0.000261532721,0,2226,derived,0,0,0,0,0,0,0,0,0,0,0.000625729923,0,820,0,0,0,6.35280636e-05,5141.56251,5141.56251,-4.83786011e-10,509503,0.028261167,0.0525022079,0.00202020793,0.254539333,0.055519,0.00026183296,0.041820167,0.447739875
513,256.5,513,20.3980174,0.13240312,0.448370211,1.64984914e-05,2,0,9179,44656,7864,1418,0,168,0,0,6.58828991e-10,7.79224241e-10,0,1,0,0,0,1,7864,179.5,3.45899614,4.81266281,4.81193018,3.07951926,-0.000152228934,0.391346683,-0.10970723,0,0,0.000261532721,0,2226,derived,0,0,0,0,0,0,0,0,0,0,0.000625729923,0,820,0,0,0,6.35280377e-05,5195.21472,5195.21472,-7.3726103e-10,509537,0.029206458,0.0522025841,0.00186995801,0.254099166,0.0554701251,0.000253707985,0.042417833,0.447770292
514,257,514,20.3320607,0.131570781,0.445618879,1.63241579e-05,2,0,9179,44656,7864,1418,0,168,0,0,6.58828991e-10,1.94098293e-10,0,1,0,0,0,1,7864,179.5,3.45212089,4.80309694,4.80236577,3.07339826,-0.000152228934,0.391346681,-0.109707231,0,0,0.000261532721,0,2226,derived,0,0,0,0,0,0,0,0,0,0,0.000625729923,0,820,0,0,0,6.35280125e-05,5249.11091,5249.11091,-3.80135923e-10,509515,0.028388167,0.052936125,0.00197216705,0.25420625,0.055411625,0.000264207949,0.0422069579,0.447968084
515,257.5,515,20.2665144,0.130749971,0.442905362,1.61526916e-05,2,0,9179,44656,7864,1418,0,168,0,0,6.58828769e-10,3.98480804e-10,0,1,0,0,0,1,7864,179.5,3.44537246,4.79370753,4.79297778,3.06739018,-0.000152228934,0.391346678,-0.109707233,0,0,0.000261532721,0,2226,derived,0,0,0,0,0,0,0,0,0,0,0.000625729923,0,820,0,0,0,6.35279878e-05,5303.23921,5303.23921,-1.0024892e-10,509555,0.02798975,0.05229575,0.00174524996,0.254314,0.055751792,0.000260125031,0.041380542,0.446636667
516,258,516,20.2013731,0.129940461,0.440228917,1.5984029e-05,2,0,9179,44656,7864,1418,0,168,0,0,6.58828991e-10,4.75940398e-10,0,1,0,0,0,1,7864,179.5,3.43874857,4.78449143,4.7837631,3.061493,-0.000152228934,0.391346687,-0.109707227,0,0,0.000261532721,0,2226,derived,0,0,0,0,0,0,0,0,0,0,0.000625729923,0,820,0,0,0,6.35279637e-05,5357.59917,5357.59917,-8.23417223e-10,509570,0.027462666,0.0525815421,0.00177520805,0.253660083,0.056000292,0.000275541097,0.042385958,0.44679425
517,258.5,517,20.1366314,0.129142032,0.437588829,1.58180667e-05,2,0,9179,44656,7864,1418,0,168,0,0,6.58828991e-10,4.38163061e-10,0,1,0,0,0,1,7864,179.5,3.43225624,4.77545832,4.77473135,3.0557129,-0.000152228934,0.391346678,-0.109707233,0,0,0.000261532721,0,2226,derived,0,0,0,0,0,0,0,0,0,0,0.000625729923,0,820,0,0,0,6.352794e-05,5412.20408,5412.20408,-4.58779903e-10,509542,0.028009958,0.052874667,0.00193949998,0.253392292,0.055414958,0.000252958038,0.041525875,0.44603175
518,259,518,20.0722839,0.128354564,0.434967271,1.56560493e-05,2,0,9179,44656,7864,1418,0,168,0,0,6.58828991e-10,2.76689227e-10,0,1,0,0,0,1,7864,179.5,3.4256132,4.76621557,4.76549002,3.04979867,-0.000152228934,0.391346686,-0.109707228,0,0,0.000261532721,0,2226,derived,0,0,0,0,0,0,0,0,0,0,0.000625729923,0,820,0,0,0,6.35279169e-05,5467.03796,5467.03796,1.95473637e-10,509596,0.0282170421,0.05140175,0.00182062504,0.254105667,0.055494417,0.000634874916,0.0424122909,0.446335625
519,259.5,519,20.0083252,0.127578584,0.432361019,1.54982529e-05,2,0,9179,44656,7864,1418,0,168,0,0,6.58828991e-10,2.9908831e-10,0,1,0,0,0,1,7864,179.5,3.4187763,4.75670308,4.75597898,3.04371183,-0.000152228934,0.391346687,-0.109707227,0,0,0.000261532721,0,2226,derived,0,0,0,0,0,0,0,0,0,0,0.000625729923,0,820,0,0,0,6.35278942e-05,5522.1036,5522.1036,-6.92563118e-10,509542,0.02838575,0.0532918329,0.00172904099,0.25438275,0.055712375,0.000264915987,0.042093875,0.448432166
520,260,520,19.9447497,0.126814195,0.429773547,1.53444034e-05,2,0,9179,44656,7864,1418,0,168,0,0,6.58828991e-10,3.75665277e-10,0,1,0,0,0,1,7864,179.5,3.4118003,4.74699705,4.74627441,3.03750115,-0.000152228934,0.391346688,-0.109707227,0,0,0.000261532721,0,2226,derived,0,0,0,0,0,0,0,0,0,0,0.000625729923,0,820,0,0,0,6.3527872e-05,5577.392,5577.392,3.26105809e-11,509491,0.0276606251,0.052367209,0.00186183292,0.254752,0.0555151249,0.000257916981,0.042036458,0.446692458
521,260.5,521,19.8815517,0.126061445,0.427222476,1.51931912e-05,2,0,9179,44656,7864,1418,0,168,0,0,6.58828769e-10,2.59845034e-10,0,1,0,0,0,1,7864,179.5,3.40497111,4.73749526,4.73677408,3.03142116,-0.000152228934,0.391346686,-0.109707228,0,0,0.000261532721,0,2226,derived,0,0,0,0,0,0,0,0,0,0,0.000625729923,0,820,0,0,0,6.35278503e-05,5632.90171,5632.90171,3.38926665e-11,509465,0.0276219579,0.052819459,0.00178629102,0.253820625,0.055790292,0.000261291978,0.0419586251,0.446555458
522,261,522,19.8187255,0.125320014,0.424709764,1.50443426e-05,2,0,9179,44656,7864,1418,0,168,0,0,6.58828991e-10,2.65548361e-10,0,1,0,0,0,1,7864,179.5,3.39832982,4.72825493,4.72753516,3.02550848,-0.000152228934,0.391346686,-0.109707228,0,0,0.000261532721,0,2226,derived,0,0,0,0,0,0,0,0,0,0,0.000625729923,0,820,0,0,0,6.3527829e-05,5688.63361,5688.63361,-6.71008471e-10,509446,0.028079291,0.052363708,0.0017275,0.254391541,0.0553829171,0.000255667022,0.041863417,0.446776375
523,261.5,523,19.7562658,0.124589589,0.422234354,1.48978045e-05,2,0,9179,44656,7864,1418,0,168,0,0,6.58828991e-10,1.32632572e-10,0,1,0,0,0,1,7864,179.5,3.39186931,4.71926611,4.71854771,3.01975672,-0.000152228934,0.391346684,-0.109707229,0,0,0.000261532721,0,2226,derived,0,0,0,0,0,0,0,0,0,0,0.000625729923,0,820,0,0,0,6.35278081e-05,5744.58827,5744.58827,-6.52361498e-10,509468,0.0273778749,0.0528974159,0.002002083,0.254743458,0.055584334,0.000264166971,0.0420467081,0.447538292
524,262,524,19.6941673,0.12386987,0.419795225,1.47535269e-05,2,0,9179,44656,7864,1418,0,168,0,0,6.58828991e-10,7.19041493e-10,0,1,0,0,0,1,7864,179.5,3.3855824,4.71051883,4.70980176,3.01415953,-0.000152228934,0.391346681,-0.109707231,0,0,0.000261532721,0,2226,derived,0,0,0,0,0,0,0,0,0,0,0.000625729923,0,820,0,0,0,6.35277876e-05,5800.76572,5800.76572,-9.15049148e-11,509445,0.027574167,0.051942625,0.00182254205,0.254637792,0.055874167,0.000276749954,0.042034625,0.446829042
525,262.5,525,19.6324246,0.123160568,0.417391399,1.46114575e-05,2,0,9179,44656,7864,1418,0,168,0,0,6.58828991e-10,2.86435764e-10,0,1,0,0,0,1,7864,179.5,3.37946306,4.70200471,4.70128893,3.00871152,-0.000152228934,0.391346682,-0.109707231,0,0,0.000261532721,0,2226,derived,0,0,0,0,0,0,0,0,0,0,0.000625729923,0,820,0,0,0,6.35277676e-05,5857.16742,5857.16742,-1.0612522e-10,509437,0.027984416,0.052162625,0.00182104099,0.253315666,0.0556714591,0.000253292033,0.0426997499,0.446509666
526,263,526,19.5710329,0.122461406,0.415021935,1.447155e-05,2,0,9179,44656,7864,1418,0,168,0,0,6.58828769e-10,6.74644784e-11,0,1,0,0,0,1,7864,179.5,3.37350459,4.69371441,4.69299989,3.00340674,-0.000152228934,0.391346678,-0.109707233,0,0,0.000261532721,0,2226,derived,0,0,0,0,0,0,0,0,0,0,0.000625729923,0,820,0,0,0,6.35277479e-05,5913.79313,5913.79313,1.59499747e-10,509386,0.028084708,0.052784958,0.00175075,0.253521125,0.055660125,0.000320874969,0.0421859169,0.446903791
527,263.5,527,19.5099872,0.121772114,0.412685926,1.43337571e-05,2,0,9179,44656,7864,1418,0,168,0,0,6.58828769e-10,1.82818205e-11,0,1,0,0,0,1,7864,179.5,3.36770103,4.68563964,4.68492635,2.99823987,-0.000152228934,0.391346678,-0.109707233,0,0,0.000261532721,0,2226,derived,0,0,0,0,0,0,0,0,0,0,0.000625729923,0,820,0,0,0,6.35277286e-05,5970.64346,5970.64346,5.33093569e-10,509444,0.028956083,0.052829416,0.00190979196,0.254328209,0.055782292,0.000265000039,0.0423375,0.448916041
528,264,528,19.4492827,0.121092438,0.410382501,1.41980319e-05,2,0,9179,44656,7864,1418,0,168,0,0,6.58828769e-10,6.14231888e-10,0,1,0,0,0,1,7864,179.5,3.36204692,4.67777285,4.67706076,2.99320608,-0.000152228934,0.391346689,-0.109707226,0,0,0.000261532721,0,2226,derived,0,0,0,0,0,0,0,0,0,0,0.000625729923,0,820,0,0,0,6.35277097e-05,6027.71946,6027.71946,1.90025551e-10,509402,0.027905875,0.052439208,0.00176762498,0.253704041,0.0557864171,0.000255333958,0.041916833,0.446132375
529,264.5,529,19.3889148,0.120422128,0.40811082,1.40643322e-05,2,0,9179,44656,7864,1418,0,168,0,0,6.58828991e-10,4.28572844e-10,0,1,0,0,0,1,7864,179.5,3.35653636,4.67010571,4.66939479,2.98830004,-0.000152228934,0.391346679,-0.109707233,0,0,0.000261532721,0,2226,derived,0,0,0,0,0,0,0,0,0,0,0.000625729923,0,820,0,0,0,6.35276911e-05,6085.02073,6085.02073,-8.97607544e-11,509378,0.0275180411,0.053235583,0.001708542,0.254349042,0.055495417,0.000268416945,0.042327166,0.44750275
530,265,530,19.3288788,0.119760947,0.405870077,1.39326131e-05,2,0,9179,44656,7864,1418,0,168,0,0,6.58828991e-10,4.09940526e-10,0,1,0,0,0,1,7864,179.5,3.35116446,4.66263153,4.66192175,2.98351748,-0.000152228934,0.391346678,-0.109707233,0,0,0.000261532721,0,2226,derived,0,0,0,0,0,0,0,0,0,0,0.000625729923,0,820,0,0,0,6.35276728e-05,6142.54857,6142.54857,-6.8124395e-12,509392,0.0280809159,0.0525753751,0.00176112505,0.255121625,0.055588625,0.000260084053,0.041620583,0.447810958
531,265.5,531,19.2691705,0.119108666,0.403659493,1.38028342e-05,2,0,9179,44656,7864,1418,0,168,0,0,6.58828991e-10,1.68692837e-10,0,1,0,0,0,1,7864,179.5,3.3459259,4.65534291,4.65463423,2.97885364,-0.000152228934,0.391346687,-0.109707227,0,0,0.000261532721,0,2226,derived,0,0,0,0,0,0,0,0,0,0,0.000625729923,0,820,0,0,0,6.35276549e-05,6200.30289,6200.30289,-2.96640046e-10,509398,0.0273847909,0.052477875,0.00190912501,0.256972334,0.0555897499,0.000253958046,0.0420153331,0.449191875
532,266,532,19.2097853,0.118465062,0.401478319,1.3674955e-05,2,0,9179,44656,7864,1418,0,168,0,0,6.58828991e-10,2.69829048e-10,0,1,0,0,0,1,7864,179.5,3.34081586,4.64823307,4.64752548,2.97430421,-0.000152228934,0.391346685,-0.109707228,0,0,0.000261532721,0,2226,derived,0,0,0,0,0,0,0,0,0,0,0.000625729923,0,820,0,0,0,6.35276373e-05,6258.28405,6258.28405,1.78762116e-10,509296,0.028052417,0.0514560411,0.00179616699,0.255197625,0.055808917,0.000250458019,0.041482958,0.446432958
533,266.5,533,19.1507192,0.117829924,0.399325835,1.35489347e-05,2,0,9179,44656,7864,1418,0,168,0,0,6.58828991e-10,5.67539571e-10,0,1,0,0,0,1,7864,179.5,3.33583006,4.64129608,4.64058955,2.96986538,-0.000152228934,0.391346681,-0.109707231,0,0,0.000261532721,0,2226,derived,0,0,0,0,0,0,0,0,0,0,0.000625729923,0,820,0,0,0,6.352762e-05,6316.49311,6316.49311,4.68229011e-10,509331,0.027637583,0.052532292,0.00208812498,0.255119583,0.0556818329,0.000263917027,0.041813041,0.447768125
534,267,534,19.0919679,0.117203046,0.397201345,1.34247371e-05,2,0,9179,44656,7864,1418,0,168,0,0,6.58828991e-10,6.52288779e-10,0,1,0,0,0,1,7864,179.5,3.33096354,4.63452508,4.63381958,2.96553276,-0.000152228934,0.391346686,-0.109707228,0,0,0.000261532721,0,2226,derived,0,0,0,0,0,0,0,0,0,0,0.000625729923,0,820,0,0,0,6.35276031e-05,6374.9295,6374.9295,2.28156383e-10,509428,0.0275120831,0.0522655831,0.00185033306,0.254919459,0.055630791,0.000267750002,0.041603209,0.446668542
535,267.5,535,19.0335275,0.116584231,0.395104178,1.33023229e-05,2,0,9179,44656,7864,1418,0,168,0,0,6.58828991e-10,3.75828035e-10,0,1,0,0,0,1,7864,179.5,3.32621264,4.62791493,4.62721043,2.96130307,-0.000152228934,0.391346687,-0.109707227,0,0,0.000261532721,0,2226,derived,0,0,0,0,0,0,0,0,0,0,0.000625729923,0,820,0,0,0,6.35275864e-05,6433.59463,6433.59463,7.3903772e-11,509300,0.02986375,0.053066041,0.00174929202,0.25440725,0.0557987089,0.000280166976,0.0419135831,0.449750792
536,268,536,18.975394,0.115973287,0.393033689,1.31816573e-05,2,0,9179,44656,7864,1418,0,168,0,0,6.58828991e-10,3.06385917e-10,0,1,0,0,0,1,7864,179.5,3.32157289,4.62145943,4.62075591,2.95717234,-0.000152228934,0.391346685,-0.109707228,0,0,0.000261532721,0,2226,derived,0,0,0,0,0,0,0,0,0,0,0.000625729923,0,820,0,0,0,6.352757e-05,6492.48806,6492.48806,6.85903556e-10,509333,0.0273237909,0.052154625,0.00181937509,0.2550435,0.0558187501,0.000263333903,0.0417164579,0.446424666
537,268.5,537,18.9175636,0.115370031,0.390989254,1.30627048e-05,2,0,9179,44656,7864,1418,0,168,0,0,6.58828991e-10,5.68116998e-10,0,1,0,0,0,1,7864,179.5,3.31704056,4.61515338,4.61445082,2.95313723,-0.000152228934,0.391346684,-0.109707229,0,0,0.000261532721,0,2226,derived,0,0,0,0,0,0,0,0,0,0,0.000625729923,0,820,0,0,0,6.35275539e-05,6551.61044,6551.61044,5.63346925e-10,509379,0.027737167,0.0521294171,0.00213691697,0.254729291,0.055760375,0.000272332923,0.041556292,0.447103583
538,269,538,18.8600324,0.114774286,0.388970272,1.29454304e-05,2,0,9179,44656,7864,1418,0,168,0,0,6.58828991e-10,2.93684854e-10,0,1,0,0,0,1,7864,179.5,3.31261206,4.60899179,4.60829017,2.94919456,-0.000152228934,0.391346679,-0.109707232,0,0,0.000261532721,0,2226,derived,0,0,0,0,0,0,0,0,0,0,0.000625729923,0,820,0,0,0,6.3527538e-05,6610.96234,6610.96234,-6.58963328e-10,509244,0.02764875,0.052371333,0.00192562491,0.255089167,0.05511775,0.000257875072,0.042040083,0.446998834
539,269.5,539,18.8027969,0.11418588,0.386976163,1.28298024e-05,2,0,9179,44656,7864,1418,0,168,0,0,6.58828991e-10,5.89996718e-10,0,1,0,0,0,1,7864,179.5,3.30828345,4.6029692,4.6022685,2.94534084,-0.000152228934,0.391346681,-0.109707231,0,0,0.000261532721,0,2226,derived,0,0,0,0,0,0,0,0,0,0,0.000625729923,0,820,0,0,0,6.35275224e-05,6670.54335,6670.54335,-3.54099194e-10,509261,0.0280875419,0.052561583,0.00194604101,0.254457917,0.0556331669,0.000252582948,0.041617834,0.446912
540,270,540,18.7458534,0.113604648,0.385006367,1.27157858e-05,2,0,9179,44656,7864,1418,0,168,0,0,6.58828991e-10,2.10245155e-10,0,1,0,0,0,1,7864,179.5,3.30405197,4.59708174,4.59638193,2.94157357,-0.000152228934,0.391346681,-0.109707231,0,0,0.000261532721,0,2226,derived,0,0,0,0,0,0,0,0,0,0,0.000625729923,0,820,0,0,0,6.35275071e-05,6730.35501,6730.35501,1.85158111e-10,509295,0.02762975,0.051964584,0.00182050001,0.25588225,0.055781333,0.00026208302,0.0416268751,0.447563541
541,270.5,541,18.6891985,0.11303043,0.383060342,1.26033517e-05,2,0,9179,44656,7864,1418,0,168,0,0,6.58828769e-10,6.22027985e-10,0,1,0,0,0,1,7864,179.5,3.29991367,4.59132395,4.59062502,2.93788929,-0.000152228934,0.391346684,-0.109707229,0,0,0.000261532721,0,2226,derived,0,0,0,0,0,0,0,0,0,0,0.000625729923,0,820,0,0,0,6.3527492e-05,6790.3963,6790.3963,7.32613303e-10,509282,0.027366042,0.05193675,0.00185604196,0.256447667,0.055718792,0.000254916027,0.0418001249,0.448303875
542,271,542,18.6328286,0.112463073,0.381137566,1.24924672e-05,2,0,9179,44656,7864,1418,0,168,0,0,6.58828991e-10,1.48648205e-10,0,1,0,0,0,1,7864,179.5,3.29586599,4.58569222,4.58499415,2.93428567,-0.000152228934,0.391346686,-0.109707228,0,0,0.000261532721,0,2226,derived,0,0,0,0,0,0,0,0,0,0,0.000625729923,0,820,0,0,0,6.35274772e-05,6850.6686,6850.6686,2.25757635e-10,509233,0.027125292,0.051684375,0.001823292,0.254980583,0.0556523331,0.000257791951,0.04196175,0.44624625
543,271.5,543,18.5767404,0.111902427,0.379237536,1.23831037e-05,2,0,9179,44656,7864,1418,0,168,0,0,6.58828991e-10,2.65333533e-10,0,1,0,0,0,1,7864,179.5,3.29190559,4.58018192,4.57948469,2.93075975,-0.000152228934,0.391346684,-0.109707229,0,0,0.000261532721,0,2226,derived,0,0,0,0,0,0,0,0,0,0,0.000625729923,0,820,0,0,0,6.35274626e-05,6911.17145,6911.17145,-4.13626355e-10,509284,0.027316084,0.0524602081,0.0018359581,0.255841209,0.055609458,0.000272959005,0.042960583,0.448800875
544,272,544,18.5209307,0.111348348,0.37735976,1.22752314e-05,2,0,9179,44656,7864,1418,0,168,0,0,6.58828769e-10,6.97364055e-10,0,1,0,0,0,1,7864,179.5,3.28802972,4.57478927,4.57409285,2.9273091,-0.000152228934,0.391346688,-0.109707227,0,0,0.000261532721,0,2226,derived,0,0,0,0,0,0,0,0,0,0,0.000625729923,0,820,0,0,0,6.35274483e-05,6971.90544,6971.90544,6.54422294e-10,509361,0.029807083,0.0529022081,0.00178920792,0.255316625,0.057735958,0.00056204095,0.0431815,0.453616041
545,272.5,545,18.4653961,0.110800697,0.37550377,1.21688218e-05,2,0,9179,44656,7864,1418,0,168,0,0,6.58828991e-10,3.16847881e-10,0,1,0,0,0,1,7864,179.5,3.28423576,4.56951051,4.5688149,2.92393134,-0.000152228934,0.391346679,-0.109707232,0,0,0.000261532721,0,2226,derived,0,0,0,0,0,0,0,0,0,0,0.000625729923,0,820,0,0,0,6.35274341e-05,7032.87094,7032.87094,-1.94056216e-10,509295,0.0277070841,0.0537391669,0.00179958297,0.256199458,0.0555796671,0.000260332949,0.042033917,0.449693
546,273,546,18.4101336,0.110259339,0.373669107,1.20638478e-05,2,0,9179,44656,7864,1418,0,168,0,0,6.58828991e-10,7.09932113e-11,0,1,0,0,0,1,7864,179.5,3.28052077,4.56434168,4.56364686,2.92062392,-0.000152228934,0.391346679,-0.109707232,0,0,0.000261532721,0,2226,derived,0,0,0,0,0,0,0,0,0,0,0.000625729923,0,820,0,0,0,6.35274202e-05,7094.06772,7094.06772,-1.6614099e-10,509236,0.0283735839,0.05367975,0.00177408301,0.256376208,0.0561784171,0.000263833092,0.0419739169,0.451719709
547,273.5,547,18.35514,0.109724144,0.37185533,1.19602809e-05,2,0,9179,44656,7864,1418,0,168,0,0,6.58828991e-10,5.35631539e-11,0,1,0,0,0,1,7864,179.5,3.27688269,4.55927984,4.55858578,2.91738495,-0.000152228934,0.391346677,-0.109707234,0,0,0.000261532721,0,2226,derived,0,0,0,0,0,0,0,0,0,0,0.000625729923,0,820,0,0,0,6.35274065e-05,7155.49688,7155.49688,3.22157634e-10,509195,0.0273379589,0.0533071669,0.00197295903,0.255035417,0.0551942501,0.000255667022,0.041456375,0.447113459
548,274,548,18.3004123,0.109194985,0.370062012,1.1858097e-05,2,0,9179,44656,7864,1418,0,168,0,0,6.58828769e-10,1.81844539e-10,0,1,0,0,0,1,7864,179.5,3.2733185,4.55432083,4.55362753,2.91421179,-0.000152228934,0.391346682,-0.10970723,0,0,0.000261532721,0,2226,derived,0,0,0,0,0,0,0,0,0,0,0.000625729923,0,820,0,0,0,6.3527393e-05,7217.15746,7217.15746,-6.4685679e-10,509146,0.02830075,0.0525390831,0.00179604103,0.254595083,0.0555507081,0.000256374944,0.042299708,0.447900458
549,274.5,549,18.2459475,0.108671742,0.368288738,1.17572675e-05,2,0,9179,44656,7864,1418,0,168,0,0,6.58828991e-10,3.75973919e-10,0,1,0,0,0,1,7864,179.5,3.26982663,4.54946245,4.54876989,2.91110301,-0.000152228934,0.391346685,-0.109707228,0,0,0.000261532721,0,2226,derived,0,0,0,0,0,0,0,0,0,0,0.000625729923,0,820,0,0,0,6.35273797e-05,7279.05124,7279.05124,-1.14603549e-10,509198,0.0276750841,0.0527368749,0.00176779099,0.256892,0.0549022499,0.000267917057,0.04152725,0.448155625
550,275,550,18.1917428,0.108154294,0.366535108,1.16577702e-05,2,0,9179,44656,7864,1418,0,168,0,0,6.58828769e-10,5.58734392e-10,0,1,0,0,0,1,7864,179.5,3.26640414,4.54470058,4.54400874,2.908056,-0.000152228934,0.391346687,-0.109707227,0,0,0.000261532721,0,2226,derived,0,0,0,0,0,0,0,0,0,0,0.000625729923,0,820,0,0,0,6.35273666e-05,7341.17685,7341.17685,-4.1726278e-10,509163,0.028435125,0.0529179169,0.00198508403,0.255458042,0.054817042,0.000253833015,0.0416744171,0.448063208
551,275.5,551,18.1377952,0.107642529,0.364800733,1.15595784e-05,2,0,9179,44656,7864,1418,0,168,0,0,6.58828991e-10,6.55529853e-10,0,1,0,0,0,1,7864,179.5,3.26304951,4.54003309,4.53934197,2.90506937,-0.000152228934,0.391346678,-0.109707233,0,0,0.000261532721,0,2226,derived,0,0,0,0,0,0,0,0,0,0,0.000625729923,0,820,0,0,0,6.35273537e-05,7403.53584,7403.53584,-1.13222209e-10,509177,0.028001167,0.0513550419,0.00185891706,0.256013125,0.055530958,0.000258374959,0.0417025,0.447809458
552,276,552,18.0841019,0.107136334,0.363085237,1.14626699e-05,2,0,9179,44656,7864,1418,0,168,0,0,6.58828769e-10,5.94190697e-10,0,1,0,0,0,1,7864,179.5,3.25976018,4.5354565,4.53476607,2.90214091,-0.000152228934,0.39134668,-0.109707232,0,0,0.000261532721,0,2226,derived,0,0,0,0,0,0,0,0,0,0,0.000625729923,0,820,0,0,0,6.3527341e-05,7466.12735,7466.12735,2.25430119e-10,509154,0.0281364589,0.0524593339,0.00176250003,0.254190166,0.055657334,0.000253083999,0.041726791,0.44663125
553,276.5,553,18.0306603,0.106635601,0.361388254,1.13670201e-05,2,0,9179,44656,7864,1418,0,168,0,0,6.58828769e-10,3.04935854e-10,0,1,0,0,0,1,7864,179.5,3.25653455,4.53096855,4.5302788,2.89926917,-0.000152228934,0.391346686,-0.109707228,0,0,0.000261532721,0,2226,derived,0,0,0,0,0,0,0,0,0,0,0.000625729923,0,820,0,0,0,6.35273285e-05,7528.95239,7528.95239,1.54922519e-10,509183,0.027199042,0.05247725,0.00174262491,0.254311,0.056187833,0.000264875009,0.0411209579,0.446002
554,277,554,17.9774676,0.106140227,0.359709431,1.12726071e-05,2,0,9179,44656,7864,1418,0,168,0,0,6.58828991e-10,2.79774759e-10,0,1,0,0,0,1,7864,179.5,3.25337053,4.5265663,4.52587723,2.89645227,-0.000152228934,0.391346687,-0.109707227,0,0,0.000261532721,0,2226,derived,0,0,0,0,0,0,0,0,0,0,0.000625729923,0,820,0,0,0,6.35273162e-05,7592.01061,7592.01061,-4.87031748e-10,509172,0.028046833,0.0521803331,0.00203512493,0.253797,0.0556861671,0.000255041989,0.041233875,0.445515583
555,277.5,555,17.9245212,0.10565011,0.358048424,1.11794084e-05,2,0,9179,44656,7864,1418,0,168,0,0,6.58828991e-10,3.48823637e-10,0,1,0,0,0,1,7864,179.5,3.25026643,4.52224742,4.521559,2.8936887,-0.000152228934,0.391346683,-0.10970723,0,0,0.000261532721,0,2226,derived,0,0,0,0,0,0,0,0,0,0,0.000625729923,0,820,0,0,0,6.3527304e-05,7655.30249,7655.30249,2.92089908e-10,509145,0.029232792,0.052336459,0.00173970801,0.255528291,0.055798708,0.000254165963,0.0413068329,0.448939167
556,278,556,17.8718184,0.105165152,0.3564049,1.10874023e-05,2,0,9179,44656,7864,1418,0,168,0,0,6.58828991e-10,5.53314505e-10,0,1,0,0,0,1,7864,179.5,3.24722047,4.51800944,4.51732167,2.89097692,-0.000152228934,0.391346688,-0.109707226,0,0,0.000261532721,0,2226,derived,0,0,0,0,0,0,0,0,0,0,0.000625729923,0,820,0,0,0,6.3527292e-05,7718.82815,7718.82815,6.11826589e-10,509126,0.02832525,0.0520639169,0.00218983402,0.255635916,0.0554978751,0.000254500075,0.040818542,0.447123666
557,278.5,557,17.8193568,0.104685257,0.354778534,1.09965678e-05,2,0,9179,44656,7864,1418,0,168,0,0,6.58828991e-10,2.72399214e-10,0,1,0,0,0,1,7864,179.5,3.24423095,4.51384996,4.51316282,2.88831535,-0.000152228934,0.391346682,-0.109707231,0,0,0.000261532721,0,2226,derived,0,0,0,0,0,0,0,0,0,0,0.000625729923,0,820,0,0,0,6.35272802e-05,7782.58764,7782.58764,-4.87693885e-10,509035,0.0280060831,0.0520094159,0.00170962501,0.255030916,0.055179792,0.000255249906,0.0409363341,0.445828958
558,279,558,17.7671338,0.104210332,0.353169013,1.09068839e-05,2,0,9179,44656,7864,1418,0,168,0,0,6.58828991e-10,5.53305068e-10,0,1,0,0,0,1,7864,179.5,3.24129638,4.50976696,4.50908044,2.88570273,-0.000152228934,0.391346681,-0.109707231,0,0,0.000261532721,0,2226,derived,0,0,0,0,0,0,0,0,0,0,0.000625729923,0,820,0,0,0,6.35272686e-05,7846.58144,7846.58144,2.13108198e-10,509014,0.027302417,0.052770958,0.00193508307,0.254437584,0.055659875,0.00025820802,0.041050291,0.446030709
559,279.5,559,17.715147,0.103740288,0.351576031,1.0818331e-05,2,0,9179,44656,7864,1418,0,168,0,0,6.58828769e-10,4.07227141e-10,0,1,0,0,0,1,7864,179.5,3.23841501,4.50575797,4.50507206,2.88313746,-0.000152228934,0.391346678,-0.109707233,0,0,0.000261532721,0,2226,derived,0,0,0,0,0,0,0,0,0,0,0.000625729923,0,820,0,0,0,6.35272571e-05,7910.80922,7910.80922,1.967706e-10,508981,0.0275850421,0.052181125,0.00185183308,0.254476833,0.055665334,0.00027529092,0.040881167,0.445458667
560,280,560,17.663394,0.103275036,0.349999292,1.07308885e-05,2,0,9179,44656,7864,1418,0,168,0,0,6.58828991e-10,6.54852172e-10,0,1,0,0,0,1,7864,179.5,3.23558563,4.50182134,4.50113603,2.8806185,-0.000152228934,0.391346687,-0.109707227,0,0,0.000261532721,0,2226,derived,0,0,0,0,0,0,0,0,0,0,0.000625729923,0,820,0,0,0,6.35272457e-05,7975.27182,7975.27182,2.92421642e-11,509079,0.0288275831,0.0522035409,0.00190204196,0.254006042,0.055333375,0.00025291706,0.041061042,0.446297708
561,280.5,561,17.6118723,0.102814492,0.348438506,1.06445383e-05,2,0,9179,44656,7864,1418,0,168,0,0,6.58828991e-10,5.69427838e-10,0,1,0,0,0,1,7864,179.5,3.23280649,4.4979546,4.49726988,2.87814425,-0.000152228934,0.391346685,-0.109707229,0,0,0.000261532721,0,2226,derived,0,0,0,0,0,0,0,0,0,0,0.000625729923,0,820,0,0,0,6.35272346e-05,8039.96856,8039.96856,-1.59634306e-10,509054,0.028034166,0.053131709,0.00176470797,0.254982958,0.05547325,0.0002697499,0.041658417,0.448049958
562,281,562,17.5605797,0.102358572,0.346893395,1.05592601e-05,2,0,9179,44656,7864,1418,0,168,0,0,6.58828991e-10,5.89857274e-10,0,1,0,0,0,1,7864,179.5,3.23007661,4.49415639,4.49347225,2.87571386,-0.000152228934,0.391346689,-0.109707226,0,0,0.000261532721,0,2226,derived,0,0,0,0,0,0,0,0,0,0,0.000625729923,0,820,0,0,0,6.35272235e-05,8104.90056,8104.90056,-1.38826284e-10,508991,0.027874916,0.052086791,0.00182429107,0.253731417,0.0551883749,0.000265541021,0.041606958,0.4449025
563,281.5,563,17.5095139,0.101907197,0.345363683,1.0475037e-05,2,0,9179,44656,7864,1418,0,168,0,0,6.58828991e-10,6.40595021e-10,0,1,0,0,0,1,7864,179.5,3.22739424,4.49042426,4.48974069,2.87332575,-0.000152228934,0.391346681,-0.109707231,0,0,0.000261532721,0,2226,derived,0,0,0,0,0,0,0,0,0,0,0.000625729923,0,820,0,0,0,6.35272127e-05,8170.06688,8170.06688,-3.93362232e-10,509004,0.028176583,0.052583959,0.00215700001,0.254244,0.0555064579,0.000254708924,0.0413774579,0.446865292
564,282,564,17.4586726,0.101460288,0.343849107,1.03918495e-05,2,0,9179,44656,7864,1418,0,168,0,0,6.58828769e-10,4.12210932e-10,0,1,0,0,0,1,7864,179.5,3.22475856,4.48675712,4.4860741,2.87097922,-0.000152228934,0.39134668,-0.109707232,0,0,0.000261532721,0,2226,derived,0,0,0,0,0,0,0,0,0,0,0.000625729923,0,820,0,0,0,6.35272019e-05,8235.46885,8235.46885,-2.5618152e-10,508954,0.0283132091,0.052285042,0.001949667,0.256571875,0.0552823331,0.000253250008,0.041175875,0.448863209
565,282.5,565,17.4080536,0.101017768,0.342349407,1.03096816e-05,2,0,9179,44656,7864,1418,0,168,0,0,6.58828991e-10,5.52049073e-10,0,1,0,0,0,1,7864,179.5,3.22216784,4.48315253,4.48247006,2.86867273,-0.000152228934,0.39134668,-0.109707232,0,0,0.000261532721,0,2226,derived,0,0,0,0,0,0,0,0,0,0,0.000625729923,0,820,0,0,0,6.35271913e-05,8301.10533,8301.10533,-3.41977557e-11,508970,0.027735208,0.051616709,0.00182395801,0.254326125,0.055301,0.000254750019,0.041623041,0.445365542
566,283,566,17.3576548,0.100579564,0.340864333,1.02285144e-05,2,0,9179,44656,7864,1418,0,168,0,0,6.58828991e-10,2.67630695e-10,0,1,0,0,0,1,7864,179.5,3.21962143,4.47960961,4.47892768,2.86640569,-0.000152228934,0.391346686,-0.109707228,0,0,0.000261532721,0,2226,derived,0,0,0,0,0,0,0,0,0,0,0.000625729923,0,820,0,0,0,6.35271809e-05,8366.97781,8366.97781,-5.61017011e-10,508922,0.0281326249,0.052735375,0.00191224995,0.254487709,0.055587959,0.000272791949,0.042347459,0.447951541
567,283.5,567,17.307474,0.100145603,0.339393638,1.01483328e-05,2,0,9179,44656,7864,1418,0,168,0,0,6.58828769e-10,5.17936916e-10,0,1,0,0,0,1,7864,179.5,3.21711766,4.476126,4.4754446,2.8641766,-0.000152228934,0.391346686,-0.109707228,0,0,0.000261532721,0,2226,derived,0,0,0,0,0,0,0,0,0,0,0.000625729923,0,820,0,0,0,6.35271706e-05,8433.085,8433.085,2.32393882e-10,508896,0.02790325,0.051915,0.00171029195,0.253786667,0.0554172921,0.000639667036,0.041069041,0.445382375
568,284,568,17.2575091,0.099715815,0.337937086,1.00691185e-05,2,0,9179,44656,7864,1418,0,168,0,0,6.58828769e-10,2.42787346e-10,0,1,0,0,0,1,7864,179.5,3.21465601,4.47270096,4.47202009,2.86198499,-0.000152228934,0.39134668,-0.109707232,0,0,0.000261532721,0,2226,derived,0,0,0,0,0,0,0,0,0,0,0.000625729923,0,820,0,0,0,6.35271604e-05,8499.42848,8499.42848,2.7287661e-10,508944,0.027808375,0.0518187501,0.00173537491,0.254286958,0.056438167,0.000266624964,0.04096575,0.44624425
569,284.5,569,17.207758,0.0992901309,0.336494441,9.99085732e-06,2,0,9179,44656,7864,1418,0,168,0,0,6.58828991e-10,5.15114618e-10,0,1,0,0,0,1,7864,179.5,3.21223479,4.46933223,4.46865187,2.85982942,-0.000152228934,0.391346688,-0.109707226,0,0,0.000261532721,0,2226,derived,0,0,0,0,0,0,0,0,0,0,0.000625729923,0,820,0,0,0,6.35271503e-05,8566.00691,8566.00691,4.31213509e-10,508916,0.027516333,0.0527418749,0.00177924999,0.255221042,0.0552934579,0.000596125028,0.041378416,0.44721475
570,285,570,17.1582187,0.0988684842,0.33506548,9.91353166e-06,2,0,9179,44656,7864,1418,0,168,0,0,6.58828991e-10,1.40162104e-10,0,1,0,0,0,1,7864,179.5,3.2098536,4.46601918,4.46533932,2.85770946,-0.000152228934,0.391346689,-0.109707226,0,0,0.000261532721,0,2226,derived,0,0,0,0,0,0,0,0,0,0,0.000625729923,0,820,0,0,0,6.35271404e-05,8632.82187,8632.82187,-1.99812056e-10,508903,0.028309291,0.0521796671,0.00171945791,0.254691625,0.056556417,0.000269542099,0.0410413749,0.447454666
571,285.5,571,17.1088893,0.0984508093,0.333649979,9.83712779e-06,2,0,9179,44656,7864,1418,0,168,0,0,6.58828991e-10,1.66135994e-10,0,1,0,0,0,1,7864,179.5,3.20751092,4.46275965,4.46208029,2.85562377,-0.000152228934,0.391346677,-0.109707234,0,0,0.000261532721,0,2226,derived,0,0,0,0,0,0,0,0,0,0,0.000625729923,0,820,0,0,0,6.35271306e-05,8699.87203,8699.87203,-5.08426301e-10,508875,0.027616,0.0517033751,0.00185133307,0.254052083,0.0553632079,0.000255250023,0.041539375,0.444961417
572,286,572,17.0597676,0.0980370431,0.332247724,9.76162904e-06,2,0,9179,44656,7864,1418,0,168,0,0,6.58828991e-10,5.53826096e-10,0,1,0,0,0,1,7864,179.5,3.20520624,4.45955308,4.45887421,2.85357195,-0.000152228934,0.391346688,-0.109707227,0,0,0.000261532721,0,2226,derived,0,0,0,0,0,0,0,0,0,0,0.000625729923,0,820,0,0,0,6.35271209e-05,8767.1589,8767.1589,-5.43520451e-10,508917,0.0302023749,0.052511292,0.0017885,0.255249334,0.0570294589,0.000252291909,0.041923291,0.451335167
573,286.5,573,17.0108519,0.0976271231,0.330858505,9.68702215e-06,2,0,9179,44656,7864,1418,0,168,0,0,6.58828991e-10,3.09057557e-10,0,1,0,0,0,1,7864,179.5,3.20293823,4.45639748,4.45571909,2.85155275,-0.000152228934,0.391346684,-0.109707229,0,0,0.000261532721,0,2226,derived,0,0,0,0,0,0,0,0,0,0,0.000625729923,0,820,0,0,0,6.35271114e-05,8834.68124,8834.68124,3.54819285e-10,508891,0.0273649581,0.052025666,0.00178929209,0.254976917,0.0551428329,0.000284084002,0.041391084,0.445431833
574,287,574,16.9621402,0.097220989,0.329482116,9.61329126e-06,2,0,9179,44656,7864,1418,0,168,0,0,6.58828991e-10,6.88646917e-10,0,1,0,0,0,1,7864,179.5,3.20070643,4.45329227,4.45261435,2.84956579,-0.000152228934,0.391346681,-0.109707231,0,0,0.000261532721,0,2226,derived,0,0,0,0,0,0,0,0,0,0,0.000625729923,0,820,0,0,0,6.35271019e-05,8902.44044,8902.44044,2.46356935e-10,508845,0.027080792,0.0532224589,0.00201895903,0.254227958,0.056000125,0.000253500068,0.041855375,0.447308667
575,287.5,575,16.9136306,0.0968185817,0.328118356,9.5404235e-06,2,0,9179,44656,7864,1418,0,168,0,0,6.58828991e-10,3.62554875e-10,0,1,0,0,0,1,7864,179.5,3.19850955,4.45023566,4.4495582,2.84760993,-0.000152228934,0.391346683,-0.10970723,0,0,0.000261532721,0,2226,derived,0,0,0,0,0,0,0,0,0,0,0.000625729923,0,820,0,0,0,6.35270926e-05,8970.43542,8970.43542,8.7478691e-11,508711,0.028318375,0.0526155831,0.00174908398,0.253946708,0.0593574579,0.000255207997,0.041892834,0.450680292
576,288,576,16.8653213,0.0964198436,0.326767032,9.46840388e-06,2,0,9179,44656,7864,1418,0,168,0,0,6.58828769e-10,2.51662247e-10,0,1,0,0,0,1,7864,179.5,3.19634717,4.44722703,4.44655004,2.84568478,-0.000152228934,0.391346684,-0.109707229,0,0,0.000261532721,0,2226,derived,0,0,0,0,0,0,0,0,0,0,0.000625729923,0,820,0,0,0,6.35270834e-05,9038.66734,9038.66734,-1.22161725e-10,508755,0.027859209,0.0526385,0.00174141699,0.255257792,0.0554972921,0.000264458009,0.0416935841,0.447338667
577,288.5,577,16.8172104,0.0960247182,0.325427952,9.39721981e-06,2,0,9179,44656,7864,1418,0,168,0,0,6.58828991e-10,3.21749072e-10,0,1,0,0,0,1,7864,179.5,3.19421812,4.4442648,4.44358825,2.84378931,-0.000152228934,0.391346688,-0.109707227,0,0,0.000261532721,0,2226,derived,0,0,0,0,0,0,0,0,0,0,0.000625729923,0,820,0,0,0,6.35270743e-05,9107.13537,9107.13537,-4.93820429e-10,508678,0.027789333,0.052672125,0.00179687503,0.255131875,0.0553634589,0.0002697499,0.042269625,0.447682167
578,289,578,16.7692962,0.0956331507,0.324100929,9.32685721e-06,2,0,9179,44656,7864,1418,0,168,0,0,6.58828769e-10,5.39509326e-10,0,1,0,0,0,1,7864,179.5,3.19212195,4.44134828,4.44067218,2.84192309,-0.000152228934,0.391346679,-0.109707232,0,0,0.000261532721,0,2226,derived,0,0,0,0,0,0,0,0,0,0,0.000625729923,0,820,0,0,0,6.35270653e-05,9175.84037,9175.84037,-6.67566002e-11,508760,0.0273904169,0.052803084,0.00199924991,0.2546655,0.0550558751,0.000263791997,0.042148208,0.447361125
579,289.5,579,16.7215769,0.0952450872,0.322785781,9.25730367e-06,2,0,9179,44656,7864,1418,0,168,0,0,6.58828991e-10,7.01635305e-10,0,1,0,0,0,1,7864,179.5,3.19005764,4.43847611,4.43780045,2.84008525,-0.000152228934,0.391346682,-0.10970723,0,0,0.000261532721,0,2226,derived,0,0,0,0,0,0,0,0,0,0,0.000625729923,0,820,0,0,0,6.35270565e-05,9244.78184,9244.78184,2.36164421e-11,508725,0.02733775,0.052204042,0.00189750001,0.2554555,0.0558858331,0.000267165946,0.04220475,0.4480475
580,290,580,16.6740507,0.0948604754,0.321482331,9.18854605e-06,2,0,9179,44656,7864,1418,0,168,0,0,6.58828991e-10,2.850159e-10,0,1,0,0,0,1,7864,179.5,3.18802464,4.43564752,4.43497229,2.8382753,-0.000152228934,0.391346687,-0.109707227,0,0,0.000261532721,0,2226,derived,0,0,0,0,0,0,0,0,0,0,0.000625729923,0,820,0,0,0,6.35270477e-05,9313.96028,9313.96028,-5.13113441e-10,508691,0.029928792,0.052256,0.00190537493,0.255925167,0.05551725,0.000254124985,0.041726084,0.450121208
581,290.5,581,16.626716,0.0944792637,0.320190403,9.12057205e-06,2,0,9179,44656,7864,1418,0,168,0,0,6.58828991e-10,1.84445792e-10,0,1,0,0,0,1,7864,179.5,3.18602218,4.43286139,4.43218658,2.83649251,-0.000152228934,0.391346683,-0.10970723,0,0,0.000261532721,0,2226,derived,0,0,0,0,0,0,0,0,0,0,0.000625729923,0,820,0,0,0,6.3527039e-05,9383.37557,9383.37557,-3.33627459e-10,508733,0.028058875,0.052046333,0.00186379196,0.254555292,0.055838458,0.000267458032,0.04173125,0.447187666
582,291,582,16.5795711,0.0941014023,0.31890983,9.05336947e-06,2,0,9179,44656,7864,1418,0,168,0,0,6.58828991e-10,6.76751988e-10,0,1,0,0,0,1,7864,179.5,3.18404955,4.43011679,4.4294424,2.8347363,-0.000152228934,0.391346689,-0.109707226,0,0,0.000261532721,0,2226,derived,0,0,0,0,0,0,0,0,0,0,0.000625729923,0,820,0,0,0,6.35270304e-05,9453.02776,9453.02776,-1.66912373e-10,508671,0.027714125,0.053023541,0.00196012505,0.254359959,0.0554749999,0.000272957957,0.042345625,0.447788833
583,291.5,583,16.5326142,0.0937268417,0.317640444,8.98692605e-06,2,0,9179,44656,7864,1418,0,168,0,0,6.58828769e-10,4.11469747e-10,0,1,0,0,0,1,7864,179.5,3.1821062,4.42741292,4.42673894,2.83300615,-0.000152228934,0.391346685,-0.109707228,0,0,0.000261532721,0,2226,derived,0,0,0,0,0,0,0,0,0,0,0.000625729923,0,820,0,0,0,6.3527022e-05,9522.91723,9522.91723,-7.77712339e-11,508648,0.027987708,0.051809708,0.00178950001,0.25418925,0.055479,0.000260374974,0.042979417,0.446787958
584,292,584,16.4858438,0.0933555344,0.316382082,8.92123058e-06,2,0,9179,44656,7864,1418,0,168,0,0,6.58828991e-10,3.95419253e-11,0,1,0,0,0,1,7864,179.5,3.18019132,4.42474863,4.42407506,2.83130133,-0.000152228934,0.391346681,-0.109707231,0,0,0.000261532721,0,2226,derived,0,0,0,0,0,0,0,0,0,0,0.000625729923,0,820,0,0,0,6.35270136e-05,9593.04348,9593.04348,4.3821613e-10,508615,0.0283906249,0.0531375,0.00218199997,0.25490975,0.055685209,0.000254707993,0.042079916,0.449276792
585,292.5,585,16.4392583,0.092987433,0.315134586,8.85627074e-06,2,0,9179,44656,7864,1418,0,168,0,0,6.58828991e-10,4.27867963e-10,0,1,0,0,0,1,7864,179.5,3.17830453,4.42212346,4.42145028,2.82962154,-0.000152228934,0.391346679,-0.109707232,0,0,0.000261532721,0,2226,derived,0,0,0,0,0,0,0,0,0,0,0.000625729923,0,820,0,0,0,6.35270053e-05,9663.40748,9663.40748,-4.48739823e-10,508543,0.0282644171,0.05243675,0.00173449994,0.254351125,0.0559359581,0.000264916918,0.042119459,0.447428625
586,293,586,16.392856,0.0926224921,0.313897801,8.79203635e-06,2,0,9179,44656,7864,1418,0,168,0,0,6.58828991e-10,7.26400717e-10,0,1,0,0,0,1,7864,179.5,3.17644487,4.41953603,4.41886325,2.8279659,-0.000152228934,0.391346681,-0.109707231,0,0,0.000261532721,0,2226,derived,0,0,0,0,0,0,0,0,0,0,0.000625729923,0,820,0,0,0,6.35269971e-05,9734.00808,9734.00808,3.56994434e-10,508516,0.027685458,0.05203575,0.00183816697,0.254467,0.05567425,0.00028649997,0.042647375,0.446890208
587,293.5,587,16.3466354,0.0922606663,0.312671573,8.72851495e-06,2,0,9179,44656,7864,1418,0,168,0,0,6.58828991e-10,6.65418165e-10,0,1,0,0,0,1,7864,179.5,3.17461224,4.41698621,4.41631382,2.82633433,-0.000152228934,0.391346685,-0.109707229,0,0,0.000261532721,0,2226,derived,0,0,0,0,0,0,0,0,0,0,0.000625729923,0,820,0,0,0,6.35269891e-05,9804.84692,9804.84692,1.24077637e-10,508616,0.02737675,0.0527648339,0.00193662499,0.254763667,0.0552310001,0.000262000016,0.042145917,0.447175791
588,294,588,16.3005949,0.091901912,0.311455753,8.66569737e-06,2,0,9179,44656,7864,1418,0,168,0,0,6.58828991e-10,6.25118179e-10,0,1,0,0,0,1,7864,179.5,3.17280548,4.41447239,4.41380038,2.82472579,-0.000152228934,0.391346688,-0.109707227,0,0,0.000261532721,0,2226,derived,0,0,0,0,0,0,0,0,0,0,0.000625729923,0,819,0,0,0,6.35269811e-05,9875.92218,9875.92218,4.09488221e-10,508583,0.028009625,0.052482583,0.00173204194,0.254283042,0.055796583,0.000261666952,0.042126333,0.4469105
589,294.5,589,16.2547331,0.0915461859,0.310250197,8.60357104e-06,2,0,9179,44656,7864,1418,0,168,0,0,6.58828991e-10,7.51979812e-10,0,1,0,0,0,1,7864,179.5,3.17102477,4.41199479,4.41132315,2.82314042,-0.000152228934,0.391346682,-0.109707231,0,0,0.000261532721,0,2226,derived,0,0,0,0,0,0,0,0,0,0,0.000625729923,0,819,0,0,0,6.35269732e-05,9947.23615,9947.23615,9.65294511e-12,508597,0.0291137911,0.053227792,0.00222241692,0.2626995,0.055627708,0.000320333987,0.0422999171,0.457760666
590,295,590,16.2090483,0.0911934459,0.30905476,8.54212744e-06,2,0,9179,44656,7864,1418,0,168,0,0,6.58828769e-10,5.03562747e-10,0,1,0,0,0,1,7864,179.5,3.16926883,4.40955168,4.40888042,2.82157713,-0.000152228934,0.391346686,-0.109707228,0,0,0.000261532721,0,2226,derived,0,0,0,0,0,0,0,0,0,0,0.000625729923,0,819,0,0,0,6.35269653e-05,10018.7867,10018.7867,1.439038e-09,508587,0.028097042,0.053508667,0.00199625001,0.256953042,0.0562546659,0.000254541985,0.042819333,0.452305458
591,295.5,591,16.1635392,0.0908436508,0.307869304,8.48135481e-06,2,0,9179,44656,7864,1418,0,168,0,0,6.58828991e-10,3.07117665e-11,0,1,0,0,0,1,7864,179.5,3.16753774,4.40714315,4.40647225,2.82003596,-0.000152228934,0.391346687,-0.109707228,0,0,0.000261532721,0,2226,derived,0,0,0,0,0,0,0,0,0,0,0.000625729923,0,819,0,0,0,6.35269576e-05,10090.5757,10090.5757,1.7376045e-09,508570,0.0280503749,0.0521697081,0.00182429201,0.255020417,0.055439875,0.000256666914,0.041575458,0.446674875
592,296,592,16.1182043,0.0904967601,0.306693691,8.42124428e-06,2,0,9179,44656,7864,1418,0,168,0,0,6.58828769e-10,7.70062014e-10,0,1,0,0,0,1,7864,179.5,3.16583057,4.40476788,4.40409734,2.81851608,-0.000152228934,0.391346686,-0.109707228,0,0,0.000261532721,0,2226,derived,0,0,0,0,0,0,0,0,0,0,0.000625729923,0,819,0,0,0,6.35269499e-05,10162.6019,10162.6019,-2.53597243e-09,508559,0.0277718341,0.05261475,0.00168279198,0.255797125,0.055966792,0.000264334027,0.0425222501,0.44892425
593,296.5,593,16.0730421,0.0901527342,0.305527787,8.36178526e-06,2,0,9179,44656,7864,1418,0,168,0,0,6.58828991e-10,2.65220734e-10,0,1,0,0,0,1,7864,179.5,3.16414713,4.40242561,4.40175543,2.81701731,-0.000152228934,0.39134668,-0.109707232,0,0,0.000261532721,0,2226,derived,0,0,0,0,0,0,0,0,0,0,0.000625729923,0,819,0,0,0,6.35269424e-05,10234.8662,10234.8662,-4.7233113e-09,508492,0.028088083,0.052222208,0.00183550001,0.255910167,0.055423917,0.000255374936,0.0420838341,0.448213083
594,297,594,16.0280512,0.0898115343,0.304371459,8.30296846e-06,2,0,9179,44656,7864,1418,0,168,0,0,6.58828991e-10,1.06004094e-11,0,1,0,0,0,1,7864,179.5,3.16248677,4.40011546,4.39944564,2.8155391,-0.000152228934,0.39134668,-0.109707231,0,0,0.000261532721,0,2226,derived,0,0,0,0,0,0,0,0,0,0,0.000625729923,0,819,0,0,0,6.35269349e-05,10307.3682,10307.3682,-2.01795392e-09,508483,0.0274832919,0.052423875,0.00188391702,0.25611175,0.055365291,0.000263625057,0.0418567091,0.447743125
595,297.5,595,15.9832301,0.0894731224,0.303224581,8.24478447e-06,2,0,9179,44656,7864,1418,0,168,0,0,6.58828991e-10,6.19949647e-11,0,1,0,0,0,1,7864,179.5,3.16084903,4.39783681,4.39716733,2.81408103,-0.000152228934,0.391346681,-0.109707231,0,0,0.000261532721,0,2226,derived,0,0,0,0,0,0,0,0,0,0,0.000625729923,0,819,0,0,0,6.35269275e-05,10380.108,10380.108,-4.31544422e-09,508467,0.028533625,0.052237208,0.00188979192,0.25483275,0.055229875,0.000254874933,0.0418757079,0.447282541
596,298,596,15.9385776,0.089137461,0.302087024,8.18722355e-06,2,0,9179,44656,7864,1418,0,168,0,0,6.58828769e-10,4.40684156e-10,0,1,0,0,0,1,7864,179.5,3.15923363,4.39558923,4.39492009,2.81264286,-0.000152228934,0.391346683,-0.10970723,0,0,0.000261532721,0,2226,derived,0,0,0,0,0,0,0,0,0,0,0.000625729923,0,819,0,0,0,6.35269202e-05,10453.0861,10453.0861,1.96387351e-09,508386,0.0278319169,0.052165583,0.00185125007,0.254973625,0.055559166,0.000264124945,0.041527583,0.446855584
597,298.5,597,15.8940923,0.0888045139,0.300958666,8.13027748e-06,2,0,9179,44656,7864,1418,0,168,0,0,6.58828991e-10,4.06672473e-10,0,1,0,0,0,1,7864,179.5,3.15763981,4.39337167,4.39270287,2.81122389,-0.000152228934,0.39134668,-0.109707232,0,0,0.000261532721,0,2226,derived,0,0,0,0,0,0,0,0,0,0,0.000625729923,0,819,0,0,0,6.35269129e-05,10526.3016,10526.3016,6.76610545e-10,508390,0.029995042,0.052226833,0.002007709,0.254130125,0.055511666,0.000253625098,0.041970667,0.448990958
598,299,598,15.8497727,0.088474245,0.299839384,8.073936e-06,2,0,9179,44656,7864,1418,0,168,0,0,6.58828769e-10,6.88505808e-10,0,1,0,0,0,1,7864,179.5,3.15606762,4.39118423,4.39051576,2.80982419,-0.000152228934,0.391346689,-0.109707226,0,0,0.000261532721,0,2226,derived,0,0,0,0,0,0,0,0,0,0,0.000625729923,0,819,0,0,0,6.35269058e-05,10599.7562,10599.7562,-3.18069504e-09,508369,0.0272683749,0.0526486251,0.0019057499,0.254304458,0.055626,0.000261208974,0.042660458,0.447310667
599,299.5,599,15.8056177,0.0881466192,0.298729059,8.01819187e-06,2,0,9179,44656,7864,1418,0,168,0,0,6.58828991e-10,5.97810801e-10,0,1,0,0,0,1,7864,179.5,3.15451609,4.38902551,4.38835738,2.80844288,-0.000152228934,0.391346689,-0.109707226,0,0,0.000261532721,0,2226,derived,0,0,0,0,0,0,0,0,0,0,0.000625729923,0,819,0,0,0,6.35268987e-05,10673.4479,10673.4479,-3.8210155e-09,508378,0.028556041,0.0522565,0.00174904196,0.25359175,0.0554615,0.000256999978,0.043187625,0.447625666
600,300,600,15.7616258,0.0878216022,0.297627576,7.96303497e-06,2,0,9179,44656,7864,1418,0,168,0,0,6.58828769e-10,6.59361898e-10,0,1,0,0,0,1,7864,179.5,3.1529854,4.3868958,4.38622799,2.80708012,-0.000152228934,0.391346688,-0.109707226,0,0,0.000261532721,0,2226,derived,0,0,0,0,0,0,0,0,0,0,0.000625729923,0,819,0,0,0,6.35268916e-05,10747.3788,10747.3788,-3.45876594e-09,508493,0.026532584,0.0517506669,0.00179254205,0.254700875,0.055479917,0.000257999985,0.0424889999,0.44541475
601,300.5,601,15.7177957,0.0874991599,0.296534818,7.90845812e-06,2,0,9179,44656,7864,1418,0,168,0,0,6.58828991e-10,8.4242946e-11,0,1,0,0,0,1,7864,179.5,3.15147468,4.38479382,4.38412633,2.80573511,-0.000152228934,0.391346679,-0.109707233,0,0,0.000261532721,0,2226,derived,0,0,0,0,0,0,0,0,0,0,0.000625729923,0,819,0,0,0,6.35268847e-05,10821.5472,10821.5472,8.80052031e-10,508338,0.027550375,0.052763916,0.00201249996,0.255151,0.055431042,0.000253667007,0.0417052091,0.447643042
602,301,602,15.6741262,0.0871792594,0.295450675,7.85445224e-06,2,0,9179,44656,7864,1418,0,168,0,0,6.58828991e-10,3.01106473e-10,0,1,0,0,0,1,7864,179.5,3.14998381,4.38271951,4.38205234,2.8044078,-0.000152228934,0.391346679,-0.109707233,0,0,0.000261532721,0,2226,derived,0,0,0,0,0,0,0,0,0,0,0.000625729923,0,819,0,0,0,6.35268778e-05,10895.9543,10895.9543,3.3098686e-09,508488,0.028068417,0.051721417,0.00181425002,0.254005834,0.0555176249,0.000487625017,0.042165417,0.446584583
603,301.5,603,15.6306161,0.0868618679,0.294375034,7.80100949e-06,2,0,9179,44656,7864,1418,0,168,0,0,6.58828991e-10,2.23132401e-10,0,1,0,0,0,1,7864,179.5,3.1485123,4.38067216,4.38000529,2.80309774,-0.000152228934,0.391346684,-0.109707229,0,0,0.000261532721,0,2226,derived,0,0,0,0,0,0,0,0,0,0,0.000625729923,0,819,0,0,0,6.3526871e-05,10970.5998,10970.5998,-2.87604174e-09,508341,0.02969975,0.0518515831,0.00172879209,0.254257209,0.055954541,0.000320959021,0.042347375,0.448851208
604,302,604,15.587264,0.0865469538,0.29330779,7.74812207e-06,2,0,9179,44656,7864,1418,0,168,0,0,6.58828769e-10,3.35903527e-10,0,1,0,0,0,1,7864,179.5,3.14705977,4.37865117,4.37798462,2.80180456,-0.000152228934,0.391346683,-0.109707229,0,0,0.000261532721,0,2226,derived,0,0,0,0,0,0,0,0,0,0,0.000625729923,0,819,0,0,0,6.35268643e-05,11045.4833,11045.4833,-6.66711686e-10,508379,0.027722458,0.051693583,0.00183704193,0.255813375,0.055701833,0.000252666068,0.0417642919,0.447233083
605,302.5,605,15.5440688,0.0862344854,0.292248834,7.69578145e-06,2,0,9179,44656,7864,1418,0,168,0,0,6.58828991e-10,1.80787829e-10,0,1,0,0,0,1,7864,179.5,3.14562609,4.37665643,4.37599018,2.80052817,-0.000152228934,0.391346685,-0.109707228,0,0,0.000261532721,0,2226,derived,0,0,0,0,0,0,0,0,0,0,0.000625729923,0,819,0,0,0,6.35268576e-05,11120.6059,11120.6059,3.05758086e-09,508280,0.027564125,0.052778583,0.00174695801,0.255368667,0.0556177919,0.000253041042,0.042072,0.448147167
606,303,606,15.5010292,0.0859244321,0.291198063,7.64398108e-06,2,0,9179,44656,7864,1418,0,168,0,0,6.58828991e-10,1.82089677e-10,0,1,0,0,0,1,7864,179.5,3.14421049,4.37468682,4.37402086,2.79926786,-0.000152228934,0.391346678,-0.109707233,0,0,0.000261532721,0,2226,derived,0,0,0,0,0,0,0,0,0,0,0.000625729923,0,818,0,0,0,6.3526851e-05,11195.9661,11195.9661,-1.97817451e-09,508251,0.028415708,0.052303792,0.00174916699,0.255263834,0.05548575,0.000260374974,0.041570375,0.447419208
607,303.5,607,15.458144,0.0856167638,0.290155374,7.59271181e-06,2,0,9179,44656,7864,1418,0,168,0,0,6.58828991e-10,3.48596485e-10,0,1,0,0,0,1,7864,179.5,3.14281324,4.37274277,4.37207711,2.7980239,-0.000152228934,0.391346681,-0.109707231,0,0,0.000261532721,0,2226,derived,0,0,0,0,0,0,0,0,0,0,0.000625729923,0,818,0,0,0,6.35268445e-05,11271.5661,11271.5661,-1.19665189e-09,508158,0.027502709,0.051939958,0.00182458304,0.254541875,0.0553064169,0.000273208017,0.041947125,0.446543667
608,304,608,15.4154121,0.0853114505,0.289120667,7.54196773e-06,2,0,9179,44656,7864,1418,0,168,0,0,6.58828991e-10,1.46604284e-10,0,1,0,0,0,1,7864,179.5,3.14143338,4.37082293,4.37015757,2.79679544,-0.000152228934,0.391346689,-0.109707226,0,0,0.000261532721,0,2226,derived,0,0,0,0,0,0,0,0,0,0,0.000625729923,0,818,0,0,0,6.3526838e-05,11347.4038,11347.4038,-4.03858036e-09,508206,0.027986166,0.052416875,0.00207004196,0.255170125,0.056120167,0.000264332979,0.041759,0.448485666
609,304.5,609,15.3728322,0.0850084636,0.288093844,7.49174056e-06,2,0,9179,44656,7864,1418,0,168,0,0,6.58828991e-10,7.76594344e-11,0,1,0,0,0,1,7864,179.5,3.14007107,4.36892746,4.36826239,2.79558257,-0.000152228934,0.391346682,-0.10970723,0,0,0.000261532721,0,2226,derived,0,0,0,0,0,0,0,0,0,0,0.000625729923,0,818,0,0,0,6.35268316e-05,11423.4806,11423.4806,-9.10767239e-10,508157,0.027959125,0.0521152091,0.00183220801,0.253908584,0.0550658341,0.000254041981,0.042431416,0.446170875
610,305,610,15.3304033,0.0847077739,0.287074806,7.44202358e-06,2,0,9179,44656,7864,1418,0,168,0,0,6.58828991e-10,5.7100269e-10,0,1,0,0,0,1,7864,179.5,3.13872574,4.36705564,4.36639085,2.79438483,-0.000152228934,0.391346684,-0.109707229,0,0,0.000261532721,0,2226,derived,0,0,0,0,0,0,0,0,0,0,0.000625729923,0,818,0,0,0,6.35268253e-05,11499.796,11499.796,-1.3111584e-09,508175,0.028278875,0.052412125,0.00173854199,0.254880792,0.055710917,0.000264332979,0.042179083,0.448170333
611,305.5,611,15.2881241,0.0844093538,0.28606346,7.39280986e-06,2,0,9179,44656,7864,1418,0,168,0,0,6.58828769e-10,2.40481191e-10,0,1,0,0,0,1,7864,179.5,3.13739709,4.36520701,4.3645425,2.79320193,-0.000152228934,0.391346678,-0.109707233,0,0,0.000261532721,0,2226,derived,0,0,0,0,0,0,0,0,0,0,0.000625729923,0,818,0,0,0,6.3526819e-05,11576.3498,11576.3498,-7.70406072e-10,508184,0.028989792,0.052205833,0.00173479191,0.254334833,0.055337333,0.000323583023,0.042222042,0.447727208
612,306,612,15.2459936,0.0841131753,0.28505971,7.34409181e-06,2,0,9179,44656,7864,1418,0,168,0,0,6.58828769e-10,5.19830623e-10,0,1,0,0,0,1,7864,179.5,3.13608506,4.36338153,4.3627173,2.79203384,-0.000152228934,0.391346678,-0.109707233,0,0,0.000261532721,0,2226,derived,0,0,0,0,0,0,0,0,0,0,0.000625729923,0,818,0,0,0,6.35268128e-05,11653.1431,11653.1431,9.32886213e-10,508190,0.027810958,0.052324584,0.00211070909,0.2540435,0.056267541,0.000258416985,0.0419207501,0.448082125
613,306.5,613,15.2040106,0.0838192116,0.284063467,7.29586373e-06,2,0,9179,44656,7864,1418,0,168,0,0,6.58828991e-10,1.50473634e-10,0,1,0,0,0,1,7864,179.5,3.13478891,4.36157816,4.3609142,2.79087991,-0.000152228934,0.391346684,-0.109707229,0,0,0.000261532721,0,2226,derived,0,0,0,0,0,0,0,0,0,0,0.000625729923,0,818,0,0,0,6.35268066e-05,11730.1743,11730.1743,-3.78553344e-09,508190,0.027560167,0.051929375,0.00205916702,0.254273,0.055867583,0.00026183296,0.042303375,0.446927792
614,307,614,15.1621741,0.0835274359,0.283074638,7.24811757e-06,2,0,9179,44656,7864,1418,0,168,0,0,6.58828769e-10,1.81995086e-10,0,1,0,0,0,1,7864,179.5,3.13350897,4.35979732,4.35913364,2.78974039,-0.000152228934,0.391346686,-0.109707228,0,0,0.000261532721,0,2226,derived,0,0,0,0,0,0,0,0,0,0,0.000625729923,0,818,0,0,0,6.35268005e-05,11807.4455,11807.4455,-3.53987539e-09,508048,0.028016292,0.052158459,0.00187337503,0.25384125,0.0558910409,0.000324958004,0.042179708,0.446590917
615,307.5,615,15.1204829,0.083237822,0.282093136,7.20084799e-06,2,0,9179,44656,7864,1418,0,168,0,0,6.58828991e-10,4.39285719e-10,0,1,0,0,0,1,7864,179.5,3.13224444,4.3580379,4.35737448,2.78861457,-0.000152228934,0.391346682,-0.10970723,0,0,0.000261532721,0,2226,derived,0,0,0,0,0,0,0,0,0,0,0.000625729923,0,818,0,0,0,6.35267945e-05,11884.9548,11884.9548,4.86376495e-10,508097,0.027606625,0.0526347919,0.00176391704,0.25394025,0.055618625,0.000320874969,0.042028709,0.446461458
616,308,616,15.0789359,0.0829503444,0.281118874,7.15404792e-06,2,0,9179,44656,7864,1418,0,168,0,0,6.58828769e-10,1.52948876e-10,0,1,0,0,0,1,7864,179.5,3.1309953,4.35629992,4.35563677,2.78750248,-0.000152228934,0.39134668,-0.109707232,0,0,0.000261532721,0,2226,derived,0,0,0,0,0,0,0,0,0,0,0.000625729923,0,818,0,0,0,6.35267885e-05,11962.7033,11962.7033,3.28482086e-09,508095,0.027637084,0.0520006251,0.00179491704,0.254337083,0.055521583,0.00026054203,0.041967542,0.446098417
617,308.5,617,15.0375322,0.0826649774,0.280151765,7.10771104e-06,2,0,9179,44656,7864,1418,0,168,0,0,6.58828991e-10,5.46579781e-10,0,1,0,0,0,1,7864,179.5,3.12976128,4.35458296,4.35392007,2.78640383,-0.000152228934,0.39134668,-0.109707232,0,0,0.000261532721,0,2226,derived,0,0,0,0,0,0,0,0,0,0,0.000625729923,0,818,0,0,0,6.35267826e-05,12040.6911,12040.6911,-2.43309661e-09,508023,0.02830425,0.0529515829,0.00199070794,0.255685167,0.055419042,0.000264000031,0.042199041,0.449385458
618,309,618,14.9962707,0.0823816965,0.279191725,7.06183172e-06,2,0,9179,44656,7864,1418,0,168,0,0,6.58828991e-10,5.92128568e-11,0,1,0,0,0,1,7864,179.5,3.12854185,4.35288635,4.35222371,2.7853182,-0.000152228934,0.391346689,-0.109707226,0,0,0.000261532721,0,2226,derived,0,0,0,0,0,0,0,0,0,0,0.000625729923,0,818,0,0,0,6.35267767e-05,12118.9171,12118.9171,-3.84683918e-09,508001,0.0279022501,0.0521674589,0.00185887504,0.254361583,0.054801542,0.000252333004,0.042302917,0.445949875
619,309.5,619,14.9551502,0.0821004771,0.278238672,7.01640266e-06,2,0,9179,44656,7864,1418,0,168,0,0,6.58828991e-10,2.77889156e-10,0,1,0,0,0,1,7864,179.5,3.12733732,4.35121043,4.35054805,2.78424582,-0.000152228934,0.391346689,-0.109707226,0,0,0.000261532721,0,2226,derived,0,0,0,0,0,0,0,0,0,0,0.000625729923,0,818,0,0,0,6.35267709e-05,12197.3833,12197.3833,3.58776364e-09,507995,0.028097,0.051702208,0.00186262501,0.2542515,0.0555341671,0.000317582977,0.042245042,0.446521833
620,310,620,14.9141699,0.0818212951,0.277292524,6.97141913e-06,2,0,9179,44656,7864,1418,0,168,0,0,6.58828991e-10,3.58872931e-10,0,1,0,0,0,1,7864,179.5,3.12614686,4.34955408,4.34889195,2.78318596,-0.000152228934,0.391346687,-0.109707227,0,0,0.000261532721,0,2226,derived,0,0,0,0,0,0,0,0,0,0,0.000625729923,0,818,0,0,0,6.35267651e-05,12276.0877,12276.0877,3.59604035e-09,508028,0.027415041,0.052927459,0.00198966602,0.254976459,0.0554324171,0.000255458057,0.0425651249,0.448300708
621,310.5,621,14.8733286,0.0815441271,0.276353201,6.92687429e-06,2,0,9179,44656,7864,1418,0,168,0,0,6.58828991e-10,2.64544164e-10,0,1,0,0,0,1,7864,179.5,3.12497064,4.34791755,4.34725567,2.78213878,-0.000152228934,0.391346686,-0.109707228,0,0,0.000261532721,0,2226,derived,0,0,0,0,0,0,0,0,0,0,0.000625729923,0,818,0,0,0,6.35267594e-05,12355.0319,12355.0319,4.98286967e-10,508065,0.028539583,0.051892792,0.00182012492,0.254387666,0.055927541,0.000252457918,0.0418800421,0.44734725
622,311,622,14.8326255,0.0812689495,0.275420624,6.88276277e-06,2,0,9179,44656,7864,1418,0,168,0,0,6.58828991e-10,5.73032399e-10,0,1,0,0,0,1,7864,179.5,3.12380822,4.34630021,4.34563858,2.78110388,-0.000152228934,0.391346684,-0.109707229,0,0,0.000261532721,0,2226,derived,0,0,0,0,0,0,0,0,0,0,0.000625729923,0,818,0,0,0,6.35267538e-05,12434.2151,12434.2151,1.13545462e-09,507938,0.029780041,0.052864125,0.00192966708,0.254578667,0.0559218749,0.000259249937,0.042444792,0.450098458
623,311.5,623,14.7920594,0.0809957399,0.274494716,6.83907906e-06,2,0,9179,44656,7864,1418,0,168,0,0,6.58828991e-10,5.91627858e-10,0,1,0,0,0,1,7864,179.5,3.12265931,4.34470166,4.34404028,2.780081,-0.000152228934,0.391346682,-0.10970723,0,0,0.000261532721,0,2226,derived,0,0,0,0,0,0,0,0,0,0,0.000625729923,0,818,0,0,0,6.35267482e-05,12513.637,12513.637,2.19653962e-09,508026,0.02839975,0.052977208,0.00190883304,0.254567583,0.055724834,0.000265124952,0.042179458,0.448624416
624,312,624,14.7516294,0.0807244755,0.2735754,6.79581669e-06,2,0,9179,44656,7864,1418,0,168,0,0,6.58828991e-10,1.9708235e-10,0,1,0,0,0,1,7864,179.5,3.12152401,4.34312209,4.34246094,2.77907026,-0.000152228934,0.391346688,-0.109707227,0,0,0.000261532721,0,2226,derived,0,0,0,0,0,0,0,0,0,0,0.000625729923,0,818,0,0,0,6.35267426e-05,12593.2992,12593.2992,4.06652267e-10,507986,0.0272434581,0.0522755829,0.00175391603,0.254272083,0.055371833,0.000261458103,0.0419828751,0.446239916
625,312.5,625,14.7113346,0.0804551342,0.272662602,6.75297124e-06,2,0,9179,44656,7864,1418,0,168,0,0,6.58828991e-10,2.07498463e-10,0,1,0,0,0,1,7864,179.5,3.12040164,4.3415605,4.34089958,2.77807104,-0.000152228934,0.39134669,-0.109707226,0,0,0.000261532721,0,2226,derived,0,0,0,0,0,0,0,0,0,0,0.000625729923,0,818,0,0,0,6.35267371e-05,12673.1997,12673.1997,-2.05079209e-09,507953,0.028019542,0.052694458,0.00175641594,0.255357875,0.055740583,0.000255582971,0.0420932081,0.448501375
626,313,626,14.671174,0.0801876944,0.271756248,6.71053631e-06,2,0,9179,44656,7864,1418,0,168,0,0,6.58828769e-10,5.71601766e-10,0,1,0,0,0,1,7864,179.5,3.11929245,4.34001722,4.33935655,2.77708353,-0.000152228934,0.391346689,-0.109707226,0,0,0.000261532721,0,2226,derived,0,0,0,0,0,0,0,0,0,0,0.000625729923,0,818,0,0,0,6.35267317e-05,12753.3403,12753.3403,-2.28885122e-09,507946,0.027502542,0.052063125,0.00174083398,0.253936042,0.0554732501,0.000311624957,0.0420975829,0.445870625
627,313.5,627,14.6311467,0.0799221345,0.270856265,6.66850713e-06,2,0,9179,44656,7864,1418,0,168,0,0,6.58828769e-10,5.77098147e-10,0,1,0,0,0,1,7864,179.5,3.11819593,4.33849158,4.33783113,2.7761073,-0.000152228934,0.391346687,-0.109707227,0,0,0.000261532721,0,2226,derived,0,0,0,0,0,0,0,0,0,0,0.000625729923,0,818,0,0,0,6.35267263e-05,12833.7199,12833.7199,3.11139625e-09,507877,0.026875125,0.051788291,0.00174866698,0.254962334,0.055037125,0.000255124993,0.04200775,0.445651333
628,314,628,14.5912516,0.0796584337,0.269962582,6.62687853e-06,2,0,9179,44656,7864,1418,0,168,0,0,6.58828991e-10,1.80208959e-10,0,1,0,0,0,1,7864,179.5,3.11711187,4.33698325,4.33632304,2.77514216,-0.000152228934,0.391346682,-0.10970723,0,0,0.000261532721,0,2226,derived,0,0,0,0,0,0,0,0,0,0,0.000625729923,0,818,0,0,0,6.35267209e-05,12914.3386,12914.3386,-3.52339014e-09,507793,0.027173458,0.0530649161,0.00203183398,0.256634042,0.055399542,0.000253707985,0.042378417,0.449832875
629,314.5,629,14.551488,0.079396571,0.269075129,6.58564461e-06,2,0,9179,44656,7864,1418,0,168,0,0,6.58828991e-10,1.15584653e-10,0,1,0,0,0,1,7864,179.5,3.11604035,4.33549243,4.33483244,2.77418821,-0.000152228934,0.391346688,-0.109707227,0,0,0.000261532721,0,2226,derived,0,0,0,0,0,0,0,0,0,0,0.000625729923,0,818,0,0,0,6.35267156e-05,12995.1976,12995.1976,-1.96257632e-09,507793,0.028406917,0.0522335001,0.002001666,0.254889417,0.055958916,0.000265458017,0.042025834,0.448096333
630,315,630,14.5118548,0.0791365261,0.268193836,6.5448013e-06,2,0,9179,44656,7864,1418,0,168,0,0,6.58828991e-10,7.81373188e-10,0,1,0,0,0,1,7864,179.5,3.11498076,4.33401817,4.3333584,2.77324486,-0.000152228934,0.391346687,-0.109707227,0,0,0.000261532721,0,2226,derived,0,0,0,0,0,0,0,0,0,0,0.000625729923,0,818,0,0,0,6.35267104e-05,13076.2951,13076.2951,-3.5592771e-09,507732,0.0300044999,0.052755292,0.00191612507,0.25527675,0.05559625,0.000260999892,0.042293416,0.450299042
631,315.5,631,14.4723512,0.078878279,0.267318637,6.5043427e-06,2,0,9179,44656,7864,1418,0,168,0,0,6.58828769e-10,6.27423891e-10,0,1,0,0,0,1,7864,179.5,3.11393334,4.33256082,4.33190128,2.77231234,-0.000152228934,0.391346683,-0.10970723,0,0,0.000261532721,0,2226,derived,0,0,0,0,0,0,0,0,0,0,0.000625729923,0,818,0,0,0,6.35267051e-05,13157.6328,13157.6328,5.19679411e-10,507819,0.027355667,0.052769667,0.00175629207,0.254361458,0.0555050831,0.000275333994,0.0418001249,0.44605625
632,316,632,14.4329763,0.0786218098,0.266449462,6.4642644e-06,2,0,9179,44656,7864,1418,0,168,0,0,6.58828991e-10,3.90461663e-10,0,1,0,0,0,1,7864,179.5,3.1128976,4.33111975,4.33046043,2.77139023,-0.000152228934,0.391346686,-0.109707228,0,0,0.000261532721,0,2226,derived,0,0,0,0,0,0,0,0,0,0,0.000625729923,0,818,0,0,0,6.35267e-05,13239.2099,13239.2099,-3.66982633e-09,507857,0.027356625,0.0522365001,0.00184666598,0.25460275,0.055968708,0.00026316708,0.041764708,0.446469125
633,316.5,633,14.3937291,0.0783670993,0.265586248,6.42456173e-06,2,0,9179,44656,7864,1418,0,168,0,0,6.58828769e-10,6.96567026e-10,0,1,0,0,0,1,7864,179.5,3.11187334,4.32969463,4.32903553,2.77047833,-0.000152228934,0.39134668,-0.109707232,0,0,0.000261532721,0,2226,derived,0,0,0,0,0,0,0,0,0,0,0.000625729923,0,818,0,0,0,6.35266949e-05,13321.0259,13321.0259,-3.24215432e-09,507866,0.02746475,0.0524993341,0.00174041605,0.254234334,0.0562997081,0.000256165978,0.042061416,0.447283375
634,317,634,14.3546089,0.078114128,0.264728927,6.38522909e-06,2,0,9179,44656,7864,1418,0,168,0,0,6.58828769e-10,3.00528935e-10,0,1,0,0,0,1,7864,179.5,3.11086073,4.32828575,4.32762686,2.76957681,-0.000152228934,0.39134668,-0.109707232,0,0,0.000261532721,0,2226,derived,0,0,0,0,0,0,0,0,0,0,0.000625729923,0,818,0,0,0,6.35266898e-05,13403.0826,13403.0826,5.62425884e-10,507882,0.0273937091,0.052328125,0.00179870799,0.254846958,0.055550417,0.000261583016,0.041824916,0.447071125
635,317.5,635,14.3156147,0.0778628772,0.263877438,6.34626282e-06,2,0,9179,44656,7864,1418,0,168,0,0,6.58828991e-10,7.85957299e-10,0,1,0,0,0,1,7864,179.5,3.1098591,4.32689216,4.32623348,2.76868509,-0.000152228934,0.39134669,-0.109707226,0,0,0.000261532721,0,2226,derived,0,0,0,0,0,0,0,0,0,0,0.000625729923,0,818,0,0,0,6.35266848e-05,13485.378,13485.378,-1.99553707e-09,507858,0.027843209,0.0525584159,0.00202804198,0.254348542,0.055908875,0.000269541983,0.04157375,0.447178542
636,318,636,14.2767458,0.0776133285,0.263031717,6.3076576e-06,2,0,9179,44656,7864,1418,0,168,0,0,6.58828769e-10,5.87990878e-10,0,1,0,0,0,1,7864,179.5,3.10886871,4.32551415,4.32485568,2.76780332,-0.000152228934,0.391346678,-0.109707233,0,0,0.000261532721,0,2226,derived,0,0,0,0,0,0,0,0,0,0,0.000625729923,0,817,0,0,0,6.35266798e-05,13567.9135,13567.9135,2.13320761e-09,507800,0.02820925,0.051947208,0.00174558291,0.255826625,0.0548552501,0.000260417,0.0418840421,0.447763167
637,318.5,637,14.2380012,0.0773654633,0.262191701,6.26940912e-06,2,0,9179,44656,7864,1418,0,168,0,0,6.58828769e-10,2.84247736e-10,0,1,0,0,0,1,7864,179.5,3.10788917,4.32415128,4.32349302,2.76693125,-0.000152228934,0.39134668,-0.109707232,0,0,0.000261532721,0,2226,derived,0,0,0,0,0,0,0,0,0,0,0.000625729923,0,817,0,0,0,6.35266748e-05,13650.6888,13650.6888,1.01338715e-10,507765,0.028219542,0.0517295829,0.001845791,0.255505833,0.0556344581,0.000271875062,0.0417401671,0.447249125
638,319,638,14.1993801,0.0771192638,0.261357331,6.23151338e-06,2,0,9179,44656,7864,1418,0,168,0,0,6.58828991e-10,2.4766611e-10,0,1,0,0,0,1,7864,179.5,3.10692013,4.32280304,4.32214498,2.76606854,-0.000152228934,0.39134669,-0.109707225,0,0,0.000261532721,0,2226,derived,0,0,0,0,0,0,0,0,0,0,0.000625729923,0,817,0,0,0,6.35266699e-05,13733.7028,13733.7028,1.0495218e-09,507800,0.027496375,0.052573625,0.00176787493,0.25652925,0.0557145,0.00026154099,0.0416350421,0.448664083
639,319.5,639,14.1608817,0.0768747123,0.260528545,6.19396485e-06,2,0,9179,44656,7864,1418,0,168,0,0,6.58828991e-10,7.06521841e-10,0,1,0,0,0,1,7864,179.5,3.10596203,4.32146998,4.32081213,2.76521555,-0.000152228934,0.391346686,-0.109707228,0,0,0.000261532721,0,2226,derived,0,0,0,0,0,0,0,0,0,0,0.000625729923,0,817,0,0,0,6.35266651e-05,13816.9581,13816.9581,1.83313409e-09,507626,0.027312042,0.051985875,0.00180416601,0.254669291,0.055329084,0.000319874962,0.042080333,0.446246834
640,320,640,14.1225051,0.0766317911,0.259705285,6.15676035e-06,2,0,9179,44656,7864,1418,0,168,0,0,6.58828769e-10,5.61328761e-10,0,1,0,0,0,1,7864,179.5,3.10501411,4.32015107,4.31949342,2.76437161,-0.000152228934,0.39134668,-0.109707232,0,0,0.000261532721,0,2226,derived,0,0,0,0,0,0,0,0,0,0,0.000625729923,0,817,0,0,0,6.35266602e-05,13900.4522,13900.4522,-2.48959076e-10,507651,0.027483791,0.0520925829,0.00170716702,0.254526708,0.055486583,0.000253999955,0.0422277079,0.446293458
641,320.5,641,14.0842496,0.0763904834,0.258887493,6.11989515e-06,2,0,9179,44656,7864,1418,0,168,0,0,6.58828769e-10,6.79680201e-10,0,1,0,0,0,1,7864,179.5,3.10407644,4.31884646,4.318189,2.76353681,-0.000152228934,0.391346682,-0.10970723,0,0,0.000261532721,0,2226,derived,0,0,0,0,0,0,0,0,0,0,0.000625729923,0,817,0,0,0,6.35266555e-05,13984.1861,13984.1861,2.30814434e-09,507567,0.02922225,0.052294916,0.00174187496,0.255243708,0.0557873329,0.00026458397,0.042099833,0.449445625
642,321,642,14.0461144,0.0761507717,0.258075109,6.08336487e-06,2,0,9179,44656,7864,1418,0,168,0,0,6.58828991e-10,2.84551049e-10,0,1,0,0,0,1,7864,179.5,3.10314897,4.31755603,4.31689878,2.7627111,-0.000152228934,0.391346684,-0.109707229,0,0,0.000261532721,0,2226,derived,0,0,0,0,0,0,0,0,0,0,0.000625729923,0,817,0,0,0,6.35266507e-05,14068.1604,14068.1604,2.1594706e-09,507444,0.027812834,0.052640875,0.002021875,0.256402375,0.055715209,0.000254958053,0.0424488341,0.449919292
643,321.5,643,14.0080986,0.0759126397,0.25726808,6.04716605e-06,2,0,9179,44656,7864,1418,0,168,0,0,6.58828991e-10,2.97557756e-10,0,1,0,0,0,1,7864,179.5,3.10223123,4.31627914,4.31562208,2.76189404,-0.000152228934,0.391346686,-0.109707228,0,0,0.000261532721,0,2226,derived,0,0,0,0,0,0,0,0,0,0,0.000625729923,0,816,0,0,0,6.3526646e-05,14152.3736,14152.3736,-2.33856567e-09,507585,0.0285575001,0.052314667,0.00173224998,0.254196375,0.0554637921,0.00031849998,0.041622292,0.446467208
644,322,644,13.9702015,0.075676071,0.256466348,6.01129374e-06,2,0,9179,44656,7864,1418,0,168,0,0,6.58828991e-10,6.48689436e-10,0,1,0,0,0,1,7864,179.5,3.10132354,4.31501621,4.31435934,2.76108592,-0.000152228934,0.391346682,-0.10970723,0,0,0.000261532721,0,2226,derived,0,0,0,0,0,0,0,0,0,0,0.000625729923,0,816,0,0,0,6.35266414e-05,14236.8277,14236.8277,-3.47642537e-09,507525,0.0275285,0.05214,0.0018558749,0.254116459,0.0556432081,0.000270499964,0.042026791,0.446400916
645,322.5,645,13.9324223,0.075441049,0.255669858,5.9757446e-06,2,0,9179,44656,7864,1418,0,168,0,0,6.58828769e-10,5.86196425e-10,0,1,0,0,0,1,7864,179.5,3.10042536,4.31376656,4.31310988,2.7602863,-0.000152228934,0.39134669,-0.109707225,0,0,0.000261532721,0,2226,derived,0,0,0,0,0,0,0,0,0,0,0.000625729923,0,816,0,0,0,6.35266367e-05,14321.5212,14321.5212,-3.06478842e-10,507597,0.028322625,0.0521313749,0.00188283401,0.254705375,0.0558049589,0.000264208997,0.0418863751,0.447837583
646,323,646,13.8947603,0.0752075581,0.254878557,5.94051477e-06,2,0,9179,44656,7864,1418,0,168,0,0,6.58828991e-10,7.27963911e-10,0,1,0,0,0,1,7864,179.5,3.09953661,4.31252997,4.31187348,2.75949503,-0.000152228934,0.391346679,-0.109707232,0,0,0.000261532721,0,2226,derived,0,0,0,0,0,0,0,0,0,0,0.000625729923,0,816,0,0,0,6.35266322e-05,14406.454,14406.454,1.8266948e-09,507670,0.028800083,0.053263958,0.00174812495,0.2532645,0.0552037499,0.000256374944,0.0431925,0.447851208
647,323.5,647,13.8572146,0.0749755824,0.25409239,5.90559959e-06,2,0,9179,44656,7864,1418,0,168,0,0,6.58828991e-10,1.23640653e-10,0,1,0,0,0,1,7864,179.5,3.09865747,4.31130679,4.31065049,2.75871234,-0.000152228934,0.391346685,-0.109707228,0,0,0.000261532721,0,2226,derived,0,0,0,0,0,0,0,0,0,0,0.000625729923,0,816,0,0,0,6.35266276e-05,14491.6281,14491.6281,-5.31847899e-11,507685,0.02793825,0.0520078341,0.002071667,0.254504208,0.05532125,0.000278207939,0.042169917,0.446879458
648,324,648,13.8197845,0.0747451063,0.253311307,5.87099618e-06,2,0,9179,44656,7864,1418,0,168,0,0,6.58828991e-10,1.47692969e-11,0,1,0,0,0,1,7864,179.5,3.09778736,4.31009616,4.30944004,2.75793769,-0.000152228934,0.39134668,-0.109707232,0,0,0.000261532721,0,2226,derived,0,0,0,0,0,0,0,0,0,0,0.000625729923,0,816,0,0,0,6.35266231e-05,14577.0411,14577.0411,2.87108737e-09,507672,0.02867475,0.0519919579,0.001746875,0.254835791,0.055533541,0.000265041017,0.04221875,0.447946125
649,324.5,649,13.7824692,0.0745161148,0.252535254,5.83670029e-06,2,0,9179,44656,7864,1418,0,168,0,0,6.58828991e-10,4.23595603e-10,0,1,0,0,0,1,7864,179.5,3.09692641,4.30889829,4.30824235,2.75717119,-0.000152228934,0.39134668,-0.109707232,0,0,0.000261532721,0,2226,derived,0,0,0,0,0,0,0,0,0,0,0.000625729923,0,816,0,0,0,6.35266186e-05,14662.6944,14662.6944,2.54561172e-09,507765,0.027899625,0.051981042,0.00170512497,0.255969791,0.055490375,0.000258833985,0.042729208,0.448220709
650,325,650,13.7452681,0.0742885924,0.25176418,5.80270815e-06,2,0,9179,44656,7864,1418,0,168,0,0,6.58828769e-10,1.42641676e-10,0,1,0,0,0,1,7864,179.5,3.09607451,4.307713,4.30705724,2.75641275,-0.000152228934,0.391346682,-0.10970723,0,0,0.000261532721,0,2226,derived,0,0,0,0,0,0,0,0,0,0,0.000625729923,0,816,0,0,0,6.35266142e-05,14748.5882,14748.5882,-1.41269185e-09,507707,0.0264429579,0.052141458,0.00171895896,0.254673167,0.0557025,0.000255458057,0.0422732921,0.44563425
651,325.5,651,13.7081804,0.0740625245,0.250998036,5.7690167e-06,2,0,9179,44656,7864,1418,0,168,0,0,6.58828991e-10,1.46448742e-10,0,1,0,0,0,1,7864,179.5,3.09523126,4.30653972,4.30588414,2.755662,-0.000152228934,0.391346677,-0.109707234,0,0,0.000261532721,0,2226,derived,0,0,0,0,0,0,0,0,0,0,0.000625729923,0,816,0,0,0,6.35266098e-05,14834.721,14834.721,-2.61977195e-09,507787,0.0280813329,0.052090708,0.00190508401,0.254640459,0.0555015,0.000261749956,0.041875083,0.446666833
652,326,652,13.6712054,0.0738378966,0.250236771,5.73562151e-06,2,0,9179,44656,7864,1418,0,168,0,0,6.58828991e-10,4.0519188e-10,0,1,0,0,0,1,7864,179.5,3.09439693,4.30537891,4.3047235,2.75491922,-0.000152228934,0.391346686,-0.109707228,0,0,0.000261532721,0,2226,derived,0,0,0,0,0,0,0,0,0,0,0.000625729923,0,816,0,0,0,6.35266054e-05,14921.0949,14921.0949,1.10094445e-09,507767,0.0290106661,0.05262925,0.00203545904,0.255338,0.0553892921,0.000255041057,0.0426180001,0.450009375
653,326.5,653,13.6343423,0.0736146939,0.249480337,5.70251964e-06,2,0,9179,44656,7864,1418,0,168,0,0,6.58828769e-10,6.87394586e-11,0,1,0,0,0,1,7864,179.5,3.09357113,4.30422991,4.30357468,2.754184,-0.000152228934,0.391346678,-0.109707233,0,0,0.000261532721,0,2226,derived,0,0,0,0,0,0,0,0,0,0,0.000625729923,0,816,0,0,0,6.35266011e-05,15007.7086,15007.7086,-2.43945575e-09,507787,0.027876208,0.052055208,0.00179712498,0.2549285,0.056044042,0.000265332987,0.042059708,0.4475615
654,327,654,13.5975905,0.0733929025,0.248728685,5.66970779e-06,2,0,9179,44656,7864,1418,0,168,0,0,6.58828991e-10,8.50541859e-13,0,1,0,0,0,1,7864,179.5,3.0927536,4.30309248,4.30243743,2.75345618,-0.000152228934,0.39134669,-0.109707225,0,0,0.000261532721,0,2226,derived,0,0,0,0,0,0,0,0,0,0,0.000625729923,0,816,0,0,0,6.35265968e-05,15094.5615,15094.5615,-1.52298618e-10,507750,0.028142209,0.0524322089,0.00172204105,0.254701375,0.055457125,0.000261249952,0.042898959,0.448352625
655,327.5,655,13.5609492,0.0731725081,0.247981768,5.63718162e-06,2,0,9179,44656,7864,1418,0,168,0,0,6.58828769e-10,6.02220718e-10,0,1,0,0,0,1,7864,179.5,3.09194478,4.30196711,4.30131223,2.75273608,-0.000152228934,0.391346681,-0.109707231,0,0,0.000261532721,0,2226,derived,0,0,0,0,0,0,0,0,0,0,0.000625729923,0,816,0,0,0,6.35265925e-05,15181.6561,15181.6561,1.21896981e-09,507797,0.027883875,0.052741667,0.00178054196,0.255254792,0.055595833,0.000265166978,0.042393042,0.4482865
656,328,656,13.5244178,0.072953497,0.247239539,5.60493873e-06,2,0,9179,44656,7864,1418,0,168,0,0,6.58828991e-10,1.59793956e-10,0,1,0,0,0,1,7864,179.5,3.09114396,4.3008529,4.30019819,2.75202312,-0.000152228934,0.391346682,-0.10970723,0,0,0.000261532721,0,2226,derived,0,0,0,0,0,0,0,0,0,0,0.000625729923,0,816,0,0,0,6.35265883e-05,15268.9899,15268.9899,-6.38173958e-11,507846,0.028325083,0.051703542,0.00187799998,0.256257666,0.0551806249,0.000264665927,0.041590416,0.447964958
657,328.5,657,13.4879955,0.0727358556,0.246501952,5.57297545e-06,2,0,9179,44656,7864,1418,0,168,0,0,6.58828769e-10,2.39596121e-10,0,1,0,0,0,1,7864,179.5,3.09035126,4.29974998,4.29909544,2.75131739,-0.000152228934,0.391346683,-0.10970723,0,0,0.000261532721,0,2226,derived,0,0,0,0,0,0,0,0,0,0,0.000625729923,0,816,0,0,0,6.35265841e-05,15356.5638,15356.5638,-2.47544307e-09,507884,0.027997792,0.0515060411,0.00182900007,0.254247417,0.055960166,0.00027220801,0.0418739161,0.44639675
658,329,658,13.4516818,0.0725195702,0.245768961,5.54128817e-06,2,0,9179,44656,7864,1418,0,168,0,0,6.58828991e-10,7.38833439e-10,0,1,0,0,0,1,7864,179.5,3.08956674,4.29865842,4.29800404,2.75061892,-0.000152228934,0.391346678,-0.109707233,0,0,0.000261532721,0,2226,derived,0,0,0,0,0,0,0,0,0,0,0.000625729923,0,816,0,0,0,6.352658e-05,15444.3787,15444.3787,-1.71704495e-09,507916,0.0275352079,0.053105625,0.00202070794,0.25403875,0.055511042,0.00026237499,0.042318666,0.447467
659,329.5,659,13.4154758,0.0723046277,0.24504052,5.50987434e-06,2,0,9179,44656,7864,1418,0,168,0,0,6.58828769e-10,3.66579656e-10,0,1,0,0,0,1,7864,179.5,3.08878989,4.29757757,4.29692336,2.74992731,-0.000152228934,0.391346683,-0.10970723,0,0,0.000261532721,0,2226,derived,0,0,0,0,0,0,0,0,0,0,0.000625729923,0,816,0,0,0,6.35265758e-05,15532.4328,15532.4328,5.61378055e-10,507922,0.028305292,0.0528216249,0.00180162501,0.254636667,0.0558497501,0.000263374997,0.042373458,0.4483335
660,330,660,13.3793769,0.0720910151,0.244316587,5.4787302e-06,2,0,9179,44656,7864,1418,0,168,0,0,6.58828991e-10,4.01440436e-10,0,1,0,0,0,1,7864,179.5,3.08802098,4.29650774,4.29585368,2.74924274,-0.000152228934,0.391346677,-0.109707233,0,0,0.000261532721,0,2226,derived,0,0,0,0,0,0,0,0,0,0,0.000625729923,0,816,0,0,0,6.35265717e-05,15620.7278,15620.7278,-1.97571837e-09,507854,0.0277734579,0.0524491251,0.00171279104,0.255281709,0.0556617499,0.00026004191,0.041481167,0.447274458
661,330.5,661,13.3433846,0.0718787192,0.243597115,5.44785277e-06,2,0,9179,44656,7864,1418,0,168,0,0,6.58828769e-10,6.40262954e-10,0,1,0,0,0,1,7864,179.5,3.08725975,4.29544862,4.29479473,2.74856504,-0.000152228934,0.391346687,-0.109707227,0,0,0.000261532721,0,2226,derived,0,0,0,0,0,0,0,0,0,0,0.000625729923,0,816,0,0,0,6.35265677e-05,15709.2632,15709.2632,-7.83033749e-10,507951,0.0281040421,0.0518855409,0.001861959,0.255293459,0.055728416,0.000264249975,0.042053709,0.44788125
662,331,662,13.307498,0.0716677276,0.242882064,5.41723937e-06,2,0,9179,44656,7864,1418,0,168,0,0,6.58828769e-10,3.8384429e-10,0,1,0,0,0,1,7864,179.5,3.08650591,4.29439978,4.29374605,2.74789391,-0.000152228934,0.391346688,-0.109707227,0,0,0.000261532721,0,2226,derived,0,0,0,0,0,0,0,0,0,0,0.000625729923,0,816,0,0,0,6.35265636e-05,15798.0379,15798.0379,-5.11027776e-10,508027,0.028068834,0.0526345,0.001747209,0.254867208,0.05564525,0.000260540983,0.042222416,0.447911334
663,331.5,663,13.2717167,0.0714580275,0.24217139,5.38688622e-06,2,0,9179,44656,7864,1418,0,168,0,0,6.58828769e-10,3.19660298e-10,0,1,0,0,0,1,7864,179.5,3.08575981,4.29336168,4.2927081,2.74722965,-0.000152228934,0.391346682,-0.10970723,0,0,0.000261532721,0,2226,derived,0,0,0,0,0,0,0,0,0,0,0.000625729923,0,816,0,0,0,6.35265596e-05,15887.0541,15887.0541,6.17685902e-10,508094,0.0283330841,0.05243625,0.00184325001,0.255191666,0.055783375,0.000253500068,0.0426644579,0.4487885
664,332,664,13.2360398,0.0712496065,0.241465051,5.35679087e-06,2,0,9179,44656,7864,1418,0,168,0,0,6.58828991e-10,7.35600914e-10,0,1,0,0,0,1,7864,179.5,3.08502097,4.2923337,4.29168028,2.74657187,-0.000152228934,0.391346687,-0.109707228,0,0,0.000261532721,0,2226,derived,0,0,0,0,0,0,0,0,0,0,0.000625729923,0,816,0,0,0,6.35265556e-05,15976.3102,15976.3102,2.83789658e-09,508016,0.028914166,0.052605708,0.002051458,0.254962417,0.0558155,0.000272957957,0.042274959,0.449373416
665,332.5,665,13.2004669,0.0710424525,0.240763006,5.32695057e-06,2,0,9179,44656,7864,1418,0,168,0,0,6.58828991e-10,5.18922683e-11,0,1,0,0,0,1,7864,179.5,3.08428923,4.29131559,4.29066233,2.7459204,-0.000152228934,0.391346684,-0.109707229,0,0,0.000261532721,0,2226,derived,0,0,0,0,0,0,0,0,0,0,0.000625729923,0,816,0,0,0,6.35265517e-05,16065.8057,16065.8057,1.6493793e-09,508107,0.027908792,0.0520916249,0.00185687502,0.255363625,0.055151209,0.00026095903,0.0415240419,0.44655775
666,333,666,13.1649972,0.0708365533,0.240065213,5.29736147e-06,2,0,9179,44656,7864,1418,0,168,0,0,6.58828991e-10,1.6286017e-10,0,1,0,0,0,1,7864,179.5,3.08356501,4.29030794,4.28965483,2.74527563,-0.000152228934,0.391346678,-0.109707233,0,0,0.000261532721,0,2226,derived,0,0,0,0,0,0,0,0,0,0,0.000625729923,0,816,0,0,0,6.35265478e-05,16155.5434,16155.5434,-2.88333668e-09,508064,0.027539667,0.0517072501,0.00184137502,0.2538635,0.0556762919,0.000253583072,0.042578291,0.446108792
667,333.5,667,13.1296301,0.070631897,0.239371632,5.26802163e-06,2,0,9179,44656,7864,1418,0,168,0,0,6.58828991e-10,8.58828564e-11,0,1,0,0,0,1,7864,179.5,3.08284767,4.28930986,4.28865691,2.74463698,-0.000152228934,0.39134668,-0.109707232,0,0,0.000261532721,0,2226,derived,0,0,0,0,0,0,0,0,0,0,0.000625729923,0,816,0,0,0,6.35265439e-05,16245.5204,16245.5204,5.90669291e-10,508001,0.0280324999,0.0520717499,0.00173295802,0.253459083,0.054997458,0.00025250006,0.0422824579,0.445411292
668,334,668,13.0943651,0.070428472,0.238682225,5.23892808e-06,2,0,9179,44656,7864,1418,0,168,0,0,6.58828769e-10,7.81386622e-10,0,1,0,0,0,1,7864,179.5,3.08213722,4.28832139,4.28766858,2.74400448,-0.000152228934,0.39134668,-0.109707231,0,0,0.000261532721,0,2226,derived,0,0,0,0,0,0,0,0,0,0,0.000625729923,0,816,0,0,0,6.35265401e-05,16335.7373,16335.7373,1.43243883e-09,508087,0.028356125,0.0518850001,0.00190858298,0.254064917,0.055180917,0.000252707978,0.0419057501,0.446468125
669,334.5,669,13.0592015,0.0702262665,0.23799695,5.21007741e-06,2,0,9179,44656,7864,1418,0,168,0,0,6.58828991e-10,3.78339804e-10,0,1,0,0,0,1,7864,179.5,3.08143391,4.28734286,4.2866902,2.74337834,-0.000152228934,0.391346685,-0.109707228,0,0,0.000261532721,0,2226,derived,0,0,0,0,0,0,0,0,0,0,0.000625729923,0,816,0,0,0,6.35265362e-05,16426.196,16426.196,2.97984393e-09,508042,0.028854833,0.052586708,0.00192729093,0.254476041,0.056045333,0.00026108406,0.042316417,0.449008791
670,335,670,13.0241387,0.0700252691,0.237315769,5.18146764e-06,2,0,9179,44656,7864,1418,0,168,0,0,6.58828991e-10,4.11566337e-10,0,1,0,0,0,1,7864,179.5,3.08073723,4.28637352,4.28572101,2.74275808,-0.000152228934,0.39134668,-0.109707232,0,0,0.000261532721,0,2226,derived,0,0,0,0,0,0,0,0,0,0,0.000625729923,0,816,0,0,0,6.35265324e-05,16516.8942,16516.8942,1.43238243e-09,508039,0.027894833,0.0521999999,0.00174616603,0.25474125,0.0552488749,0.000251124962,0.0417377499,0.446475333
671,335.5,671,12.9891761,0.0698254687,0.236638646,5.15309578e-06,2,0,9179,44656,7864,1418,0,168,0,0,6.58828991e-10,6.86822377e-10,0,1,0,0,0,1,7864,179.5,3.08004724,4.28541351,4.28476115,2.74214379,-0.000152228934,0.391346682,-0.10970723,0,0,0.000261532721,0,2226,derived,0,0,0,0,0,0,0,0,0,0,0.000625729923,0,816,0,0,0,6.35265287e-05,16607.8327,16607.8327,2.70348988e-09,508025,0.0279822501,0.05289125,0.0020422081,0.25365775,0.055711209,0.000272042002,0.0422105,0.447428292
672,336,672,12.954313,0.0696268539,0.23596554,5.12495884e-06,2,0,9179,44656,7864,1418,0,168,0,0,6.58828991e-10,2.26424435e-10,0,1,0,0,0,1,7864,179.5,3.07936406,4.28446296,4.28381074,2.74153555,-0.000152228934,0.391346677,-0.109707234,0,0,0.000261532721,0,2226,derived,0,0,0,0,0,0,0,0,0,0,0.000625729923,0,816,0,0,0,6.35265249e-05,16699.0127,16699.0127,1.56637348e-09,508017,0.0278488749,0.0526199579,0.00207841699,0.254213042,0.055845083,0.000269958051,0.0418523749,0.447193292
673,336.5,673,12.919549,0.0694294138,0.235296415,5.09705479e-06,2,0,9179,44656,7864,1418,0,168,0,0,6.58828769e-10,1.94866345e-12,0,1,0,0,0,1,7864,179.5,3.07868722,4.28352124,4.28286917,2.74093297,-0.000152228934,0.39134668,-0.109707232,0,0,0.000261532721,0,2226,derived,0,0,0,0,0,0,0,0,0,0,0.000625729923,0,816,0,0,0,6.35265212e-05,16790.4322,16790.4322,7.03540559e-10,508082,0.027592291,0.0515435829,0.00180412503,0.255652708,0.055931125,0.000263625057,0.042520292,0.447911458
674,337,674,12.8848835,0.0692331377,0.234631234,5.06938065e-06,2,0,9179,44656,7864,1418,0,168,0,0,6.58828991e-10,1.97322825e-10,0,1,0,0,0,1,7864,179.5,3.07801689,4.2825886,4.28193666,2.74033619,-0.000152228934,0.391346685,-0.109707228,0,0,0.000261532721,0,2226,derived,0,0,0,0,0,0,0,0,0,0,0.000625729923,0,816,0,0,0,6.35265175e-05,16882.0925,16882.0925,-1.73169024e-09,508010,0.0275826249,0.052761583,0.00195170904,0.254075167,0.05566925,0.000263624941,0.044652625,0.449603417
675,337.5,675,12.8503157,0.0690380145,0.233969962,5.04193376e-06,2,0,9179,44656,7864,1418,0,168,0,0,6.58828991e-10,7.54718954e-10,0,1,0,0,0,1,7864,179.5,3.07735304,4.28166495,4.28101315,2.73974517,-0.000152228934,0.391346684,-0.109707229,0,0,0.000261532721,0,2226,derived,0,0,0,0,0,0,0,0,0,0,0.000625729923,0,816,0,0,0,6.35265139e-05,16973.9939,16973.9939,-2.03551953e-10,507921,0.0274360829,0.0524392921,0.00175891689,0.254752125,0.0559532919,0.000255124993,0.0421169581,0.447088333
676,338,676,12.8158453,0.0688440338,0.233312561,5.01471209e-06,2,0,9179,44656,7864,1418,0,168,0,0,6.58828991e-10,2.8547964e-10,0,1,0,0,0,1,7864,179.5,3.07669529,4.2807498,4.28009815,2.73915958,-0.000152228934,0.391346689,-0.109707226,0,0,0.000261532721,0,2226,derived,0,0,0,0,0,0,0,0,0,0,0.000625729923,0,816,0,0,0,6.35265102e-05,17066.1349,17066.1349,-1.1489939e-09,507741,0.027846625,0.0529198749,0.00172895903,0.255308,0.0553132499,0.000268250005,0.042309625,0.448575375
677,338.5,677,12.7814715,0.0686511854,0.232658997,4.98771269e-06,2,0,9179,44656,7864,1418,0,168,0,0,6.58828991e-10,1.64965819e-10,0,1,0,0,0,1,7864,179.5,3.07604387,4.27984345,4.27919194,2.73857963,-0.000152228934,0.391346689,-0.109707226,0,0,0.000261532721,0,2226,derived,0,0,0,0,0,0,0,0,0,0,0.000625729923,0,816,0,0,0,6.35265066e-05,17158.517,17158.517,6.16617868e-12,507735,0.0275223339,0.0522265,0.00204541604,0.255674667,0.0551037081,0.000253624981,0.0415963749,0.446926334
678,339,678,12.7471939,0.0684594586,0.232009235,4.96093317e-06,2,0,9179,44656,7864,1418,0,168,0,0,6.58828769e-10,4.5328874e-10,0,1,0,0,0,1,7864,179.5,3.07539863,4.27894569,4.27829431,2.73800517,-0.000152228934,0.391346683,-0.10970723,0,0,0.000261532721,0,2226,derived,0,0,0,0,0,0,0,0,0,0,0.000625729923,0,816,0,0,0,6.3526503e-05,17251.1401,17251.1401,-2.65132949e-09,507736,0.02730275,0.052546791,0.00189800002,0.257665333,0.0558648751,0.00025733409,0.042132,0.44991425
679,339.5,679,12.7130119,0.0682688434,0.231363239,4.93437151e-06,2,0,9179,44656,7864,1418,0,168,0,0,6.58828991e-10,4.28222235e-10,0,1,0,0,0,1,7864,179.5,3.07475926,4.2780561,4.27740486,2.73743594,-0.000152228934,0.391346685,-0.109707228,0,0,0.000261532721,0,2226,derived,0,0,0,0,0,0,0,0,0,0,0.000625729923,0,816,0,0,0,6.35264995e-05,17344.0027,17344.0027,1.07652576e-09,507911,0.027741208,0.0517867081,0.00185308303,0.254852542,0.055396917,0.000474374974,0.041898667,0.446530125
680,340,680,12.6789249,0.0680793298,0.230720978,4.90802481e-06,2,0,9179,44656,7864,1418,0,168,0,0,6.58828769e-10,6.64271527e-10,0,1,0,0,0,1,7864,179.5,3.07412601,4.27717505,4.27652394,2.73687217,-0.000152228934,0.391346689,-0.109707226,0,0,0.000261532721,0,2226,derived,0,0,0,0,0,0,0,0,0,0,0.000625729923,0,816,0,0,0,6.35264959e-05,17437.1068,17437.1068,8.73346062e-10,507904,0.027648333,0.051960625,0.00188829098,0.256004125,0.0552976669,0.000261167064,0.041696334,0.447045666
681,340.5,681,12.6449324,0.0678909077,0.230082414,4.88189092e-06,2,0,9179,44656,7864,1418,0,168,0,0,6.58828769e-10,5.78085579e-10,0,1,0,0,0,1,7864,179.5,3.07349868,4.2763022,4.27565122,2.73631366,-0.000152228934,0.391346686,-0.109707228,0,0,0.000261532721,0,2226,derived,0,0,0,0,0,0,0,0,0,0,0.000625729923,0,816,0,0,0,6.35264924e-05,17530.4517,17530.4517,-1.31914113e-09,507911,0.027303875,0.05232825,0.00188749994,0.25562125,0.0557206661,0.000261083012,0.042116583,0.447815708
682,341,682,12.6110339,0.0677035673,0.229447518,4.85596783e-06,2,0,9179,44656,7864,1418,0,168,0,0,6.58828991e-10,6.91105506e-10,0,1,0,0,0,1,7864,179.5,3.072877,4.27543722,4.27478638,2.73576018,-0.000152228934,0.391346685,-0.109707229,0,0,0.000261532721,0,2226,derived,0,0,0,0,0,0,0,0,0,0,0.000625729923,0,816,0,0,0,6.3526489e-05,17624.0362,17624.0362,-2.25022223e-11,507750,0.027047958,0.0527078341,0.00174674997,0.256151209,0.055711375,0.000254874933,0.041643917,0.447536
683,341.5,683,12.5772287,0.0675172992,0.228816255,4.83025272e-06,2,0,9179,44656,7864,1418,0,168,0,0,6.58828769e-10,7.34523553e-13,0,1,0,0,0,1,7864,179.5,3.07226126,4.2745805,4.27392978,2.73521198,-0.000152228934,0.391346678,-0.109707233,0,0,0.000261532721,0,2226,derived,0,0,0,0,0,0,0,0,0,0,0.000625729923,0,816,0,0,0,6.35264855e-05,17717.8624,17717.8624,-9.96845939e-10,507698,0.0275904579,0.0522575,0.00192883308,0.254300166,0.0555127501,0.000253624981,0.041846292,0.4463085
684,342,684,12.5435164,0.0673320935,0.228188592,4.8047436e-06,2,0,9179,44656,7864,1418,0,168,0,0,6.58828991e-10,4.9888782e-10,0,1,0,0,0,1,7864,179.5,3.07165115,4.27373165,4.27308106,2.73466882,-0.000152228934,0.391346686,-0.109707228,0,0,0.000261532721,0,2226,derived,0,0,0,0,0,0,0,0,0,0,0.000625729923,0,816,0,0,0,6.35264821e-05,17811.9292,17811.9292,1.46962242e-09,507643,0.027504417,0.0521700419,0.00187520904,0.255593459,0.0551923751,0.000260208966,0.0421848331,0.447339708
685,342.5,685,12.5098965,0.0671479408,0.227564498,4.77943851e-06,2,0,9179,44656,7864,1418,0,168,0,0,6.58828991e-10,6.19960416e-10,0,1,0,0,0,1,7864,179.5,3.0710465,4.27289036,4.27223991,2.7341305,-0.000152228934,0.391346682,-0.109707231,0,0,0.000261532721,0,2226,derived,0,0,0,0,0,0,0,0,0,0,0.000625729923,0,816,0,0,0,6.35264787e-05,17906.2358,17906.2358,-1.08357678e-09,507605,0.0274535409,0.0532982079,0.00178624992,0.256005459,0.0555810829,0.000253666076,0.0420625,0.448963125
686,343,686,12.4763683,0.0669648321,0.226943943,4.75433471e-06,2,0,9179,44656,7864,1418,0,168,0,0,6.58828991e-10,3.6655512e-10,0,1,0,0,0,1,7864,179.5,3.07044757,4.27205707,4.27140673,2.73359729,-0.000152228934,0.39134669,-0.109707225,0,0,0.000261532721,0,2226,derived,0,0,0,0,0,0,0,0,0,0,0.000625729923,0,816,0,0,0,6.35264753e-05,18000.7842,18000.7842,-2.64529032e-09,507585,0.028115542,0.051836833,0.00179254101,0.2557325,0.05534825,0.00026275008,0.041661083,0.447228209
687,343.5,687,12.4429315,0.0667827577,0.226326892,4.72943035e-06,2,0,9179,44656,7864,1418,0,168,0,0,6.58828991e-10,2.57309729e-10,0,1,0,0,0,1,7864,179.5,3.06985411,4.27123133,4.27058112,2.73306891,-0.000152228934,0.39134668,-0.109707231,0,0,0.000261532721,0,2226,derived,0,0,0,0,0,0,0,0,0,0,0.000625729923,0,816,0,0,0,6.35264719e-05,18095.5731,18095.5731,2.70192535e-09,507593,0.0274588329,0.0515751661,0.00184504199,0.254464083,0.0558909579,0.000276375096,0.042034125,0.446159125
688,344,688,12.4095854,0.0666017088,0.225713317,4.70472354e-06,2,0,9179,44656,7864,1418,0,168,0,0,6.58828991e-10,3.26469185e-10,0,1,0,0,0,1,7864,179.5,3.06926585,4.27041288,4.2697628,2.73254521,-0.000152228934,0.391346687,-0.109707227,0,0,0.000261532721,0,2226,derived,0,0,0,0,0,0,0,0,0,0,0.000625729923,0,816,0,0,0,6.35264686e-05,18190.6019,18190.6019,2.34383402e-10,507633,0.0293274999,0.052396625,0.00184812502,0.254657792,0.055661333,0.00026262505,0.0424537921,0.449160667
689,344.5,689,12.3763296,0.0664216764,0.225103187,4.6802116e-06,2,0,9179,44656,7864,1418,0,168,0,0,6.58828991e-10,5.47640711e-10,0,1,0,0,0,1,7864,179.5,3.06868316,4.26960213,4.26895218,2.73202643,-0.000152228934,0.391346684,-0.109707229,0,0,0.000261532721,0,2226,derived,0,0,0,0,0,0,0,0,0,0,0.000625729923,0,816,0,0,0,6.35264653e-05,18285.8726,18285.8726,-2.09457307e-09,507638,0.0281661659,0.0524635001,0.00214200001,0.255247708,0.055596792,0.000267249998,0.04212375,0.448134041
690,345,690,12.3431636,0.0662426515,0.224496471,4.6558928e-06,2,0,9179,44656,7864,1418,0,168,0,0,6.58828991e-10,4.1005177e-10,0,1,0,0,0,1,7864,179.5,3.06810569,4.26879867,4.26814883,2.73151231,-0.000152228934,0.39134668,-0.109707232,0,0,0.000261532721,0,2226,derived,0,0,0,0,0,0,0,0,0,0,0.000625729923,0,816,0,0,0,6.3526462e-05,18381.3839,18381.3839,-1.23142707e-09,507623,0.0274361251,0.0528363331,0.00190995797,0.255417333,0.055788125,0.000274457969,0.042032166,0.448253917
691,345.5,691,12.3100868,0.0660646254,0.22389314,4.63176531e-06,2,0,9179,44656,7864,1418,0,168,0,0,6.58828991e-10,8.25115531e-11,0,1,0,0,0,1,7864,179.5,3.06753326,4.26800223,4.26735251,2.73100268,-0.000152228934,0.391346685,-0.109707228,0,0,0.000261532721,0,2226,derived,0,0,0,0,0,0,0,0,0,0,0.000625729923,0,816,0,0,0,6.35264587e-05,18477.135,18477.135,-5.377776e-11,507473,0.028258416,0.0524406669,0.00201325002,0.253715125,0.055305792,0.000270582968,0.041970083,0.4464815
692,346,692,12.2770988,0.0658875895,0.223293165,4.60782657e-06,2,0,9179,44656,7864,1418,0,168,0,0,6.58828769e-10,6.47829457e-10,0,1,0,0,0,1,7864,179.5,3.06696617,4.26721321,4.26656362,2.73049781,-0.000152228934,0.391346684,-0.109707229,0,0,0.000261532721,0,2226,derived,0,0,0,0,0,0,0,0,0,0,0.000625729923,0,816,0,0,0,6.35264555e-05,18573.128,18573.128,1.75641923e-09,507389,0.027695208,0.0525922501,0.00173062505,0.25516425,0.055448542,0.000264582923,0.042349583,0.447835583
693,346.5,693,12.2441991,0.0657115349,0.222696516,4.5840749e-06,2,0,9179,44656,7864,1418,0,168,0,0,6.58828991e-10,5.43536771e-10,0,1,0,0,0,1,7864,179.5,3.06640414,4.26643122,4.26578175,2.72999743,-0.000152228934,0.391346681,-0.109707231,0,0,0.000261532721,0,2226,derived,0,0,0,0,0,0,0,0,0,0,0.000625729923,0,816,0,0,0,6.35264522e-05,18669.3618,18669.3618,1.61480429e-09,507461,0.03009575,0.0526339579,0.00181120902,0.255074083,0.055429709,0.000265000039,0.042332292,0.450048917
694,347,694,12.2113871,0.0655364536,0.222103165,4.56050854e-06,2,0,9179,44656,7864,1418,0,168,0,0,6.58828991e-10,5.04688735e-10,0,1,0,0,0,1,7864,179.5,3.06584696,4.265656,4.26500665,2.72950139,-0.000152228934,0.391346685,-0.109707228,0,0,0.000261532721,0,2226,derived,0,0,0,0,0,0,0,0,0,0,0.000625729923,0,816,0,0,0,6.3526449e-05,18765.8355,18765.8355,-1.08427844e-09,507370,0.0277955,0.0517179159,0.00180224993,0.25450825,0.055508291,0.000285958988,0.041754542,0.446085458
695,347.5,695,12.1786625,0.065362337,0.221513084,4.53712507e-06,2,0,9179,44656,7864,1418,0,168,0,0,6.58828991e-10,7.67947927e-10,0,1,0,0,0,1,7864,179.5,3.06529492,4.26488793,4.26423869,2.72900991,-0.000152228934,0.391346684,-0.109707229,0,0,0.000261532721,0,2226,derived,0,0,0,0,0,0,0,0,0,0,0.000625729923,0,816,0,0,0,6.35264459e-05,18862.551,18862.551,-1.37278344e-09,507341,0.027061625,0.0525325,0.00172125001,0.255203875,0.0555590839,0.000253665959,0.042173791,0.447341959
696,348,696,12.1460247,0.0651891768,0.220926243,4.51392281e-06,2,0,9179,44656,7864,1418,0,168,0,0,6.58828991e-10,1.29606992e-10,0,1,0,0,0,1,7864,179.5,3.06474779,4.26412665,4.26347753,2.72852279,-0.000152228934,0.391346678,-0.109707233,0,0,0.000261532721,0,2226,derived,0,0,0,0,0,0,0,0,0,0,0.000625729923,0,816,0,0,0,6.35264427e-05,18959.5074,18959.5074,6.63640476e-10,507349,0.0285305,0.0515356661,0.00179004099,0.253636291,0.055211458,0.000253541977,0.042558542,0.446506333
697,348.5,697,12.1134732,0.0650169649,0.220342617,4.49090011e-06,2,0,9179,44656,7864,1418,0,168,0,0,6.58828991e-10,7.32059857e-10,0,1,0,0,0,1,7864,179.5,3.06420533,4.2633719,4.2627229,2.72803984,-0.000152228934,0.391346679,-0.109707233,0,0,0.000261532721,0,2226,derived,0,0,0,0,0,0,0,0,0,0,0.000625729923,0,816,0,0,0,6.35264396e-05,19056.7037,19056.7037,2.51952303e-09,507394,0.0283380001,0.051902459,0.00185375009,0.25416475,0.05592125,0.00025808299,0.0418229169,0.447225
698,349,698,12.0810076,0.0648456933,0.219762177,4.46805468e-06,2,0,9179,44656,7864,1418,0,168,0,0,6.58828769e-10,5.6956373e-10,0,1,0,0,0,1,7864,179.5,3.06366777,4.262624,4.26197511,2.72756127,-0.000152228934,0.391346687,-0.109707227,0,0,0.000261532721,0,2226,derived,0,0,0,0,0,0,0,0,0,0,0.000625729923,0,816,0,0,0,6.35264364e-05,19154.1418,19154.1418,-9.28727428e-10,507301,0.0277333329,0.052742,0.00191433297,0.257072541,0.056075208,0.000253750011,0.0419795411,0.450232375
699,349.5,699,12.0486274,0.0646753539,0.219184896,4.44538482e-06,2,0,9179,44656,7864,1418,0,168,0,0,6.58828991e-10,6.2358696e-10,0,1,0,0,0,1,7864,179.5,3.063135,4.26188272,4.26123394,2.72708695,-0.000152228934,0.391346682,-0.10970723,0,0,0.000261532721,0,2226,derived,0,0,0,0,0,0,0,0,0,0,0.000625729923,0,816,0,0,0,6.35264333e-05,19251.821,19251.821,8.9512997e-10,507294,0.0306068329,0.05295125,0.00174666604,0.25479425,0.0556638329,0.000599541934,0.0422809579,0.451350125
700,350,700,12.0163321,0.0645059388,0.218610749,4.42288899e-06,2,0,9179,44656,7864,1418,0,168,0,0,6.58828991e-10,5.73324832e-10,0,1,0,0,0,1,7864,179.5,3.06260673,4.26114773,4.26049906,2.72661664,-0.000152228934,0.39134669,-0.109707226,0,0,0.000261532721,0,2226,derived,0,0,0,0,0,0,0,0,0,0,0.000625729923,0,816,0,0,0,6.35264303e-05,19349.7402,19349.7402,-3.5015213e-10,507197,0.026365208,0.0519532079,0.00182304101,0.255019125,0.055773917,0.000262208981,0.042305209,0.445816916
701,350.5,701,11.9841213,0.0643374405,0.218039707,4.40056506e-06,2,0,9179,44656,7864,1418,0,168,0,0,6.58828991e-10,1.2384116e-10,0,1,0,0,0,1,7864,179.5,3.06208321,4.2604193,4.25977074,2.72615053,-0.000152228934,0.391346678,-0.109707233,0,0,0.000261532721,0,2226,derived,0,0,0,0,0,0,0,0,0,0,0.000625729923,0,816,0,0,0,6.35264272e-05,19447.9008,19447.9008,2.08583728e-09,507233,0.027044042,0.0529505409,0.00190066604,0.254533834,0.0551985829,0.000253584003,0.042011625,0.446295
702,351,702,11.9519945,0.0641698509,0.217471746,4.37841124e-06,2,0,9179,44656,7864,1418,0,168,0,0,6.58828769e-10,4.36454761e-10,0,1,0,0,0,1,7864,179.5,3.06156429,4.25969731,4.25904886,2.72568855,-0.000152228934,0.391346679,-0.109707232,0,0,0.000261532721,0,2226,derived,0,0,0,0,0,0,0,0,0,0,0.000625729923,0,816,0,0,0,6.35264242e-05,19546.303,19546.303,1.25897137e-09,507241,0.0277839999,0.0511844581,0.00185741601,0.254738417,0.0553652081,0.000261291047,0.0425370829,0.446291333
703,351.5,703,11.9199513,0.0640031626,0.216906839,4.35642615e-06,2,0,9179,44656,7864,1418,0,168,0,0,6.58828991e-10,6.83262225e-10,0,1,0,0,0,1,7864,179.5,3.06104973,4.25898139,4.25833305,2.72523044,-0.000152228934,0.391346685,-0.109707228,0,0,0.000261532721,0,2226,derived,0,0,0,0,0,0,0,0,0,0,0.000625729923,0,816,0,0,0,6.35264212e-05,19644.9452,19644.9452,-3.71880415e-10,507218,0.027505458,0.051429958,0.00211745792,0.255954375,0.056043333,0.000254582963,0.0412681251,0.447079958
704,352,704,11.8879912,0.0638373682,0.216344961,4.33460779e-06,2,0,9179,44656,7864,1418,0,168,0,0,6.58828769e-10,6.1973271e-10,0,1,0,0,0,1,7864,179.5,3.06053968,4.25827173,4.2576235,2.72477635,-0.000152228934,0.391346683,-0.10970723,0,0,0.000261532721,0,2226,derived,0,0,0,0,0,0,0,0,0,0,0.000625729923,0,816,0,0,0,6.35264182e-05,19743.8285,19743.8285,1.07278231e-09,507206,0.027562458,0.051112375,0.00181637495,0.254913,0.0551197911,0.000326042064,0.041642584,0.445262083
705,352.5,705,11.8561138,0.06367246,0.215786087,4.3129543e-06,2,0,9179,44656,7864,1418,0,168,0,0,6.58828769e-10,2.48976062e-10,0,1,0,0,0,1,7864,179.5,3.06003415,4.25756838,4.25692025,2.72432629,-0.000152228934,0.391346689,-0.109707226,0,0,0.000261532721,0,2226,derived,0,0,0,0,0,0,0,0,0,0,0.000625729923,0,816,0,0,0,6.35264152e-05,19842.9538,19842.9538,1.76839432e-10,507173,0.027391042,0.0517735831,0.00174941693,0.255192417,0.055790875,0.000266374904,0.0414473751,0.446485917
706,353,706,11.8243186,0.0635084307,0.215230192,4.29146442e-06,2,0,9179,44656,7864,1418,0,168,0,0,6.58828991e-10,4.2593773e-10,0,1,0,0,0,1,7864,179.5,3.05953284,4.25687087,4.25622285,2.72387997,-0.000152228934,0.391346684,-0.109707229,0,0,0.000261532721,0,2226,derived,0,0,0,0,0,0,0,0,0,0,0.000625729923,0,816,0,0,0,6.35264122e-05,19942.3191,19942.3191,6.05792305e-10,507103,0.027737833,0.051966542,0.00172449998,0.254677458,0.055421,0.000325083965,0.0421492499,0.44635675
707,353.5,707,11.7926053,0.0633452733,0.214677251,4.27013633e-06,2,0,9179,44656,7864,1418,0,168,0,0,6.58828769e-10,1.72163062e-10,0,1,0,0,0,1,7864,179.5,3.05903582,4.25617932,4.25553141,2.72343746,-0.000152228934,0.391346679,-0.109707232,0,0,0.000261532721,0,2226,derived,0,0,0,0,0,0,0,0,0,0,0.000625729923,0,816,0,0,0,6.35264093e-05,20041.9252,20041.9252,-7.77781284e-10,506988,0.027732208,0.052386709,0.00192449999,0.2546865,0.0550356669,0.000271167024,0.0418636251,0.446667875
708,354,708,11.7609732,0.0631829803,0.21412724,4.24896805e-06,2,0,9179,44656,7864,1418,0,168,0,0,6.58828769e-10,4.72116457e-10,0,1,0,0,0,1,7864,179.5,3.05854322,4.25549398,4.25484617,2.72299893,-0.000152228934,0.391346687,-0.109707227,0,0,0.000261532721,0,2226,derived,0,0,0,0,0,0,0,0,0,0,0.000625729923,0,816,0,0,0,6.35264064e-05,20141.7737,20141.7737,5.62576652e-10,506999,0.0277031669,0.0531375001,0.00196416699,0.25398225,0.055640625,0.000264124945,0.04223775,0.448053125
709,354.5,709,11.7294222,0.0630215447,0.213580134,4.22795846e-06,2,0,9179,44656,7864,1418,0,168,0,0,6.58828991e-10,4.76870321e-10,0,1,0,0,0,1,7864,179.5,3.0580547,4.25481427,4.25416656,2.72256399,-0.000152228934,0.391346683,-0.10970723,0,0,0.000261532721,0,2226,derived,0,0,0,0,0,0,0,0,0,0,0.000625729923,0,815,0,0,0,6.35264035e-05,20241.8623,20241.8623,2.90814262e-10,506950,0.027886875,0.0522368749,0.00184379204,0.255011791,0.055476208,0.000253125094,0.041372125,0.446639625
710,355,710,11.6979516,0.0628609597,0.213035911,4.20710592e-06,2,0,9179,44656,7864,1418,0,168,0,0,6.58828769e-10,1.8932822e-10,0,1,0,0,0,1,7864,179.5,3.05757023,4.2541402,4.2534926,2.72213267,-0.000152228934,0.391346685,-0.109707229,0,0,0.000261532721,0,2226,derived,0,0,0,0,0,0,0,0,0,0,0.000625729923,0,815,0,0,0,6.35264006e-05,20342.1912,20342.1912,-1.00006314e-09,506934,0.028060375,0.052128834,0.00221333303,0.255571666,0.055437958,0.000263791997,0.041542,0.447875333
711,355.5,711,11.6665611,0.0627012181,0.212494547,4.18640829e-06,2,0,9179,44656,7864,1418,0,168,0,0,6.58828991e-10,3.87645249e-10,0,1,0,0,0,1,7864,179.5,3.05709015,4.25347225,4.25282475,2.72170527,-0.000152228934,0.391346686,-0.109707228,0,0,0.000261532721,0,2226,derived,0,0,0,0,0,0,0,0,0,0,0.000625729923,0,815,0,0,0,6.35263977e-05,20442.7631,20442.7631,-2.62391886e-10,507086,0.0277934159,0.051704125,0.00182929204,0.255159291,0.05577475,0.000258749933,0.0416971251,0.446821333
712,356,712,11.6352502,0.062542313,0.211956017,4.16586463e-06,2,0,9179,44656,7864,1418,0,168,0,0,6.58828769e-10,3.22933458e-10,0,1,0,0,0,1,7864,179.5,3.056614,4.25280974,4.25216234,2.72128134,-0.000152228934,0.391346678,-0.109707233,0,0,0.000261532721,0,2226,derived,0,0,0,0,0,0,0,0,0,0,0.000625729923,0,815,0,0,0,6.35263949e-05,20543.5751,20543.5751,8.6921137e-10,507057,0.0271406251,0.052239834,0.00173066708,0.254626292,0.056531333,0.000262833084,0.041530916,0.446964417
713,356.5,713,11.6040186,0.0623842378,0.2114203,4.14547339e-06,2,0,9179,44656,7864,1418,0,168,0,0,6.58828991e-10,7.49703633e-10,0,1,0,0,0,1,7864,179.5,3.05614172,4.25215263,4.25150533,2.72086087,-0.000152228934,0.391346678,-0.109707233,0,0,0.000261532721,0,2226,derived,0,0,0,0,0,0,0,0,0,0,0.000625729923,0,815,0,0,0,6.35263921e-05,20644.6273,20644.6273,-2.18008855e-09,507103,0.028603625,0.05265575,0.00189012499,0.254574625,0.055251166,0.000302540953,0.0412778341,0.447094791
714,357,714,11.5728659,0.0622269858,0.210887372,4.1252325e-06,2,0,9179,44656,7864,1418,0,168,0,0,6.58828991e-10,6.78730183e-10,0,1,0,0,0,1,7864,179.5,3.05567366,4.25150142,4.25085422,2.72044417,-0.000152228934,0.391346686,-0.109707228,0,0,0.000261532721,0,2226,derived,0,0,0,0,0,0,0,0,0,0,0.000625729923,0,815,0,0,0,6.35263892e-05,20745.9223,20745.9223,-5.09995823e-10,506968,0.028207666,0.0515297919,0.00180529198,0.254663666,0.05529025,0.000260749948,0.0415577501,0.4459065
715,357.5,715,11.5417915,0.0620705501,0.210357212,4.10514094e-06,2,0,9179,44656,7864,1418,0,168,0,0,6.58828991e-10,7.62800489e-10,0,1,0,0,0,1,7864,179.5,3.05520947,4.25085554,4.25020843,2.72003089,-0.000152228934,0.391346677,-0.109707234,0,0,0.000261532721,0,2226,derived,0,0,0,0,0,0,0,0,0,0,0.000625729923,0,815,0,0,0,6.35263865e-05,20847.4579,20847.4579,-8.94943564e-10,506960,0.028278333,0.0527689999,0.00212716707,0.254861625,0.055498792,0.00025625003,0.041543458,0.448137708
716,358,716,11.5107952,0.0619149244,0.209829796,4.08519731e-06,2,0,9179,44656,7864,1418,0,168,0,0,6.58828991e-10,3.54529961e-10,0,1,0,0,0,1,7864,179.5,3.05474899,4.25021487,4.24956786,2.71962093,-0.000152228934,0.391346681,-0.109707231,0,0,0.000261532721,0,2226,derived,0,0,0,0,0,0,0,0,0,0,0.000625729923,0,815,0,0,0,6.35263837e-05,20949.2336,20949.2336,1.27651933e-09,506778,0.028421041,0.0521758751,0.00186108297,0.255499959,0.05543175,0.000258167041,0.0415329579,0.447586791
717,358.5,717,11.4798765,0.0617601022,0.209305103,4.06539974e-06,2,0,9179,44656,7864,1418,0,168,0,0,6.58828769e-10,3.26746408e-10,0,1,0,0,0,1,7864,179.5,3.05429253,4.24957978,4.24893287,2.71921456,-0.000152228934,0.391346685,-0.109707229,0,0,0.000261532721,0,2226,derived,0,0,0,0,0,0,0,0,0,0,0.000625729923,0,815,0,0,0,6.35263809e-05,21051.2516,21051.2516,1.02429265e-09,506738,0.027844166,0.052980375,0.00177833298,0.255211833,0.0554255,0.000278500025,0.042378458,0.448314125
718,359,718,11.449035,0.0616060769,0.208783111,4.04574698e-06,2,0,9179,44656,7864,1418,0,168,0,0,6.58828991e-10,2.95736546e-10,0,1,0,0,0,1,7864,179.5,3.05383987,4.24894998,4.24830317,2.71881156,-0.000152228934,0.391346686,-0.109707228,0,0,0.000261532721,0,2226,derived,0,0,0,0,0,0,0,0,0,0,0.000625729923,0,815,0,0,0,6.35263782e-05,21153.5109,21153.5109,9.2930863e-10,506641,0.02760875,0.0526960411,0.00177529105,0.256164458,0.0552456661,0.000554083963,0.041984375,0.448454083
719,359.5,719,11.4182703,0.0614528422,0.208263798,4.02623781e-06,2,0,9179,44656,7864,1418,0,168,0,0,6.58828769e-10,6.50408061e-10,0,1,0,0,0,1,7864,179.5,3.05339084,4.24832521,4.24767849,2.71841178,-0.000152228934,0.391346681,-0.109707231,0,0,0.000261532721,0,2226,derived,0,0,0,0,0,0,0,0,0,0,0.000625729923,0,815,0,0,0,6.35263755e-05,21256.0104,21256.0104,4.75860906e-10,506758,0.03009975,0.0516915,0.00177333294,0.255969291,0.054872458,0.000254624989,0.0419005839,0.448776125
720,360,720,11.387582,0.0613003921,0.207747145,4.00687059e-06,2,0,9179,44656,7864,1418,0,168,0,0,6.58828991e-10,7.398131e-10,0,1,0,0,0,1,7864,179.5,3.05294556,4.2477057,4.24705907,2.71801537,-0.000152228934,0.39134669,-0.109707225,0,0,0.000261532721,0,2226,derived,0,0,0,0,0,0,0,0,0,0,0.000625729923,0,815,0,0,0,6.35263728e-05,21358.7514,21358.7514,3.32122996e-10,506728,0.0281425001,0.052552875,0.00175091694,0.254429625,0.055573375,0.000257292064,0.041942334,0.446979709
721,360.5,721,11.3569698,0.0611487201,0.207233128,3.98764381e-06,2,0,9179,44656,7864,1418,0,168,0,0,6.58828991e-10,5.66465319e-10,0,1,0,0,0,1,7864,179.5,3.05250411,4.24709146,4.24644493,2.71762233,-0.000152228934,0.391346679,-0.109707232,0,0,0.000261532721,0,2226,derived,0,0,0,0,0,0,0,0,0,0,0.000625729923,0,815,0,0,0,6.35263701e-05,21461.7345,21461.7345,2.15949991e-09,506770,0.0272131249,0.052074,0.00184099993,0.256056375,0.055880792,0.00026779098,0.041543917,0.447263041
722,361,722,11.3264332,0.06099782,0.206721727,3.96855645e-06,2,0,9179,44656,7864,1418,0,168,0,0,6.58828991e-10,1.32847289e-10,0,1,0,0,0,1,7864,179.5,3.05206612,4.24648208,4.24583564,2.7172324,-0.000152228934,0.391346686,-0.109707228,0,0,0.000261532721,0,2226,derived,0,0,0,0,0,0,0,0,0,0,0.000625729923,0,815,0,0,0,6.35263674e-05,21564.9579,21564.9579,7.5220985e-10,506684,0.0281962079,0.0522648329,0.00169912504,0.256166333,0.0554705,0.000254792045,0.042198458,0.448855916
723,361.5,723,11.2959719,0.060847686,0.206212923,3.94960709e-06,2,0,9179,44656,7864,1418,0,168,0,0,6.58828769e-10,5.58593394e-10,0,1,0,0,0,1,7864,179.5,3.05163169,4.24587761,4.24523126,2.71684562,-0.000152228934,0.391346677,-0.109707234,0,0,0.000261532721,0,2226,derived,0,0,0,0,0,0,0,0,0,0,0.000625729923,0,815,0,0,0,6.35263647e-05,21668.422,21668.422,-2.19272234e-09,506673,0.028152375,0.0532449171,0.00175087503,0.254596583,0.055879125,0.000262165908,0.042125,0.448506042
724,362,724,11.2655854,0.060698312,0.205706694,3.93079394e-06,2,0,9179,44656,7864,1418,0,168,0,0,6.58828991e-10,6.87092605e-11,0,1,0,0,0,1,7864,179.5,3.05120104,4.24527843,4.24463218,2.71646222,-0.000152228934,0.391346681,-0.109707231,0,0,0.000261532721,0,2226,derived,0,0,0,0,0,0,0,0,0,0,0.000625729923,0,815,0,0,0,6.35263621e-05,21772.1291,21772.1291,-1.58186386e-09,506669,0.02792875,0.051959292,0.00171508302,0.253756375,0.055583,0.000261125038,0.042719334,0.446150334
725,362.5,725,11.2352734,0.0605496918,0.20520302,3.91211619e-06,2,0,9179,44656,7864,1418,0,168,0,0,6.58828769e-10,4.42997639e-10,0,1,0,0,0,1,7864,179.5,3.05077374,4.24468394,4.24403778,2.71608182,-0.000152228934,0.391346688,-0.109707227,0,0,0.000261532721,0,2226,derived,0,0,0,0,0,0,0,0,0,0,0.000625729923,0,815,0,0,0,6.35263595e-05,21876.0764,21876.0764,2.14403872e-09,506564,0.030008542,0.052523041,0.00176287501,0.255003125,0.0549021669,0.000268666889,0.0414809589,0.448493167
726,363,726,11.2050356,0.0604018199,0.204701882,3.89357255e-06,2,0,9179,44656,7864,1418,0,168,0,0,6.58828769e-10,5.66626301e-10,0,1,0,0,0,1,7864,179.5,3.05034984,4.24409412,4.24344805,2.7157044,-0.000152228934,0.391346677,-0.109707233,0,0,0.000261532721,0,2226,derived,0,0,0,0,0,0,0,0,0,0,0.000625729923,0,815,0,0,0,6.35263569e-05,21980.2641,21980.2641,5.73763259e-11,506506,0.027800958,0.0529976251,0.00170520798,0.25578975,0.0558615,0.000253582955,0.042333709,0.449281375
727,363.5,727,11.1748715,0.0602546903,0.204203259,3.87516123e-06,2,0,9179,44656,7864,1418,0,168,0,0,6.58828991e-10,4.419205e-10,0,1,0,0,0,1,7864,179.5,3.0499296,4.24350943,4.24286344,2.71533027,-0.000152228934,0.391346681,-0.109707231,0,0,0.000261532721,0,2226,derived,0,0,0,0,0,0,0,0,0,0,0.000625729923,0,815,0,0,0,6.35263543e-05,22084.6948,22084.6948,-1.25493427e-09,506371,0.027380917,0.052540916,0.00172987499,0.255966625,0.055647291,0.000260333065,0.0418066661,0.447919334
728,364,728,11.1447808,0.0601082972,0.203707133,3.85688134e-06,2,0,9179,44656,7864,1418,0,168,0,0,6.58828991e-10,7.11820602e-11,0,1,0,0,0,1,7864,179.5,3.04951269,4.24292936,4.24228346,2.7149591,-0.000152228934,0.391346682,-0.10970723,0,0,0.000261532721,0,2226,derived,0,0,0,0,0,0,0,0,0,0,0.000625729923,0,814,0,0,0,6.35263517e-05,22189.3663,22189.3663,-2.28417618e-10,506359,0.027938917,0.052012,0.00183120801,0.254518625,0.055446916,0.000261500012,0.042090959,0.446477375
729,364.5,729,11.1147631,0.0599626349,0.203213483,3.83873173e-06,2,0,9179,44656,7864,1418,0,168,0,0,6.58828769e-10,5.43320944e-10,0,1,0,0,0,1,7864,179.5,3.04909902,4.2423538,4.24170799,2.71459081,-0.000152228934,0.391346681,-0.109707231,0,0,0.000261532721,0,2226,derived,0,0,0,0,0,0,0,0,0,0,0.000625729923,0,814,0,0,0,6.35263491e-05,22294.2781,22294.2781,1.22785448e-09,506372,0.028074916,0.0529688339,0.00192733307,0.253924667,0.0554746671,0.000260709086,0.042388625,0.447505958
730,365,730,11.0848181,0.0598178055,0.202713883,3.82104196e-06,2,0,9179,44656,7864,1418,0,168,0,0,6.58828991e-10,1.74801174e-10,0,1,0,0,0,1,7864,179.5,3.04843555,4.2414307,4.24078503,2.71400014,-0.000152228934,0.391346685,-0.109707229,0,0,0.000261532721,0,2226,derived,0,0,0,0,0,0,0,0,0,0,0.000625729923,0,814,0,0,0,6.35263466e-05,22399.4291,22399.4291,-8.30639668e-10,506436,0.0276211669,0.052637292,0.00193262508,0.255286666,0.055400042,0.000267499941,0.042161959,0.4479645
731,365.5,731,11.0549451,0.0596743779,0.202210611,3.80379547e-06,2,0,9179,44656,7864,1418,0,168,0,0,6.58828769e-10,6.50315357e-10,0,1,0,0,0,1,7864,179.5,3.04758983,4.24025401,4.23960852,2.7132472,-0.000152228934,0.391346685,-0.109707229,0,0,0.000261532721,0,2226,derived,0,0,0,0,0,0,0,0,0,0,0.000625729923,0,814,0,0,0,6.35263441e-05,22504.8199,22504.8199,5.38551426e-11,506383,0.0279182079,0.052210542,0.00174974999,0.255079375,0.0556559999,0.000253040926,0.0417680839,0.447759791
732,366,732,11.0251435,0.0595323287,0.201712138,3.78666774e-06,2,0,9179,44656,7864,1418,0,168,0,0,6.58828991e-10,6.91082969e-10,0,1,0,0,0,1,7864,179.5,3.04681733,4.23917917,4.23853384,2.71255943,-0.000152228934,0.391346679,-0.109707232,0,0,0.000261532721,0,2226,derived,0,0,0,0,0,0,0,0,0,0,0.000625729923,0,814,0,0,0,6.35263415e-05,22610.453,22610.453,1.96822736e-09,506493,0.027501167,0.052759125,0.00193395792,0.255750458,0.055662625,0.000254250015,0.042448875,0.448803958
733,366.5,733,10.9954126,0.0593915889,0.201207067,3.7700803e-06,2,0,9179,44656,7864,1418,0,168,0,0,6.58828991e-10,6.97935265e-10,0,1,0,0,0,1,7864,179.5,3.0457704,4.23772254,4.23707743,2.71162736,-0.000152228934,0.391346679,-0.109707233,0,0,0.000261532721,0,2226,derived,0,0,0,0,0,0,0,0,0,0,0.000625729923,0,814,0,0,0,6.3526339e-05,22716.2973,22716.2973,1.61477942e-10,506531,0.030140625,0.051957167,0.00182266603,0.26187875,0.055924334,0.000253665959,0.04240525,0.456688167
734,367,734,10.9657513,0.0592542101,0.200652762,3.75590685e-06,2,0,9179,44656,7864,1418,0,168,0,0,6.58828769e-10,6.28418872e-10,0,1,0,0,0,1,7864,179.5,3.04313686,4.2340584,4.23341385,2.70928276,-0.000152228934,0.391346688,-0.109707226,0,0,0.000261532721,0,2226,derived,0,0,0,0,0,0,0,0,0,0,0.000625729923,0,814,0,0,0,6.35263366e-05,22822.2097,22822.2097,6.41085185e-10,506395,0.0279026669,0.0525822911,0.00189104106,0.257969708,0.0557591671,0.000544250011,0.04259175,0.451968625
735,367.5,735,10.9361577,0.0591209117,0.200113001,3.74181882e-06,2,0,9179,44656,7864,1418,0,168,0,0,6.58828769e-10,1.21704202e-10,0,1,0,0,0,1,7864,179.5,3.04086656,4.2308996,4.23025554,2.70726151,-0.000152228934,0.391346682,-0.10970723,0,0,0.000261532721,0,2226,derived,0,0,0,0,0,0,0,0,0,0,0.000625729923,0,814,0,0,0,6.35263341e-05,22928.3727,22928.3727,8.7110319e-11,506358,0.028181333,0.053216542,0.00171879202,0.256759041,0.055496208,0.000258916989,0.042832292,0.450791833
736,368,736,10.9066298,0.0589911407,0.199585885,3.72781476e-06,2,0,9179,44656,7864,1418,0,168,0,0,6.58828769e-10,6.36788178e-10,0,1,0,0,0,1,7864,179.5,3.03890508,4.22817052,4.22752687,2.70551523,-0.000152228934,0.391346688,-0.109707226,0,0,0.000261532721,0,2226,derived,0,0,0,0,0,0,0,0,0,0,0.000625729923,0,814,0,0,0,6.35263316e-05,23034.792,23034.792,1.33688571e-09,506267,0.027313667,0.052610083,0.00174924999,0.256748292,0.055647167,0.000253457925,0.042072083,0.448615209
737,368.5,737,10.8771661,0.0588644427,0.199069852,3.71392504e-06,2,0,9179,44656,7864,1418,0,168,0,0,6.58828769e-10,6.66144917e-11,0,1,0,0,0,1,7864,179.5,3.03718197,4.22577305,4.22512977,2.70398115,-0.000152228934,0.391346681,-0.109707231,0,0,0.000261532721,0,2226,derived,0,0,0,0,0,0,0,0,0,0,0.000625729923,0,814,0,0,0,6.35263292e-05,23141.2287,23141.2287,1.47017043e-09,506138,0.0283306249,0.0525524161,0.00189108297,0.2541255,0.0555254159,0.000255665975,0.041987292,0.446868291
738,369,738,10.8477649,0.058740449,0.198563635,3.7001256e-06,2,0,9179,44656,7864,1418,0,168,0,0,6.58828991e-10,2.63366884e-10,0,1,0,0,0,1,7864,179.5,3.0356796,4.22368273,4.22303976,2.70264359,-0.000152228934,0.39134668,-0.109707232,0,0,0.000261532721,0,2226,derived,0,0,0,0,0,0,0,0,0,0,0.000625729923,0,814,0,0,0,6.35263268e-05,23247.8583,23247.8583,1.40617695e-09,506208,0.027697709,0.0522533751,0.00185562496,0.2550335,0.0558496249,0.00026666699,0.042283,0.447678834
739,369.5,739,10.8184252,0.0586188132,0.198066046,3.68640608e-06,2,0,9179,44656,7864,1418,0,168,0,0,6.58828991e-10,3.58135299e-10,0,1,0,0,0,1,7864,179.5,3.03437144,4.22186264,4.22121995,2.70147895,-0.000152228934,0.391346685,-0.109707229,0,0,0.000261532721,0,2226,derived,0,0,0,0,0,0,0,0,0,0,0.000625729923,0,814,0,0,0,6.35263244e-05,23354.7551,23354.7551,-1.78030779e-09,506198,0.027740375,0.051898625,0.00179725001,0.255328916,0.056250375,0.000257582986,0.042575708,0.44821575
740,370,740,10.7891458,0.0584992432,0.197576082,3.67278028e-06,2,0,9179,44656,7864,1418,0,168,0,0,6.58828991e-10,2.22251439e-10,0,1,0,0,0,1,7864,179.5,3.03321657,4.22025582,4.21961337,2.70045079,-0.000152228934,0.391346685,-0.109707228,0,0,0.000261532721,0,2226,derived,0,0,0,0,0,0,0,0,0,0,0.000625729923,0,814,0,0,0,6.3526322e-05,23461.8053,23461.8053,-1.45723889e-09,506081,0.027920458,0.052131083,0.00182708295,0.25372275,0.055611791,0.000254041981,0.042329792,0.446272958
741,370.5,741,10.7599257,0.0583815239,0.197093,3.6592573e-06,2,0,9179,44656,7864,1418,0,168,0,0,6.58828769e-10,1.40306433e-10,0,1,0,0,0,1,7864,179.5,3.03218559,4.21882136,4.21817914,2.69953291,-0.000152228934,0.391346684,-0.109707229,0,0,0.000261532721,0,2226,derived,0,0,0,0,0,0,0,0,0,0,0.000625729923,0,814,0,0,0,6.35263196e-05,23568.9289,23568.9289,8.87703466e-10,506053,0.028963916,0.0518562499,0.00178845797,0.255196959,0.055445458,0.000278457999,0.0420301671,0.448131333
742,371,742,10.730764,0.0582654445,0.196616078,3.64581101e-06,2,0,9179,44656,7864,1418,0,168,0,0,6.58828991e-10,7.2598727e-10,0,1,0,0,0,1,7864,179.5,3.03127858,4.21755938,4.21691735,2.6987254,-0.000152228934,0.391346679,-0.109707232,0,0,0.000261532721,0,2226,derived,0,0,0,0,0,0,0,0,0,0,0.000625729923,0,814,0,0,0,6.35263172e-05,23676.326,23676.326,-1.23412414e-09,506114,0.02729825,0.0522314589,0.00191687502,0.255161667,0.0556775001,0.000253667007,0.042073625,0.447036708
743,371.5,743,10.70166,0.0581508162,0.196144667,3.63244057e-06,2,0,9179,44656,7864,1418,0,168,0,0,6.58828991e-10,4.28530544e-11,0,1,0,0,0,1,7864,179.5,3.03047696,4.21644405,4.21580218,2.69801172,-0.000152228934,0.391346678,-0.109707233,0,0,0.000261532721,0,2226,derived,0,0,0,0,0,0,0,0,0,0,0.000625729923,0,814,0,0,0,6.35263149e-05,23783.9986,23783.9986,-1.6720384e-09,506082,0.028087375,0.052559916,0.00175249996,0.254313667,0.0556014171,0.000264707953,0.042163375,0.447413416
744,372,744,10.672613,0.058037501,0.195678289,3.61918182e-06,2,0,9179,44656,7864,1418,0,168,0,0,6.58828991e-10,5.95277827e-10,0,1,0,0,0,1,7864,179.5,3.02973666,4.21541404,4.21477233,2.69735263,-0.000152228934,0.39134668,-0.109707231,0,0,0.000261532721,0,2226,derived,0,0,0,0,0,0,0,0,0,0,0.000625729923,0,814,0,0,0,6.35263126e-05,23891.6501,23891.6501,-1.67903813e-09,506105,0.027204209,0.05171325,0.00179820799,0.253287667,0.055621542,0.000255292049,0.0425943331,0.444977834
745,372.5,745,10.6436223,0.0579253854,0.195216553,3.60599924e-06,2,0,9179,44656,7864,1418,0,168,0,0,6.58828991e-10,6.40232756e-10,0,1,0,0,0,1,7864,179.5,3.02907554,4.21449422,4.21385265,2.69676406,-0.000152228934,0.391346688,-0.109707227,0,0,0.000261532721,0,2226,derived,0,0,0,0,0,0,0,0,0,0,0.000625729923,0,814,0,0,0,6.35263102e-05,23999.5604,23999.5604,3.36562112e-10,506076,0.0280997499,0.051890292,0.00177104201,0.2548855,0.055619042,0.000255958992,0.042285,0.447621708
746,373,746,10.6146874,0.057814346,0.194759034,3.59288992e-06,2,0,9179,44656,7864,1418,0,168,0,0,6.58828991e-10,5.1256932e-10,0,1,0,0,0,1,7864,179.5,3.02848339,4.21367032,4.21302888,2.69623687,-0.000152228934,0.391346685,-0.109707229,0,0,0.000261532721,0,2226,derived,0,0,0,0,0,0,0,0,0,0,0.000625729923,0,814,0,0,0,6.35263079e-05,24107.7491,24107.7491,5.28199706e-11,505985,0.0275525419,0.0529944999,0.00196604105,0.254606708,0.0553495421,0.000260332949,0.0420297501,0.44715425
747,373.5,747,10.5858078,0.0577042839,0.194305389,3.57987181e-06,2,0,9179,44656,7864,1418,0,168,0,0,6.58828991e-10,5.93239013e-10,0,1,0,0,0,1,7864,179.5,3.02793474,4.21290694,4.21226562,2.6957484,-0.000152228934,0.391346678,-0.109707233,0,0,0.000261532721,0,2226,derived,0,0,0,0,0,0,0,0,0,0,0.000625729923,0,814,0,0,0,6.35263056e-05,24216.0616,24216.0616,-1.14993159e-09,505860,0.027062708,0.052227875,0.00180454098,0.255249834,0.0553912501,0.000266624964,0.0421808329,0.446483
748,374,748,10.556983,0.0575951453,0.193855431,3.56694464e-06,2,0,9179,44656,7864,1418,0,168,0,0,6.58828991e-10,6.94211133e-10,0,1,0,0,0,1,7864,179.5,3.02742407,4.21219645,4.21155523,2.69529377,-0.000152228934,0.391346688,-0.109707227,0,0,0.000261532721,0,2226,derived,0,0,0,0,0,0,0,0,0,0,0.000625729923,0,814,0,0,0,6.35263034e-05,24324.4921,24324.4921,-2.05064044e-09,505923,0.027477875,0.0519784581,0.00195679208,0.255519041,0.05620475,0.000254750019,0.042364625,0.44846175
749,374.5,749,10.5282126,0.0574868533,0.193408893,3.5540884e-06,2,0,9179,44656,7864,1418,0,168,0,0,6.58828769e-10,2.03687178e-10,0,1,0,0,0,1,7864,179.5,3.02696029,4.21155114,4.21091002,2.69488085,-0.000152228934,0.391346677,-0.109707234,0,0,0.000261532721,0,2226,derived,0,0,0,0,0,0,0,0,0,0,0.000625729923,0,814,0,0,0,6.35263011e-05,24433.2022,24433.2022,1.14186438e-11,505987,0.02860675,0.053051,0.00174783298,0.254402709,0.05549575,0.000254792045,0.042466917,0.44835525
750,375,750,10.4994961,0.0573793365,0.192965528,3.54130313e-06,2,0,9179,44656,7864,1418,0,168,0,0,6.58828769e-10,4.88379337e-10,0,1,0,0,0,1,7864,179.5,3.02653579,4.21096054,4.21031951,2.69450294,-0.000152228934,0.391346683,-0.10970723,0,0,0.000261532721,0,2226,derived,0,0,0,0,0,0,0,0,0,0,0.000625729923,0,814,0,0,0,6.35262988e-05,24542.1874,24542.1874,3.45004025e-11,505844,0.025991958,0.05123875,0.00195183407,0.255561,0.05581475,0.000255457941,0.0418619589,0.445313208
751,375.5,751,10.4708331,0.0572725595,0.192525208,3.52862384e-06,2,0,9179,44656,7864,1418,0,168,0,0,6.58828769e-10,1.94324223e-10,0,1,0,0,0,1,7864,179.5,3.02611683,4.21037763,4.20973669,2.69412995,-0.000152228934,0.391346689,-0.109707226,0,0,0.000261532721,0,2226,derived,0,0,0,0,0,0,0,0,0,0,0.000625729923,0,814,0,0,0,6.35262966e-05,24651.1411,24651.1411,-1.40017498e-09,505872,0.028042709,0.051971792,0.00169054093,0.256755792,0.0553254579,0.000264958013,0.04169625,0.448159917
752,376,752,10.4422234,0.0571664888,0.192087818,3.51601337e-06,2,0,9179,44656,7864,1418,0,168,0,0,6.58828769e-10,6.79388101e-10,0,1,0,0,0,1,7864,179.5,3.02573153,4.20984154,4.20920068,2.69378691,-0.000152228934,0.391346687,-0.109707227,0,0,0.000261532721,0,2226,derived,0,0,0,0,0,0,0,0,0,0,0.000625729923,0,814,0,0,0,6.35262944e-05,24760.3748,24760.3748,6.46099396e-10,505709,0.027436333,0.05148225,0.001791958,0.254787959,0.0558045839,0.000311709009,0.042316417,0.446448042
753,376.5,753,10.4136665,0.057061073,0.191653178,3.50347114e-06,2,0,9179,44656,7864,1418,0,168,0,0,6.58828991e-10,6.05292705e-10,0,1,0,0,0,1,7864,179.5,3.02537489,4.20934531,4.20870453,2.69346939,-0.000152228934,0.39134668,-0.109707232,0,0,0.000261532721,0,2226,derived,0,0,0,0,0,0,0,0,0,0,0.000625729923,0,814,0,0,0,6.35262921e-05,24869.8894,24869.8894,-1.1499246e-11,505809,0.0280251671,0.0527982911,0.00173612498,0.254905583,0.055614875,0.000264875009,0.0417362921,0.447750708
754,377,754,10.3851622,0.0569562752,0.191221156,3.49101541e-06,2,0,9179,44656,7864,1418,0,168,0,0,6.58828991e-10,5.09456255e-10,0,1,0,0,0,1,7864,179.5,3.02502709,4.20886139,4.20822068,2.69315974,-0.000152228934,0.391346679,-0.109707232,0,0,0.000261532721,0,2226,derived,0,0,0,0,0,0,0,0,0,0,0.000625729923,0,814,0,0,0,6.35262899e-05,24979.5194,24979.5194,-1.97402039e-09,505869,0.028145542,0.053468084,0.00204799999,0.253547125,0.055404083,0.000253333943,0.0420165421,0.447550875
755,377.5,755,10.3567102,0.0568520925,0.190791739,3.4786439e-06,2,0,9179,44656,7864,1418,0,168,0,0,6.58828769e-10,6.05542949e-10,0,1,0,0,0,1,7864,179.5,3.02468957,4.20839179,4.20775115,2.69285925,-0.000152228934,0.391346679,-0.109707233,0,0,0.000261532721,0,2226,derived,0,0,0,0,0,0,0,0,0,0,0.000625729923,0,814,0,0,0,6.35262877e-05,25089.2769,25089.2769,-5.35734568e-10,505873,0.027525292,0.052422625,0.0018524999,0.253365083,0.05549475,0.000260125031,0.042403625,0.445509959
756,378,756,10.3283101,0.0567484912,0.190364808,3.46633869e-06,2,0,9179,44656,7864,1418,0,168,0,0,6.58828769e-10,6.82305878e-10,0,1,0,0,0,1,7864,179.5,3.02437415,4.20795294,4.20731236,2.69257844,-0.000152228934,0.391346681,-0.109707231,0,0,0.000261532721,0,2226,derived,0,0,0,0,0,0,0,0,0,0,0.000625729923,0,814,0,0,0,6.35262856e-05,25199.315,25199.315,-6.91471991e-10,505748,0.028375083,0.052854208,0.00175762491,0.254265875,0.055483291,0.000268499949,0.0425554171,0.448054041
757,378.5,757,10.2999616,0.0566454377,0.189940245,3.45409933e-06,2,0,9179,44656,7864,1418,0,168,0,0,6.58828991e-10,2.07606043e-10,0,1,0,0,0,1,7864,179.5,3.02407755,4.20754027,4.20689976,2.69231438,-0.000152228934,0.391346682,-0.10970723,0,0,0.000261532721,0,2226,derived,0,0,0,0,0,0,0,0,0,0,0.000625729923,0,814,0,0,0,6.35262834e-05,25309.6338,25309.6338,-1.15096832e-09,505807,0.027880125,0.05228225,0.00171820796,0.25255175,0.055684375,0.000323000015,0.042632667,0.446303625
758,379,758,10.2716645,0.0565429271,0.189518027,3.44196035e-06,2,0,9179,44656,7864,1418,0,168,0,0,6.58828991e-10,4.53730387e-10,0,1,0,0,0,1,7864,179.5,3.02376882,4.20711071,4.20647027,2.69203952,-0.000152228934,0.39134668,-0.109707232,0,0,0.000261532721,0,2226,derived,0,0,0,0,0,0,0,0,0,0,0.000625729923,0,814,0,0,0,6.35262812e-05,25419.9141,25419.9141,-2.56843435e-10,505724,0.0278370831,0.052179666,0.00182062504,0.254600833,0.055866125,0.000262624933,0.042008083,0.446911166
759,379.5,759,10.2434186,0.0564409534,0.189098131,3.42988585e-06,2,0,9179,44656,7864,1418,0,168,0,0,6.58828769e-10,2.73842393e-10,0,1,0,0,0,1,7864,179.5,3.02347853,4.20670682,4.20606644,2.69178108,-0.000152228934,0.391346682,-0.10970723,0,0,0.000261532721,0,2226,derived,0,0,0,0,0,0,0,0,0,0,0.000625729923,0,814,0,0,0,6.35262791e-05,25530.4744,25530.4744,2.45849341e-10,505756,0.027896167,0.052345416,0.00174162502,0.253655916,0.055402834,0.000254124985,0.042502875,0.446550458
760,380,760,10.2152235,0.0563394883,0.188680458,3.41787533e-06,2,0,9179,44656,7864,1418,0,168,0,0,6.58828769e-10,7.56259944e-10,0,1,0,0,0,1,7864,179.5,3.023204,4.20632485,4.20568453,2.69153666,-0.000152228934,0.391346681,-0.109707231,0,0,0.000261532721,0,2226,derived,0,0,0,0,0,0,0,0,0,0,0.000625729923,0,814,0,0,0,6.35262769e-05,25641.3152,25641.3152,6.08000317e-10,505694,0.0282872079,0.052457041,0.00175283302,0.25549625,0.055058917,0.000253416016,0.0422373341,0.448145458
761,380.5,761,10.187079,0.0562385128,0.188264936,3.4059441e-06,2,0,9179,44656,7864,1418,0,168,0,0,6.58828991e-10,3.94065447e-10,0,1,0,0,0,1,7864,179.5,3.02292947,4.20594287,4.2053026,2.69129224,-0.000152228934,0.391346677,-0.109707234,0,0,0.000261532721,0,2226,derived,0,0,0,0,0,0,0,0,0,0,0.000625729923,0,814,0,0,0,6.35262748e-05,25752.2896,25752.2896,-1.44215528e-09,505637,0.0281738749,0.0516190419,0.00182791601,0.254052083,0.055461041,0.000255333027,0.0423692081,0.446266833
762,381,762,10.1589849,0.0561380403,0.187851608,3.39409427e-06,2,0,9179,44656,7864,1418,0,168,0,0,6.58828769e-10,2.12250439e-10,0,1,0,0,0,1,7864,179.5,3.02265422,4.20555992,4.20491972,2.6910472,-0.000152228934,0.391346683,-0.10970723,0,0,0.000261532721,0,2226,derived,0,0,0,0,0,0,0,0,0,0,0.000625729923,0,814,0,0,0,6.35262727e-05,25863.3702,25863.3702,4.09157153e-11,505630,0.027797667,0.05308675,0.00173079199,0.253486291,0.055680084,0.00026170793,0.0419749591,0.446800375
763,381.5,763,10.1309409,0.0560380527,0.187440408,3.38230669e-06,2,0,9179,44656,7864,1418,0,168,0,0,6.58828991e-10,2.09362083e-10,0,1,0,0,0,1,7864,179.5,3.02239316,4.20519671,4.20455656,2.69081479,-0.000152228934,0.391346688,-0.109707226,0,0,0.000261532721,0,2226,derived,0,0,0,0,0,0,0,0,0,0,0.000625729923,0,814,0,0,0,6.35262706e-05,25974.7306,25974.7306,-1.90766603e-09,505589,0.0275584999,0.051890334,0.00199212495,0.253334,0.05540375,0.000255082967,0.0419299999,0.445224583
764,382,764,10.1029468,0.0559385283,0.18703126,3.3705809e-06,2,0,9179,44656,7864,1418,0,168,0,0,6.58828769e-10,3.83802101e-10,0,1,0,0,0,1,7864,179.5,3.02214426,4.20485038,4.20421028,2.69059318,-0.000152228934,0.39134668,-0.109707232,0,0,0.000261532721,0,2226,derived,0,0,0,0,0,0,0,0,0,0,0.000625729923,0,814,0,0,0,6.35262685e-05,26086.371,26086.371,1.85904159e-09,505618,0.027912459,0.05237025,0.00196970894,0.25424475,0.0552285,0.000263875001,0.041635458,0.446548834
765,382.5,765,10.0750023,0.0558394674,0.186624157,3.3589464e-06,2,0,9179,44656,7864,1418,0,168,0,0,6.58828991e-10,7.34013739e-10,0,1,0,0,0,1,7864,179.5,3.02188082,4.20448388,4.20384383,2.69035866,-0.000152228934,0.391346689,-0.109707226,0,0,0.000261532721,0,2226,derived,0,0,0,0,0,0,0,0,0,0,0.000625729923,0,814,0,0,0,6.35262664e-05,26198.0036,26198.0036,1.42602441e-09,505598,0.027917541,0.0524446251,0.00174849993,0.255313417,0.0556772089,0.000273791025,0.042282708,0.448385125
766,383,766,10.0471073,0.0557408772,0.186219123,3.34737604e-06,2,0,9179,44656,7864,1418,0,168,0,0,6.58828991e-10,3.15408477e-10,0,1,0,0,0,1,7864,179.5,3.02162782,4.20413183,4.20349184,2.69013339,-0.000152228934,0.391346679,-0.109707232,0,0,0.000261532721,0,2226,derived,0,0,0,0,0,0,0,0,0,0,0.000625729923,0,814,0,0,0,6.35262644e-05,26309.8812,26309.8812,-3.22148641e-10,505550,0.027603625,0.052715834,0.00192891702,0.25356325,0.055546792,0.000259499997,0.042062,0.446294125
767,383.5,767,10.0192614,0.0556427373,0.185816083,3.33586582e-06,2,0,9179,44656,7864,1418,0,168,0,0,6.58828769e-10,3.82331722e-10,0,1,0,0,0,1,7864,179.5,3.02138641,4.20379596,4.20315602,2.68991848,-0.000152228934,0.391346682,-0.109707231,0,0,0.000261532721,0,2226,derived,0,0,0,0,0,0,0,0,0,0,0.000625729923,0,814,0,0,0,6.35262623e-05,26422.038,26422.038,-2.06962225e-11,505401,0.02774575,0.052346083,0.00172504107,0.254182083,0.055382416,0.000324541004,0.042603,0.447169208
768,384,768,9.99146449,0.0555450319,0.185414981,3.32442539e-06,2,0,9179,44656,7864,1418,0,168,0,0,6.58828991e-10,3.22572968e-10,0,1,0,0,0,1,7864,179.5,3.02114608,4.20346157,4.20282169,2.68970451,-0.000152228934,0.391346682,-0.10970723,0,0,0.000261532721,0,2226,derived,0,0,0,0,0,0,0,0,0,0,0.000625729923,0,814,0,0,0,6.35262603e-05,26534.3753,26534.3753,-1.21651034e-09,505423,0.027887292,0.052753292,0.00188587501,0.25380425,0.055721416,0.000317791011,0.042588375,0.447212417
769,384.5,769,9.96371631,0.0554477779,0.185015868,3.31306673e-06,2,0,9179,44656,7864,1418,0,168,0,0,6.58828991e-10,7.16807502e-10,0,1,0,0,0,1,7864,179.5,3.02089745,4.20311564,4.2024758,2.68948315,-0.000152228934,0.391346682,-0.109707231,0,0,0.000261532721,0,2226,derived,0,0,0,0,0,0,0,0,0,0,0.000625729923,0,814,0,0,0,6.35262582e-05,26646.7675,26646.7675,1.24282051e-09,505445,0.0273610001,0.053080708,0.00200733403,0.254341958,0.055507875,0.000263374997,0.042771041,0.448056167
770,385,770,9.93601665,0.0553509665,0.184618712,3.30176665e-06,2,0,9179,44656,7864,1418,0,168,0,0,6.58828991e-10,3.50907081e-10,0,1,0,0,0,1,7864,179.5,3.02066047,4.20278595,4.20214616,2.68927219,-0.000152228934,0.39134669,-0.109707226,0,0,0.000261532721,0,2226,derived,0,0,0,0,0,0,0,0,0,0,0.000625729923,0,814,0,0,0,6.35262562e-05,26759.4381,26759.4381,1.11760157e-10,505377,0.0285235,0.0520612909,0.00177087495,0.2546925,0.0556901661,0.000275207916,0.042194375,0.4477665
771,385.5,771,9.90836529,0.05525458,0.184223449,3.29052471e-06,2,0,9179,44656,7864,1418,0,168,0,0,6.58828991e-10,1.52420521e-10,0,1,0,0,0,1,7864,179.5,3.02043352,4.20247015,4.20183042,2.68907012,-0.000152228934,0.391346681,-0.109707231,0,0,0.000261532721,0,2226,derived,0,0,0,0,0,0,0,0,0,0,0.000625729923,0,814,0,0,0,6.35262542e-05,26872.3874,26872.3874,-1.02375453e-09,505381,0.028111625,0.051882875,0.00186600001,0.253977583,0.055891417,0.000260625035,0.042349,0.446939208
772,386,772,9.88076201,0.0551586141,0.18383006,3.27936274e-06,2,0,9179,44656,7864,1418,0,168,0,0,6.58828991e-10,1.19924293e-10,0,1,0,0,0,1,7864,179.5,3.02019583,4.20213948,4.20149979,2.68885853,-0.000152228934,0.39134669,-0.109707225,0,0,0.000261532721,0,2226,derived,0,0,0,0,0,0,0,0,0,0,0.000625729923,0,814,0,0,0,6.35262522e-05,26985.3897,26985.3897,-1.45370238e-09,505353,0.028040708,0.05218925,0.00172945799,0.254035625,0.0556896661,0.000272291945,0.042474792,0.447162167
773,386.5,773,9.85320661,0.0550630851,0.183438596,3.26826751e-06,2,0,9179,44656,7864,1418,0,168,0,0,6.58828769e-10,2.52224241e-10,0,1,0,0,0,1,7864,179.5,3.01996115,4.20181293,4.2011733,2.68864958,-0.000152228934,0.391346685,-0.109707229,0,0,0.000261532721,0,2226,derived,0,0,0,0,0,0,0,0,0,0,0.000625729923,0,814,0,0,0,6.35262502e-05,27098.5714,27098.5714,-6.11669382e-10,505404,0.0277768751,0.0519023751,0.001871416,0.2542975,0.055450708,0.00031033298,0.041765,0.446041791
774,387,774,9.82569887,0.0549679766,0.183048999,3.25722892e-06,2,0,9179,44656,7864,1418,0,168,0,0,6.58828991e-10,5.47998091e-10,0,1,0,0,0,1,7864,179.5,3.01973681,4.20150078,4.20086119,2.68844984,-0.000152228934,0.391346678,-0.109707233,0,0,0.000261532721,0,2226,derived,0,0,0,0,0,0,0,0,0,0,0.000625729923,0,814,0,0,0,6.35262482e-05,27212.0308,27212.0308,9.20497012e-10,505406,0.027673625,0.052443375,0.00201400009,0.255174708,0.0552761659,0.000268957927,0.0423420001,0.447768417
775,387.5,775,9.79823858,0.0548732729,0.182661213,3.24624856e-06,2,0,9179,44656,7864,1418,0,168,0,0,6.58828991e-10,5.68290637e-10,0,1,0,0,0,1,7864,179.5,3.01951944,4.20119837,4.20055883,2.68825633,-0.000152228934,0.391346689,-0.109707226,0,0,0.000261532721,0,2226,derived,0,0,0,0,0,0,0,0,0,0,0.000625729923,0,814,0,0,0,6.35262463e-05,27325.7475,27325.7475,7.30141503e-10,505402,0.0271964589,0.051662208,0.00188158301,0.254501833,0.055921542,0.000268333009,0.041879084,0.446022542
776,388,776,9.77082554,0.0547789855,0.18227527,3.23535312e-06,2,0,9179,44656,7864,1418,0,168,0,0,6.58828769e-10,5.0327742e-11,0,1,0,0,0,1,7864,179.5,3.01928532,4.20087261,4.20023312,2.68804789,-0.000152228934,0.391346684,-0.109707229,0,0,0.000261532721,0,2226,derived,0,0,0,0,0,0,0,0,0,0,0.000625729923,0,814,0,0,0,6.35262443e-05,27439.4378,27439.4378,-1.17009691e-09,505348,0.027493375,0.052433166,0.00174170802,0.2541145,0.055822833,0.000254167011,0.0417541249,0.446239875
777,388.5,777,9.74345954,0.054685117,0.181891177,3.22451284e-06,2,0,9179,44656,7864,1418,0,168,0,0,6.58828991e-10,7.45530526e-10,0,1,0,0,0,1,7864,179.5,3.01906214,4.20056211,4.19992266,2.6878492,-0.000152228934,0.391346687,-0.109707227,0,0,0.000261532721,0,2226,derived,0,0,0,0,0,0,0,0,0,0,0.000625729923,0,814,0,0,0,6.35262424e-05,27553.4047,27553.4047,1.11096488e-09,505360,0.027380667,0.052548166,0.00192924996,0.254329792,0.0557793339,0.000265790964,0.0427055421,0.447454834
778,389,778,9.71614037,0.0545916505,0.181508874,3.21372734e-06,2,0,9179,44656,7864,1418,0,168,0,0,6.58828991e-10,1.91089811e-10,0,1,0,0,0,1,7864,179.5,3.01884833,4.20026462,4.19962522,2.68765885,-0.000152228934,0.391346685,-0.109707228,0,0,0.000261532721,0,2226,derived,0,0,0,0,0,0,0,0,0,0,0.000625729923,0,814,0,0,0,6.35262404e-05,27667.6488,27667.6488,-3.71458864e-10,505289,0.027659,0.0524025001,0.00183258299,0.256914208,0.0551742919,0.000254375045,0.042798041,0.449456834
779,389.5,779,9.68886783,0.0544985757,0.181128321,3.20300867e-06,2,0,9179,44656,7864,1418,0,168,0,0,6.58828991e-10,2.89433699e-10,0,1,0,0,0,1,7864,179.5,3.01863125,4.19996257,4.19932321,2.68746557,-0.000152228934,0.39134668,-0.109707232,0,0,0.000261532721,0,2226,derived,0,0,0,0,0,0,0,0,0,0,0.000625729923,0,814,0,0,0,6.35262385e-05,27782.0372,27782.0372,-1.07561959e-09,505323,0.028964042,0.052785875,0.00175425003,0.25504675,0.055732334,0.000253709033,0.0427042081,0.44963625
780,390,780,9.66164173,0.0544059116,0.180749579,3.19236183e-06,2,0,9179,44656,7864,1418,0,168,0,0,6.58828991e-10,6.14126971e-10,0,1,0,0,0,1,7864,179.5,3.01840801,4.19965198,4.19901267,2.68726684,-0.000152228934,0.391346684,-0.109707229,0,0,0.000261532721,0,2226,derived,0,0,0,0,0,0,0,0,0,0,0.000625729923,0,814,0,0,0,6.35262366e-05,27896.509,27896.509,4.95519847e-10,505241,0.027803959,0.051656833,0.00183254189,0.255164625,0.055242333,0.000257125008,0.041565417,0.446443084
781,390.5,781,9.63446187,0.0543136488,0.180372614,3.18176838e-06,2,0,9179,44656,7864,1418,0,168,0,0,6.58828991e-10,7.84126652e-10,0,1,0,0,0,1,7864,179.5,3.01819483,4.19935538,4.19871612,2.68707705,-0.000152228934,0.391346688,-0.109707227,0,0,0.000261532721,0,2226,derived,0,0,0,0,0,0,0,0,0,0,0.000625729923,0,814,0,0,0,6.35262347e-05,28011.2569,28011.2569,1.52399404e-09,505150,0.02723425,0.0527526659,0.001754125,0.253225042,0.055792791,0.000285791,0.042635333,0.446376417
782,391,782,9.60732803,0.0542217721,0.17999737,3.17122792e-06,2,0,9179,44656,7864,1418,0,168,0,0,6.58828991e-10,7.73432873e-10,0,1,0,0,0,1,7864,179.5,3.01799024,4.19907071,4.19843149,2.68689489,-0.000152228934,0.391346682,-0.10970723,0,0,0.000261532721,0,2226,derived,0,0,0,0,0,0,0,0,0,0,0.000625729923,0,814,0,0,0,6.35262327e-05,28126.2813,28126.2813,7.95141064e-10,505161,0.028074083,0.051972708,0.00179429201,0.254956584,0.055350709,0.000331167015,0.042847333,0.447630875
783,391.5,783,9.58024004,0.05413028,0.179623839,3.16076176e-06,2,0,9179,44656,7864,1418,0,168,0,0,6.58828769e-10,6.65163036e-10,0,1,0,0,0,1,7864,179.5,3.01777363,4.19876933,4.19813015,2.68670204,-0.000152228934,0.391346679,-0.109707232,0,0,0.000261532721,0,2226,derived,0,0,0,0,0,0,0,0,0,0,0.000625729923,0,814,0,0,0,6.35262309e-05,28241.3436,28241.3436,1.75191794e-09,505137,0.0276926251,0.0521927919,0.00172954204,0.253987417,0.05552325,0.000290708966,0.042815958,0.446751041
784,392,784,9.5531977,0.0540391887,0.179252071,3.15035567e-06,2,0,9179,44656,7864,1418,0,168,0,0,6.58828991e-10,3.78499787e-10,0,1,0,0,0,1,7864,179.5,3.01756009,4.19847222,4.19783309,2.68651193,-0.000152228934,0.391346679,-0.109707232,0,0,0.000261532721,0,2226,derived,0,0,0,0,0,0,0,0,0,0,0.000625729923,0,814,0,0,0,6.3526229e-05,28356.5928,28356.5928,6.34768904e-10,505109,0.027576916,0.052587917,0.00175762491,0.254301,0.055267959,0.00026262505,0.042322667,0.446978666
785,392.5,785,9.5262008,0.0539484832,0.178882013,3.14000124e-06,2,0,9179,44656,7864,1418,0,168,0,0,6.58828769e-10,5.80904214e-11,0,1,0,0,0,1,7864,179.5,3.01735583,4.19818804,4.19754895,2.68633009,-0.000152228934,0.391346688,-0.109707227,0,0,0.000261532721,0,2226,derived,0,0,0,0,0,0,0,0,0,0,0.000625729923,0,814,0,0,0,6.35262271e-05,28472.1174,28472.1174,8.50024051e-10,505158,0.030135542,0.052229375,0.00190416607,0.254634958,0.055641541,0.000263541006,0.0424333339,0.449537625
786,393,786,9.49924917,0.0538581492,0.178513615,3.12969893e-06,2,0,9179,44656,7864,1418,0,168,0,0,6.58828991e-10,6.43379128e-10,0,1,0,0,0,1,7864,179.5,3.01715873,4.19791381,4.19727477,2.68615462,-0.000152228934,0.391346689,-0.109707226,0,0,0.000261532721,0,2226,derived,0,0,0,0,0,0,0,0,0,0,0.000625729923,0,814,0,0,0,6.35262252e-05,28587.9087,28587.9087,-5.1379867e-10,505200,0.027895542,0.051076708,0.00179424998,0.253611708,0.05513225,0.000266332994,0.0435049171,0.446043334
787,393.5,787,9.4723426,0.0537681973,0.178146906,3.11947568e-06,2,0,9179,44656,7864,1418,0,168,0,0,6.58828991e-10,1.97979744e-10,0,1,0,0,0,1,7864,179.5,3.01694379,4.19761476,4.19697576,2.68596326,-0.000152228934,0.391346688,-0.109707227,0,0,0.000261532721,0,2226,derived,0,0,0,0,0,0,0,0,0,0,0.000625729923,0,814,0,0,0,6.35262234e-05,28703.6565,28703.6565,-5.39516209e-11,505130,0.0282385841,0.0531169591,0.00200316694,0.253755667,0.055832541,0.000262415968,0.042803916,0.448740834
788,394,788,9.44548091,0.0536786326,0.177781902,3.1093028e-06,2,0,9179,44656,7864,1418,0,168,0,0,6.58828991e-10,6.81377399e-10,0,1,0,0,0,1,7864,179.5,3.01673902,4.19732986,4.1966909,2.68578096,-0.000152228934,0.39134669,-0.109707226,0,0,0.000261532721,0,2226,derived,0,0,0,0,0,0,0,0,0,0,0.000625729923,0,814,0,0,0,6.35262215e-05,28819.6787,28819.6787,7.97641952e-10,505119,0.0276103751,0.052328,0.00177366694,0.253022666,0.055423542,0.000320709078,0.0428257501,0.445921167
789,394.5,789,9.41866392,0.0535894394,0.177418547,3.09917993e-06,2,0,9179,44656,7864,1418,0,168,0,0,6.58828769e-10,1.31943567e-10,0,1,0,0,0,1,7864,179.5,3.01654294,4.197057,4.19641808,2.68560636,-0.000152228934,0.391346678,-0.109707233,0,0,0.000261532721,0,2226,derived,0,0,0,0,0,0,0,0,0,0,0.000625729923,0,814,0,0,0,6.35262197e-05,28935.9757,28935.9757,8.57150573e-10,505148,0.0278639169,0.051801583,0.00182195799,0.254392208,0.055546458,0.000259457971,0.041853792,0.44586975
790,395,790,9.39189143,0.0535006066,0.177056801,3.08911532e-06,2,0,9179,44656,7864,1418,0,168,0,0,6.58828991e-10,2.73302048e-10,0,1,0,0,0,1,7864,179.5,3.01634605,4.19678307,4.1961442,2.68543108,-0.000152228934,0.391346681,-0.109707231,0,0,0.000261532721,0,2226,derived,0,0,0,0,0,0,0,0,0,0,0.000625729923,0,814,0,0,0,6.35262179e-05,29052.4482,29052.4482,-1.45059786e-09,505148,0.028597125,0.0526252909,0.00175683293,0.25371725,0.055225875,0.000253332895,0.041830292,0.44652225
791,395.5,791,9.36516326,0.0534121524,0.176696719,3.07911964e-06,2,0,9179,44656,7864,1418,0,168,0,0,6.58828991e-10,5.35431144e-10,0,1,0,0,0,1,7864,179.5,3.01613979,4.19649611,4.19585729,2.68524746,-0.000152228934,0.391346688,-0.109707226,0,0,0.000261532721,0,2226,derived,0,0,0,0,0,0,0,0,0,0,0.000625729923,0,814,0,0,0,6.35262161e-05,29168.9654,29168.9654,1.08717968e-09,505061,0.0276944169,0.052562291,0.00183025002,0.253371792,0.055829208,0.000254250015,0.0419811669,0.446131958
792,396,792,9.33847922,0.0533240712,0.176338281,3.06917272e-06,2,0,9179,44656,7864,1418,0,168,0,0,6.58828991e-10,6.55424826e-10,0,1,0,0,0,1,7864,179.5,3.01594308,4.19622242,4.19558363,2.68507233,-0.000152228934,0.391346687,-0.109707227,0,0,0.000261532721,0,2226,derived,0,0,0,0,0,0,0,0,0,0,0.000625729923,0,814,0,0,0,6.35262143e-05,29285.7565,29285.7565,-1.42046619e-09,505080,0.027947916,0.052053292,0.00191195891,0.254305,0.055672375,0.000264666975,0.041974375,0.447219916
793,396.5,793,9.31183914,0.0532363485,0.175981436,3.05927424e-06,2,0,9179,44656,7864,1418,0,168,0,0,6.58828991e-10,6.34431951e-10,0,1,0,0,0,1,7864,179.5,3.01575446,4.19595999,4.19532124,2.68490441,-0.000152228934,0.39134669,-0.109707225,0,0,0.000261532721,0,2226,derived,0,0,0,0,0,0,0,0,0,0,0.000625729923,0,814,0,0,0,6.35262125e-05,29402.8216,29402.8216,-2.72946221e-10,505027,0.030036584,0.0521155,0.00200312503,0.253383083,0.055398667,0.000251541962,0.0421477089,0.448241042
794,397,794,9.28524283,0.0531489791,0.175626163,3.04943921e-06,2,0,9179,44656,7864,1418,0,168,0,0,6.58828991e-10,4.73574624e-10,0,1,0,0,0,1,7864,179.5,3.01555844,4.19568721,4.1950485,2.68472986,-0.000152228934,0.391346677,-0.109707234,0,0,0.000261532721,0,2226,derived,0,0,0,0,0,0,0,0,0,0,0.000625729923,0,814,0,0,0,6.35262107e-05,29519.9779,29519.9779,-1.25137289e-09,504988,0.027307541,0.052588416,0.00175295805,0.254109042,0.055817667,0.000270624994,0.042529417,0.446915583
795,397.5,795,9.25869011,0.0530619806,0.175272516,3.03966407e-06,2,0,9179,44656,7864,1418,0,168,0,0,6.58828991e-10,1.73820847e-10,0,1,0,0,0,1,7864,179.5,3.01536018,4.19541139,4.19477273,2.68455337,-0.000152228934,0.391346686,-0.109707228,0,0,0.000261532721,0,2226,derived,0,0,0,0,0,0,0,0,0,0,0.000625729923,0,814,0,0,0,6.35262089e-05,29637.2604,29637.2604,-7.95765454e-10,504880,0.0277165,0.0521288749,0.00185987505,0.253651333,0.055663084,0.000253958046,0.042799209,0.446362542
796,398,796,9.2321808,0.0529753422,0.174920458,3.02993618e-06,2,0,9179,44656,7864,1418,0,168,0,0,6.58828991e-10,2.63822963e-10,0,1,0,0,0,1,7864,179.5,3.0151709,4.19514804,4.19450942,2.68438486,-0.000152228934,0.391346686,-0.109707228,0,0,0.000261532721,0,2226,derived,0,0,0,0,0,0,0,0,0,0,0.000625729923,0,814,0,0,0,6.35262071e-05,29754.816,29754.816,-8.57963478e-10,504814,0.028014291,0.052147542,0.001738708,0.254474916,0.054970042,0.000251332996,0.0425315,0.447028916
797,398.5,797,9.20571472,0.0528890501,0.174569939,3.0202552e-06,2,0,9179,44656,7864,1418,0,168,0,0,6.58828769e-10,7.35895234e-10,0,1,0,0,0,1,7864,179.5,3.01498924,4.19489528,4.1942567,2.68422313,-0.000152228934,0.391346685,-0.109707228,0,0,0.000261532721,0,2226,derived,0,0,0,0,0,0,0,0,0,0,0.000625729923,0,814,0,0,0,6.35262054e-05,29872.645,29872.645,2.45401477e-11,504704,0.027741542,0.0524478341,0.00168020802,0.254024542,0.0555887499,0.000260834,0.04528675,0.450366667
798,399,798,9.1792917,0.0528031058,0.174220961,3.01064195e-06,2,0,9179,44656,7864,1418,0,168,0,0,6.58828991e-10,2.57449617e-11,0,1,0,0,0,1,7864,179.5,3.0147944,4.19462419,4.19398565,2.68404966,-0.000152228934,0.391346682,-0.10970723,0,0,0.000261532721,0,2226,derived,0,0,0,0,0,0,0,0,0,0,0.000625729923,0,814,0,0,0,6.35262036e-05,29990.4879,29990.4879,1.08397313e-09,504724,0.027408583,0.0516146669,0.00184533303,0.256015458,0.055473458,0.000264375005,0.042173375,0.44739525
799,399.5,799,9.15291156,0.0527175236,0.173873568,3.00108063e-06,2,0,9179,44656,7864,1418,0,168,0,0,6.58828769e-10,7.54907914e-10,0,1,0,0,0,1,7864,179.5,3.01460358,4.1943587,4.1937202,2.68387978,-0.000152228934,0.391346687,-0.109707227,0,0,0.000261532721,0,2226,derived,0,0,0,0,0,0,0,0,0,0,0.000625729923,0,814,0,0,0,6.35262019e-05,30108.5315,30108.5315,-4.64200456e-10,504803,0.0295339581,0.052333125,0.00174579106,0.255764666,0.0553504591,0.000253834063,0.043185583,0.450888375
800,400,800,9.12657413,0.0526322894,0.17352771,2.99156508e-06,2,0,9179,44656,7864,1418,0,168,0,0,6.58828769e-10,2.23899121e-10,0,1,0,0,0,1,7864,179.5,3.01442123,4.19410499,4.19346652,2.68371743,-0.000152228934,0.391346684,-0.109707229,0,0,0.000261532721,0,2226,derived,0,0,0,0,0,0,0,0,0,0,0.000625729923,0,814,0,0,0,6.35262001e-05,30226.8474,30226.8474,1.60170588e-09,504811,0.026478084,0.05235825,0.00182195799,0.254292542,0.055531917,0.000258291024,0.043609167,0.44662525
801,400.5,801,9.10027923,0.0525473902,0.173183344,2.982095e-06,2,0,9179,44656,7864,1418,0,168,0,0,6.58828991e-10,2.38683406e-10,0,1,0,0,0,1,7864,179.5,3.01424605,4.19386126,4.19322283,2.68356148,-0.000152228934,0.391346688,-0.109707227,0,0,0.000261532721,0,2226,derived,0,0,0,0,0,0,0,0,0,0,0.000625729923,0,814,0,0,0,6.35261984e-05,30345.4362,30345.4362,-1.52780921e-09,504822,0.0274649999,0.0521463749,0.00175258296,0.25414775,0.055966167,0.000259583001,0.041941458,0.446357958
802,401,802,9.07402669,0.0524628353,0.172840493,2.97269608e-06,2,0,9179,44656,7864,1418,0,168,0,0,6.58828769e-10,5.69532532e-10,0,1,0,0,0,1,7864,179.5,3.01405294,4.19359258,4.19295419,2.68338955,-0.000152228934,0.391346689,-0.109707226,0,0,0.000261532721,0,2226,derived,0,0,0,0,0,0,0,0,0,0,0.000625729923,0,814,0,0,0,6.35261967e-05,30463.9687,30463.9687,8.69448291e-10,504917,0.0271003341,0.0530035419,0.00177954102,0.254537833,0.055644625,0.000265166978,0.0429200419,0.447691625
803,401.5,803,9.04781635,0.0523786316,0.172499179,2.96334211e-06,2,0,9179,44656,7864,1418,0,168,0,0,6.58828769e-10,7.69444175e-10,0,1,0,0,0,1,7864,179.5,3.01386905,4.19333669,4.19269834,2.68322581,-0.000152228934,0.391346678,-0.109707233,0,0,0.000261532721,0,2226,derived,0,0,0,0,0,0,0,0,0,0,0.000625729923,0,814,0,0,0,6.3526195e-05,30582.7691,30582.7691,1.62463865e-09,504944,0.0281007501,0.0523486249,0.00174624997,0.252584834,0.0557885841,0.00025404105,0.042736041,0.4461775
804,402,804,9.02164802,0.0522947645,0.172159352,2.95403249e-06,2,0,9179,44656,7864,1418,0,168,0,0,6.58828991e-10,7.34704075e-10,0,1,0,0,0,1,7864,179.5,3.01369312,4.19309195,4.19245364,2.68306921,-0.000152228934,0.39134669,-0.109707226,0,0,0.000261532721,0,2226,derived,0,0,0,0,0,0,0,0,0,0,0.000625729923,0,814,0,0,0,6.35261932e-05,30701.8413,30701.8413,-3.21491722e-11,504841,0.028027834,0.052711625,0.00179487502,0.253166084,0.055744958,0.000255124993,0.042006625,0.446223792
805,402.5,805,8.99552154,0.0522112226,0.171820971,2.94477136e-06,2,0,9179,44656,7864,1418,0,168,0,0,6.58828991e-10,7.80557841e-10,0,1,0,0,0,1,7864,179.5,3.01351958,4.19285049,4.19221221,2.6829147,-0.000152228934,0.391346689,-0.109707226,0,0,0.000261532721,0,2226,derived,0,0,0,0,0,0,0,0,0,0,0.000625729923,0,814,0,0,0,6.35261916e-05,30821.1284,30821.1284,-2.09939843e-10,504843,0.0288347921,0.052783916,0.00170237501,0.253868125,0.055546,0.000269207987,0.0419358341,0.447645042
806,403,806,8.96943675,0.0521280212,0.171484081,2.93557522e-06,2,0,9179,44656,7864,1418,0,168,0,0,6.58828991e-10,5.93717742e-10,0,1,0,0,0,1,7864,179.5,3.01333307,4.19259097,4.19195274,2.68274865,-0.000152228934,0.391346685,-0.109707228,0,0,0.000261532721,0,2226,derived,0,0,0,0,0,0,0,0,0,0,0.000625729923,0,814,0,0,0,6.35261899e-05,30940.4108,30940.4108,1.5841648e-09,504773,0.0276925,0.052670709,0.00175579207,0.254137583,0.0555724161,0.000264041009,0.0421706671,0.446962375
807,403.5,807,8.94339347,0.0520451597,0.171148681,2.92642237e-06,2,0,9179,44656,7864,1418,0,168,0,0,6.58828991e-10,2.7973579e-10,0,1,0,0,0,1,7864,179.5,3.01315557,4.19234402,4.19170582,2.68259063,-0.000152228934,0.391346688,-0.109707227,0,0,0.000261532721,0,2226,derived,0,0,0,0,0,0,0,0,0,0,0.000625729923,0,814,0,0,0,6.35261882e-05,31059.964,31059.964,1.96664907e-12,504825,0.0274301249,0.052285708,0.00174366601,0.255047209,0.055852333,0.000264500035,0.0418605841,0.447148833
808,404,808,8.91739154,0.0519626244,0.170814721,2.91731252e-06,2,0,9179,44656,7864,1418,0,168,0,0,6.58828991e-10,1.60397695e-10,0,1,0,0,0,1,7864,179.5,3.01298571,4.19210767,4.19146951,2.68243939,-0.000152228934,0.391346682,-0.10970723,0,0,0.000261532721,0,2226,derived,0,0,0,0,0,0,0,0,0,0,0.000625729923,0,814,0,0,0,6.35261865e-05,31179.7882,31179.7882,-3.73801323e-10,504773,0.028062125,0.0523530829,0.00193316594,0.253714834,0.055651292,0.000315916026,0.042326125,0.446899667
809,404.5,809,8.89143081,0.051880406,0.170482167,2.90825369e-06,2,0,9179,44656,7864,1418,0,168,0,0,6.58828769e-10,7.25713933e-10,0,1,0,0,0,1,7864,179.5,3.01281398,4.19186872,4.1912306,2.68228649,-0.000152228934,0.391346679,-0.109707233,0,0,0.000261532721,0,2226,derived,0,0,0,0,0,0,0,0,0,0,0.000625729923,0,814,0,0,0,6.35261848e-05,31299.7734,31299.7734,-4.35451342e-10,504772,0.0278060411,0.0529447921,0.00175416691,0.254227,0.055632542,0.000262207934,0.042216,0.447454791
810,405,810,8.86551109,0.0517985225,0.170151076,2.89925402e-06,2,0,9179,44656,7864,1418,0,168,0,0,6.58828991e-10,1.58817737e-10,0,1,0,0,0,1,7864,179.5,3.01263383,4.1916181,4.19098001,2.68212613,-0.000152228934,0.391346687,-0.109707227,0,0,0.000261532721,0,2226,derived,0,0,0,0,0,0,0,0,0,0,0.000625729923,0,814,0,0,0,6.35261832e-05,31419.8051,31419.8051,1.39411482e-09,504656,0.027744625,0.052755834,0.001777875,0.253574917,0.055687334,0.000328999944,0.042568541,0.446784542
811,405.5,811,8.83963224,0.0517169686,0.169821429,2.89029631e-06,2,0,9179,44656,7864,1418,0,168,0,0,6.58828991e-10,6.54298393e-10,0,1,0,0,0,1,7864,179.5,3.01246234,4.19137948,4.19074143,2.68197344,-0.000152228934,0.391346682,-0.109707231,0,0,0.000261532721,0,2226,derived,0,0,0,0,0,0,0,0,0,0,0.000625729923,0,814,0,0,0,6.35261815e-05,31540.1069,31540.1069,3.27195382e-10,504518,0.027677875,0.051433875,0.00179241598,0.254206,0.055783125,0.000258708955,0.043126125,0.446751458
812,406,812,8.81379408,0.051635731,0.169493178,2.88138031e-06,2,0,9179,44656,7864,1418,0,168,0,0,6.58828769e-10,1.58026925e-11,0,1,0,0,0,1,7864,179.5,3.0122981,4.19115098,4.19051297,2.68182723,-0.000152228934,0.391346688,-0.109707227,0,0,0.000261532721,0,2226,derived,0,0,0,0,0,0,0,0,0,0,0.000625729923,0,814,0,0,0,6.35261799e-05,31660.679,31660.679,6.23736396e-10,504478,0.027853,0.052280625,0.00184454198,0.261213708,0.056105166,0.000260375091,0.043162917,0.455220208
813,406.5,813,8.78799647,0.051554803,0.169166299,2.87251715e-06,2,0,9179,44656,7864,1418,0,168,0,0,6.58828991e-10,5.01079844e-10,0,1,0,0,0,1,7864,179.5,3.01212857,4.1909151,4.19027712,2.68167629,-0.000152228934,0.391346684,-0.109707229,0,0,0.000261532721,0,2226,derived,0,0,0,0,0,0,0,0,0,0,0.000625729923,0,814,0,0,0,6.35261783e-05,31781.3657,31781.3657,3.30049765e-10,504478,0.029862334,0.05284325,0.001738625,0.255631542,0.0555896671,0.00025291706,0.042751458,0.451301125
814,407,814,8.76223923,0.0514742036,0.168840851,2.86370813e-06,2,0,9179,44656,7864,1418,0,168,0,0,6.58828991e-10,6.76990686e-10,0,1,0,0,0,1,7864,179.5,3.0119544,4.19067275,4.19003481,2.68152122,-0.000152228934,0.391346679,-0.109707232,0,0,0.000261532721,0,2226,derived,0,0,0,0,0,0,0,0,0,0,0.000625729923,0,814,0,0,0,6.35261766e-05,31902.1427,31902.1427,-2.21603735e-10,504499,0.028378917,0.0533433751,0.00180375006,0.254941416,0.055309042,0.000255666091,0.0426245839,0.448900125
815,407.5,815,8.73652222,0.0513939239,0.168516803,2.85493982e-06,2,0,9179,44656,7864,1418,0,168,0,0,6.58828991e-10,4.00894429e-10,0,1,0,0,0,1,7864,179.5,3.0117885,4.19044192,4.18980401,2.68137351,-0.000152228934,0.391346678,-0.109707233,0,0,0.000261532721,0,2226,derived,0,0,0,0,0,0,0,0,0,0,0.000625729923,0,814,0,0,0,6.3526175e-05,32023.189,32023.189,-2.37808773e-10,504549,0.0282499581,0.05213175,0.00179216696,0.255122041,0.055501417,0.000261250068,0.042145833,0.44792925
816,408,816,8.71084527,0.0513139514,0.168194111,2.84621196e-06,2,0,9179,44656,7864,1418,0,168,0,0,6.58828991e-10,2.43872034e-10,0,1,0,0,0,1,7864,179.5,3.01162955,4.1902208,4.18958292,2.68123202,-0.000152228934,0.391346686,-0.109707228,0,0,0.000261532721,0,2226,derived,0,0,0,0,0,0,0,0,0,0,0.000625729923,0,814,0,0,0,6.35261734e-05,32144.5049,32144.5049,1.10749898e-09,504602,0.0280102501,0.052353458,0.00201508298,0.255195167,0.055417,0.000258250046,0.0426557499,0.448561333
817,408.5,817,8.68520823,0.051234282,0.167872758,2.8375381e-06,2,0,9179,44656,7864,1418,0,168,0,0,6.58828769e-10,2.05029771e-10,0,1,0,0,0,1,7864,179.5,3.01146264,4.18998855,4.18935071,2.68108341,-0.000152228934,0.391346681,-0.109707231,0,0,0.000261532721,0,2226,derived,0,0,0,0,0,0,0,0,0,0,0.000625729923,0,814,0,0,0,6.35261718e-05,32265.8967,32265.8967,-1.38214162e-09,504574,0.0280591251,0.0525977911,0.00186787499,0.253542875,0.055329625,0.000251833,0.042464875,0.446793792
818,409,818,8.65961094,0.0511549339,0.167552802,2.82891416e-06,2,0,9179,44656,7864,1418,0,168,0,0,6.58828769e-10,2.83608026e-10,0,1,0,0,0,1,7864,179.5,3.011294,4.18975391,4.18911611,2.68093327,-0.000152228934,0.391346679,-0.109707232,0,0,0.000261532721,0,2226,derived,0,0,0,0,0,0,0,0,0,0,0.000625729923,0,814,0,0,0,6.35261702e-05,32387.4148,32387.4148,5.27037081e-10,504591,0.0283811659,0.0527525829,0.00173316698,0.254387209,0.0555471251,0.000263958005,0.04241325,0.44835
819,409.5,819,8.63405325,0.0510758964,0.167234206,2.82032972e-06,2,0,9179,44656,7864,1418,0,168,0,0,6.58828991e-10,4.78801221e-10,0,1,0,0,0,1,7864,179.5,3.01113333,4.18953035,4.18889259,2.68079022,-0.000152228934,0.391346677,-0.109707234,0,0,0.000261532721,0,2226,derived,0,0,0,0,0,0,0,0,0,0,0.000625729923,0,814,0,0,0,6.35261686e-05,32509.2016,32509.2016,-4.74602579e-11,504641,0.0276926249,0.0523672501,0.00203120802,0.255493042,0.0559441251,0.000253083999,0.042688541,0.449065167
820,410,820,8.60853501,0.0509971574,0.166916928,2.8117845e-06,2,0,9179,44656,7864,1418,0,168,0,0,6.58828769e-10,7.84422749e-10,0,1,0,0,0,1,7864,179.5,3.01097935,4.18931614,4.18867841,2.68065315,-0.000152228934,0.391346685,-0.109707228,0,0,0.000261532721,0,2226,derived,0,0,0,0,0,0,0,0,0,0,0.000625729923,0,814,0,0,0,6.35261671e-05,32631.2573,32631.2573,6.13158857e-10,504630,0.028047041,0.0519446251,0.00179462496,0.256415916,0.055522416,0.000254750019,0.041738959,0.448029208
821,410.5,821,8.58305606,0.0509187153,0.166600957,2.80329384e-06,2,0,9179,44656,7864,1418,0,168,0,0,6.58828991e-10,3.58613916e-10,0,1,0,0,0,1,7864,179.5,3.01081538,4.18908799,4.18845028,2.68050716,-0.000152228934,0.391346679,-0.109707232,0,0,0.000261532721,0,2226,derived,0,0,0,0,0,0,0,0,0,0,0.000625729923,0,814,0,0,0,6.35261655e-05,32753.3577,32753.3577,1.49864454e-09,504556,0.027661209,0.051795042,0.00202516699,0.254250083,0.055316083,0.000255791005,0.041911,0.445570709
822,411,822,8.55761625,0.0508405871,0.166286349,2.79484961e-06,2,0,9179,44656,7864,1418,0,168,0,0,6.58828991e-10,1.81359816e-10,0,1,0,0,0,1,7864,179.5,3.01065189,4.18886052,4.18822286,2.68036161,-0.000152228934,0.391346685,-0.109707229,0,0,0.000261532721,0,2226,derived,0,0,0,0,0,0,0,0,0,0,0.000625729923,0,814,0,0,0,6.35261639e-05,32875.6131,32875.6131,-7.78237585e-10,504634,0.027021041,0.051550166,0.00180195807,0.253926166,0.055092042,0.000254458049,0.0429897089,0.445116833
823,411.5,823,8.53221543,0.0507627609,0.165973063,2.78644369e-06,2,0,9179,44656,7864,1418,0,168,0,0,6.58828991e-10,7.39449058e-10,0,1,0,0,0,1,7864,179.5,3.01049613,4.18864378,4.18800615,2.68022292,-0.000152228934,0.391346677,-0.109707234,0,0,0.000261532721,0,2226,derived,0,0,0,0,0,0,0,0,0,0,0.000625729923,0,814,0,0,0,6.35261624e-05,32998.1363,32998.1363,5.30135491e-10,504587,0.0281546251,0.053057334,0.00172287493,0.254719625,0.0553074169,0.000256458065,0.0421862501,0.4478965
824,412,824,8.50685345,0.0506852252,0.165661057,2.77807586e-06,2,0,9179,44656,7864,1418,0,168,0,0,6.58828991e-10,2.64230859e-11,0,1,0,0,0,1,7864,179.5,3.01034682,4.18843606,4.18779846,2.68009001,-0.000152228934,0.391346684,-0.109707229,0,0,0.000261532721,0,2226,derived,0,0,0,0,0,0,0,0,0,0,0.000625729923,0,814,0,0,0,6.35261608e-05,33120.9278,33120.9278,-2.0875679e-10,504483,0.0271775411,0.052408583,0.00174324994,0.254219292,0.055774209,0.000262915972,0.042201083,0.446701208
825,412.5,825,8.48153016,0.0506079803,0.165350331,2.76976253e-06,2,0,9179,44656,7864,1418,0,168,0,0,6.58828991e-10,6.70158484e-10,0,1,0,0,0,1,7864,179.5,3.01018612,4.18821247,4.1875749,2.67994694,-0.000152228934,0.391346683,-0.10970723,0,0,0.000261532721,0,2226,derived,0,0,0,0,0,0,0,0,0,0,0.000625729923,0,814,0,0,0,6.35261593e-05,33243.7408,33243.7408,-1.41626866e-09,504530,0.027894458,0.052162458,0.00189850002,0.253384167,0.055231708,0.000325582922,0.042236542,0.4457165
826,413,826,8.45624543,0.0505310416,0.165040931,2.76149283e-06,2,0,9179,44656,7864,1418,0,168,0,0,6.58828991e-10,3.18440829e-10,0,1,0,0,0,1,7864,179.5,3.01002744,4.18799169,4.18735415,2.67980566,-0.000152228934,0.39134668,-0.109707232,0,0,0.000261532721,0,2226,derived,0,0,0,0,0,0,0,0,0,0,0.000625729923,0,814,0,0,0,6.35261577e-05,33366.7293,33366.7293,-1.26121147e-09,504478,0.027828375,0.052403208,0.00203220802,0.254008375,0.055938166,0.000261082896,0.042266875,0.447708875
827,413.5,827,8.43099908,0.050454397,0.164732818,2.75326032e-06,2,0,9179,44656,7864,1418,0,168,0,0,6.58828991e-10,1.56864299e-10,0,1,0,0,0,1,7864,179.5,3.00987623,4.18778131,4.18714381,2.67967105,-0.000152228934,0.391346685,-0.109707229,0,0,0.000261532721,0,2226,derived,0,0,0,0,0,0,0,0,0,0,0.000625729923,0,814,0,0,0,6.35261562e-05,33489.985,33489.985,-7.67588881e-10,504358,0.0275714999,0.0525554999,0.00168983301,0.254034667,0.055751125,0.000255291001,0.0425166669,0.446807667
828,414,828,8.40579099,0.0503780352,0.16442595,2.74506477e-06,2,0,9179,44656,7864,1418,0,168,0,0,6.58828769e-10,5.22733412e-10,0,1,0,0,0,1,7864,179.5,3.00973132,4.18757969,4.18694222,2.67954203,-0.000152228934,0.391346682,-0.10970723,0,0,0.000261532721,0,2226,derived,0,0,0,0,0,0,0,0,0,0,0.000625729923,0,814,0,0,0,6.35261547e-05,33613.5082,33613.5082,3.52905261e-10,504266,0.028254791,0.05268,0.00195149996,0.253910709,0.055715334,0.000264124945,0.043196334,0.448697708
829,414.5,829,8.38062101,0.050301958,0.164120332,2.73692314e-06,2,0,9179,44656,7864,1418,0,168,0,0,6.58828769e-10,7.79960097e-10,0,1,0,0,0,1,7864,179.5,3.00957419,4.18736105,4.18672361,2.67940213,-0.000152228934,0.391346678,-0.109707233,0,0,0.000261532721,0,2226,derived,0,0,0,0,0,0,0,0,0,0,0.000625729923,0,814,0,0,0,6.35261532e-05,33737.0377,33737.0377,-1.1371325e-09,504237,0.027738458,0.052615208,0.00192904193,0.254008167,0.055235958,0.000318957958,0.042656416,0.446816667
830,415,830,8.35548899,0.0502261796,0.163816007,2.72882299e-06,2,0,9179,44656,7864,1418,0,168,0,0,6.58828991e-10,6.44967413e-10,0,1,0,0,0,1,7864,179.5,3.00941997,4.18714649,4.18650908,2.67926484,-0.000152228934,0.391346679,-0.109707233,0,0,0.000261532721,0,2226,derived,0,0,0,0,0,0,0,0,0,0,0.000625729923,0,814,0,0,0,6.35261516e-05,33860.7554,33860.7554,-1.98085326e-10,504238,0.0290784161,0.052742125,0.00202779099,0.25456775,0.0556236251,0.000265583978,0.042696916,0.449723416
831,415.5,831,8.33039479,0.0501506879,0.163512934,2.72075895e-06,2,0,9179,44656,7864,1418,0,168,0,0,6.58828769e-10,6.02984773e-10,0,1,0,0,0,1,7864,179.5,3.00927304,4.18694207,4.18630469,2.67913403,-0.000152228934,0.391346683,-0.10970723,0,0,0.000261532721,0,2226,derived,0,0,0,0,0,0,0,0,0,0,0.000625729923,0,814,0,0,0,6.35261501e-05,33984.7396,33984.7396,7.63990426e-10,504217,0.0282385,0.05244325,0.00202283403,0.254633,0.055374708,0.000265082926,0.042417209,0.447747042
832,416,832,8.30533827,0.0500754718,0.163211075,2.7127308e-06,2,0,9179,44656,7864,1418,0,168,0,0,6.58828991e-10,6.6746364e-10,0,1,0,0,0,1,7864,179.5,3.00913224,4.18674617,4.18610882,2.67900868,-0.000152228934,0.391346686,-0.109707228,0,0,0.000261532721,0,2226,derived,0,0,0,0,0,0,0,0,0,0,0.000625729923,0,814,0,0,0,6.35261486e-05,34108.9907,34108.9907,-1.02201214e-09,504269,0.027990042,0.052017375,0.00175170798,0.253878416,0.0552015411,0.000252499944,0.042687625,0.446031958
833,416.5,833,8.28031928,0.0500005337,0.162910434,2.70475546e-06,2,0,9179,44656,7864,1418,0,168,0,0,6.58828991e-10,7.36517292e-10,0,1,0,0,0,1,7864,179.5,3.00897894,4.18653287,4.18589556,2.6788722,-0.000152228934,0.391346681,-0.109707231,0,0,0.000261532721,0,2226,derived,0,0,0,0,0,0,0,0,0,0,0.000625729923,0,814,0,0,0,6.35261472e-05,34233.2407,34233.2407,-2.51435539e-11,504313,0.0277857919,0.052831083,0.00179337501,0.254245959,0.055617208,0.000274292077,0.04279675,0.447759167
834,417,834,8.2553377,0.0499258874,0.162611054,2.69682006e-06,2,0,9179,44656,7864,1418,0,168,0,0,6.58828991e-10,4.6126214e-10,0,1,0,0,0,1,7864,179.5,3.00882889,4.18632408,4.1856868,2.6787386,-0.000152228934,0.391346678,-0.109707233,0,0,0.000261532721,0,2226,derived,0,0,0,0,0,0,0,0,0,0,0.000625729923,0,814,0,0,0,6.35261457e-05,34357.6837,34357.6837,1.04721476e-09,504349,0.027829958,0.0532724999,0.00205670798,0.254898,0.05530775,0.000264999922,0.042931,0.448912541
835,417.5,835,8.23039336,0.0498515209,0.162312894,2.68891973e-06,2,0,9179,44656,7864,1418,0,168,0,0,6.58828991e-10,8.16577916e-11,0,1,0,0,0,1,7864,179.5,3.00868598,4.18612523,4.18548798,2.67861136,-0.000152228934,0.391346677,-0.109707234,0,0,0.000261532721,0,2226,derived,0,0,0,0,0,0,0,0,0,0,0.000625729923,0,814,0,0,0,6.35261442e-05,34482.3926,34482.3926,-1.16560284e-09,504606,0.0282186669,0.052424458,0.00191441702,0.2544765,0.055610084,0.000255457941,0.0422658749,0.447519542
836,418,836,8.20548614,0.0497774232,0.162015918,2.68105425e-06,2,0,9179,44656,7864,1418,0,168,0,0,6.58828769e-10,4.01541911e-10,0,1,0,0,0,1,7864,179.5,3.00854904,4.18593472,4.18529749,2.67848945,-0.000152228934,0.391346681,-0.109707231,0,0,0.000261532721,0,2226,derived,0,0,0,0,0,0,0,0,0,0,0.000625729923,0,814,0,0,0,6.35261427e-05,34607.3675,34607.3675,-7.9851814e-10,504627,0.027810875,0.0514432091,0.00183545798,0.253406292,0.055549584,0.000454916968,0.0437039169,0.446696792
837,418.5,837,8.1806159,0.0497035968,0.161720128,2.67324001e-06,2,0,9179,44656,7864,1418,0,168,0,0,6.58828769e-10,5.86557136e-10,0,1,0,0,0,1,7864,179.5,3.00839985,4.18572713,4.18508994,2.67835662,-0.000152228934,0.391346677,-0.109707234,0,0,0.000261532721,0,2226,derived,0,0,0,0,0,0,0,0,0,0,0.000625729923,0,814,0,0,0,6.35261413e-05,34732.3423,34732.3423,5.02009767e-10,504722,0.027917,0.052538958,0.00200908305,0.253218916,0.05545,0.000319957966,0.04195675,0.445629833
838,419,838,8.1557825,0.0496300554,0.161425568,2.66546475e-06,2,0,9179,44656,7864,1418,0,168,0,0,6.58828769e-10,1.01763264e-10,0,1,0,0,0,1,7864,179.5,3.00825363,4.18552371,4.18488655,2.67822646,-0.000152228934,0.391346683,-0.10970723,0,0,0.000261532721,0,2226,derived,0,0,0,0,0,0,0,0,0,0,0.000625729923,0,814,0,0,0,6.35261398e-05,34857.5068,34857.5068,-8.60051697e-10,504775,0.029504708,0.0526028749,0.00173687504,0.253705208,0.055397,0.000253750011,0.04271175,0.448686458
839,419.5,839,8.13098581,0.0495567872,0.161132199,2.65772354e-06,2,0,9179,44656,7864,1418,0,168,0,0,6.58828991e-10,6.82511381e-10,0,1,0,0,0,1,7864,179.5,3.00811446,4.18533006,4.18469293,2.67810254,-0.000152228934,0.391346677,-0.109707234,0,0,0.000261532721,0,2226,derived,0,0,0,0,0,0,0,0,0,0,0.000625729923,0,814,0,0,0,6.35261384e-05,34982.9363,34982.9363,-2.27341923e-10,504723,0.027860041,0.0526175839,0.00205387501,0.254211083,0.0551315829,0.000258541899,0.0419615,0.446969875
840,420,840,8.10622568,0.0494837816,0.160839984,2.65001618e-06,2,0,9179,44656,7864,1418,0,168,0,0,6.58828769e-10,2.082019e-10,0,1,0,0,0,1,7864,179.5,3.00798115,4.18514459,4.18450749,2.67798387,-0.000152228934,0.391346681,-0.109707231,0,0,0.000261532721,0,2226,derived,0,0,0,0,0,0,0,0,0,0,0.000625729923,0,814,0,0,0,6.35261369e-05,35108.6312,35108.6312,-5.07860309e-10,504745,0.0279740001,0.051898042,0.00180050009,0.255682,0.0552144999,0.000254541985,0.042366375,0.447948708
841,420.5,841,8.08150199,0.0494110401,0.160548924,2.64235805e-06,2,0,9179,44656,7864,1418,0,168,0,0,6.58828991e-10,3.7511938e-10,0,1,0,0,0,1,7864,179.5,3.00783633,4.18494308,4.18430601,2.67785493,-0.000152228934,0.391346678,-0.109707233,0,0,0.000261532721,0,2226,derived,0,0,0,0,0,0,0,0,0,0,0.000625729923,0,814,0,0,0,6.35261355e-05,35234.3352,35234.3352,-1.4321111e-10,504799,0.0271790409,0.052048584,0.00172675005,0.253598084,0.055299958,0.00026237499,0.043016458,0.445522291
842,421,842,8.0568146,0.0493385771,0.160259064,2.63473846e-06,2,0,9179,44656,7864,1418,0,168,0,0,6.58828991e-10,7.15260295e-10,0,1,0,0,0,1,7864,179.5,3.00769368,4.18474463,4.18410759,2.67772794,-0.000152228934,0.391346684,-0.109707229,0,0,0.000261532721,0,2226,derived,0,0,0,0,0,0,0,0,0,0,0.000625729923,0,814,0,0,0,6.3526134e-05,35360.2172,35360.2172,1.67789116e-10,504757,0.027836125,0.0522102501,0.00185912498,0.254366959,0.055683083,0.000264792005,0.041750083,0.4466485
843,421.5,843,8.03216338,0.0492663814,0.159970367,2.62715196e-06,2,0,9179,44656,7864,1418,0,168,0,0,6.58828769e-10,3.30356187e-10,0,1,0,0,0,1,7864,179.5,3.00755799,4.18455582,4.18391881,2.67760713,-0.000152228934,0.391346679,-0.109707232,0,0,0.000261532721,0,2226,derived,0,0,0,0,0,0,0,0,0,0,0.000625729923,0,814,0,0,0,6.35261326e-05,35486.3636,35486.3636,-9.72100067e-10,504868,0.027771625,0.052361584,0.00178854098,0.254823084,0.055731292,0.000264041009,0.042449875,0.447488958
844,422,844,8.00754819,0.0491944424,0.159682795,2.61959834e-06,2,0,9179,44656,7864,1418,0,168,0,0,6.58828991e-10,4.3622439e-11,0,1,0,0,0,1,7864,179.5,3.00742807,4.18437509,4.1837381,2.67749148,-0.000152228934,0.391346689,-0.109707226,0,0,0.000261532721,0,2226,derived,0,0,0,0,0,0,0,0,0,0,0.000625729923,0,814,0,0,0,6.35261312e-05,35612.7746,35612.7746,-8.47997117e-10,504951,0.030226875,0.052390666,0.00193754199,0.255051208,0.055527708,0.00026195799,0.042291041,0.450145875
845,422.5,845,7.9829689,0.04912276,0.159396347,2.61209151e-06,2,0,9179,44656,7864,1418,0,168,0,0,6.58828769e-10,1.4562862e-10,0,1,0,0,0,1,7864,179.5,3.00728789,4.18418003,4.18354308,2.67736667,-0.000152228934,0.391346682,-0.10970723,0,0,0.000261532721,0,2226,derived,0,0,0,0,0,0,0,0,0,0,0.000625729923,0,814,0,0,0,6.35261298e-05,35739.2122,35739.2122,9.5199959e-10,505014,0.0274588329,0.052183,0.00200450001,0.254341333,0.055315458,0.000262749963,0.042279708,0.446602583
846,423,846,7.95842539,0.04905135,0.15911107,2.6046233e-06,2,0,9179,44656,7864,1418,0,168,0,0,6.58828991e-10,2.37959763e-10,0,1,0,0,0,1,7864,179.5,3.00714854,4.18398615,4.18334923,2.67724261,-0.000152228934,0.391346684,-0.109707229,0,0,0.000261532721,0,2226,derived,0,0,0,0,0,0,0,0,0,0,0.000625729923,0,814,0,0,0,6.35261284e-05,35865.808,35865.808,-6.06880324e-10,504965,0.02815225,0.0522828751,0.00178624992,0.254758792,0.055409333,0.000254584011,0.042240542,0.447563042
847,423.5,847,7.93391752,0.0489802017,0.158826929,2.59718724e-06,2,0,9179,44656,7864,1418,0,168,0,0,6.58828991e-10,2.340107e-10,0,1,0,0,0,1,7864,179.5,3.00701609,4.18380185,4.18316496,2.67712468,-0.000152228934,0.391346678,-0.109707233,0,0,0.000261532721,0,2226,derived,0,0,0,0,0,0,0,0,0,0,0.000625729923,0,814,0,0,0,6.3526127e-05,35992.6673,35992.6673,1.30680311e-09,505023,0.0278655001,0.052548709,0.00187241705,0.254483708,0.0557829579,0.000261542038,0.042024416,0.447111459
848,424,848,7.90944516,0.0489093045,0.158543889,2.58978313e-06,2,0,9179,44656,7864,1418,0,168,0,0,6.58828991e-10,1.34459777e-10,0,1,0,0,0,1,7864,179.5,3.00688935,4.18362554,4.18298868,2.67701186,-0.000152228934,0.391346688,-0.109707227,0,0,0.000261532721,0,2226,derived,0,0,0,0,0,0,0,0,0,0,0.000625729923,0,814,0,0,0,6.35261256e-05,36119.7906,36119.7906,9.58111368e-10,505029,0.028125708,0.0526751659,0.00199737493,0.254345,0.0551945,0.000258542015,0.042052125,0.447653458
849,424.5,849,7.88500818,0.0488386564,0.158261938,2.582423e-06,2,0,9179,44656,7864,1418,0,168,0,0,6.58828991e-10,6.00293149e-11,0,1,0,0,0,1,7864,179.5,3.00675408,4.1834373,4.18280046,2.67689141,-0.000152228934,0.391346678,-0.109707233,0,0,0.000261532721,0,2226,derived,0,0,0,0,0,0,0,0,0,0,0.000625729923,0,814,0,0,0,6.35261242e-05,36246.9666,36246.9666,-1.14614429e-09,505023,0.0273096251,0.052172875,0.00175041601,0.254545708,0.055423667,0.000263917027,0.042382584,0.446575625
850,425,850,7.86060646,0.0487682746,0.157981132,2.57510201e-06,2,0,9179,44656,7864,1418,0,168,0,0,6.58828769e-10,3.48902685e-10,0,1,0,0,0,1,7864,179.5,3.00661774,4.18324763,4.18261082,2.67677004,-0.000152228934,0.391346688,-0.109707227,0,0,0.000261532721,0,2226,derived,0,0,0,0,0,0,0,0,0,0,0.000625729923,0,814,0,0,0,6.35261228e-05,36374.2722,36374.2722,1.1859338e-09,504950,0.0259486249,0.051873666,0.00182283309,0.253836792,0.055691084,0.000258708023,0.042052959,0.444136459
851,425.5,851,7.83623987,0.0486981493,0.157701437,2.56781228e-06,2,0,9179,44656,7864,1418,0,168,0,0,6.58828769e-10,7.31555927e-10,0,1,0,0,0,1,7864,179.5,3.00648829,4.1830675,4.18243072,2.67665478,-0.000152228934,0.39134668,-0.109707232,0,0,0.000261532721,0,2226,derived,0,0,0,0,0,0,0,0,0,0,0.000625729923,0,814,0,0,0,6.35261214e-05,36501.8408,36501.8408,6.93674673e-10,504960,0.027750041,0.051806916,0.00178008305,0.254988792,0.0562935829,0.000255667022,0.0419317499,0.447473166
852,426,852,7.81190828,0.04862827,0.157422817,2.5605536e-06,2,0,9179,44656,7864,1418,0,168,0,0,6.58828991e-10,3.66821906e-10,0,1,0,0,0,1,7864,179.5,3.00636453,4.18289533,4.18225857,2.67654461,-0.000152228934,0.39134669,-0.109707226,0,0,0.000261532721,0,2226,derived,0,0,0,0,0,0,0,0,0,0,0.000625729923,0,814,0,0,0,6.35261201e-05,36629.6726,36629.6726,-5.86255489e-11,504940,0.0276265,0.052903292,0.00201866601,0.254493,0.055720375,0.000254999963,0.042406083,0.448067583
853,426.5,853,7.78761157,0.0485586328,0.157145257,2.55333573e-06,2,0,9179,44656,7864,1418,0,168,0,0,6.58828991e-10,2.01439532e-10,0,1,0,0,0,1,7864,179.5,3.00623449,4.18271437,4.18207764,2.67642882,-0.000152228934,0.39134668,-0.109707232,0,0,0.000261532721,0,2226,derived,0,0,0,0,0,0,0,0,0,0,0.000625729923,0,814,0,0,0,6.35261187e-05,36757.5915,36757.5915,3.23715499e-10,504844,0.028754083,0.052826791,0.00193512498,0.253860875,0.0557807911,0.000264042057,0.042461875,0.448449792
854,427,854,7.76334961,0.0484892552,0.156868812,2.54615797e-06,2,0,9179,44656,7864,1418,0,168,0,0,6.58828991e-10,7.12521375e-10,0,1,0,0,0,1,7864,179.5,3.00610091,4.18252852,4.18189181,2.6763099,-0.000152228934,0.39134668,-0.109707232,0,0,0.000261532721,0,2226,derived,0,0,0,0,0,0,0,0,0,0,0.000625729923,0,814,0,0,0,6.35261174e-05,36885.6034,36885.6034,-5.98605499e-10,504912,0.028122667,0.0517435001,0.00177616603,0.254707917,0.055824209,0.000270750024,0.0427112089,0.447455417
855,427.5,855,7.73912228,0.0484201292,0.156593454,2.53901059e-06,2,0,9179,44656,7864,1418,0,168,0,0,6.58828991e-10,3.90418808e-11,0,1,0,0,0,1,7864,179.5,3.0059742,4.18235223,4.18171555,2.67619709,-0.000152228934,0.391346682,-0.109707231,0,0,0.000261532721,0,2226,derived,0,0,0,0,0,0,0,0,0,0,0.000625729923,0,814,0,0,0,6.3526116e-05,37013.8774,37013.8774,3.00709235e-10,504887,0.0274593331,0.052148167,0.00224208401,0.25502225,0.05534175,0.00025766599,0.042768084,0.447644417
856,428,856,7.71492945,0.0483512446,0.156319149,2.53189342e-06,2,0,9179,44656,7864,1418,0,168,0,0,6.58828991e-10,6.92816915e-10,0,1,0,0,0,1,7864,179.5,3.0058532,4.18218389,4.18154724,2.67608938,-0.000152228934,0.391346689,-0.109707226,0,0,0.000261532721,0,2226,derived,0,0,0,0,0,0,0,0,0,0,0.000625729923,0,814,0,0,0,6.35261147e-05,37142.4139,37142.4139,9.92252946e-11,504827,0.0276483749,0.051627417,0.00207045802,0.254688583,0.0557597501,0.000254416955,0.043089167,0.448343292
857,428.5,857,7.69077101,0.0482825952,0.156045874,2.52481353e-06,2,0,9179,44656,7864,1418,0,168,0,0,6.58828991e-10,2.39594344e-10,0,1,0,0,0,1,7864,179.5,3.00572869,4.18201063,4.18137401,2.67597851,-0.000152228934,0.391346679,-0.109707232,0,0,0.000261532721,0,2226,derived,0,0,0,0,0,0,0,0,0,0,0.000625729923,0,814,0,0,0,6.35261133e-05,37271.0807,37271.0807,-1.13755472e-09,504921,0.028230708,0.052997667,0.00212495902,0.254523,0.055739542,0.000254041981,0.042412166,0.448778917
858,429,858,7.66664682,0.0482141983,0.155773684,2.51777514e-06,2,0,9179,44656,7864,1418,0,168,0,0,6.58828991e-10,3.12586068e-10,0,1,0,0,0,1,7864,179.5,3.00559758,4.18182822,4.18119162,2.67586179,-0.000152228934,0.391346682,-0.10970723,0,0,0.000261532721,0,2226,derived,0,0,0,0,0,0,0,0,0,0,0.000625729923,0,814,0,0,0,6.3526112e-05,37399.795,37399.795,-5.84570392e-10,504924,0.030041458,0.052267125,0.00176829193,0.255213667,0.056051333,0.000253083999,0.042210792,0.45016025
859,429.5,859,7.64255678,0.0481460488,0.155502559,2.51076629e-06,2,0,9179,44656,7864,1418,0,168,0,0,6.58828769e-10,7.75726039e-10,0,1,0,0,0,1,7864,179.5,3.0054734,4.18165544,4.18101887,2.67575123,-0.000152228934,0.391346682,-0.109707231,0,0,0.000261532721,0,2226,derived,0,0,0,0,0,0,0,0,0,0,0.000625729923,0,814,0,0,0,6.35261107e-05,37528.7707,37528.7707,8.62356409e-10,504877,0.0281278749,0.054982041,0.00187162496,0.258222417,0.055939583,0.000264458009,0.0418554159,0.455990625
860,430,860,7.61850074,0.0480781362,0.155232466,2.50378681e-06,2,0,9179,44656,7864,1418,0,168,0,0,6.58828991e-10,4.23716617e-10,0,1,0,0,0,1,7864,179.5,3.00535495,4.18149066,4.18085411,2.67564579,-0.000152228934,0.391346686,-0.109707228,0,0,0.000261532721,0,2226,derived,0,0,0,0,0,0,0,0,0,0,0.000625729923,0,814,0,0,0,6.35261093e-05,37658.0082,37658.0082,3.30152128e-10,504832,0.028273333,0.0524235411,0.00176370901,0.255555125,0.055839167,0.000254790997,0.042633875,0.448987708
861,430.5,861,7.59447861,0.0480104527,0.154963376,2.4968408e-06,2,0,9179,44656,7864,1418,0,168,0,0,6.58828991e-10,1.36830103e-10,0,1,0,0,0,1,7864,179.5,3.00523627,4.18132554,4.18068902,2.67554014,-0.000152228934,0.391346688,-0.109707227,0,0,0.000261532721,0,2226,derived,0,0,0,0,0,0,0,0,0,0,0.000625729923,0,814,0,0,0,6.3526108e-05,37787.4278,37787.4278,-7.38676231e-10,504839,0.0278358751,0.05209825,0.00185108394,0.307270584,0.067961167,0.000302416971,0.0494045831,0.519609542
862,431,862,7.57049026,0.0479430139,0.154695337,2.48993805e-06,2,0,9179,44656,7864,1418,0,168,0,0,6.58828991e-10,6.27832231e-11,0,1,0,0,0,1,7864,179.5,3.00510739,4.1811462,4.1805097,2.67542538,-0.000152228934,0.39134668,-0.109707232,0,0,0.000261532721,0,2226,derived,0,0,0,0,0,0,0,0,0,0,0.000625729923,0,814,0,0,0,6.35261067e-05,37916.8409,37916.8409,-1.24091126e-09,504767,0.033066167,0.0658478751,0.00245908299,0.264184166,0.055108208,0.000256333034,0.0425507079,0.478792833
863,431.5,863,7.54653556,0.0478758186,0.154428344,2.48306403e-06,2,0,9179,44656,7864,1418,0,168,0,0,6.58828991e-10,1.7560331e-10,0,1,0,0,0,1,7864,179.5,3.0049855,4.1809766,4.18034013,2.67531686,-0.000152228934,0.391346678,-0.109707233,0,0,0.000261532721,0,2226,derived,0,0,0,0,0,0,0,0,0,0,0.000625729923,0,814,0,0,0,6.35261054e-05,38046.5146,38046.5146,8.10552958e-10,504723,0.0283412499,0.0510399591,0.001800042,0.255449875,0.0561488749,0.000260750065,0.0426664581,0.4479335
864,432,864,7.52261441,0.0478088561,0.154162363,2.47621858e-06,2,0,9179,44656,7864,1418,0,168,0,0,6.58828991e-10,2.02224459e-10,0,1,0,0,0,1,7864,179.5,3.00486941,4.18081508,4.18017864,2.67521351,-0.000152228934,0.39134668,-0.109707231,0,0,0.000261532721,0,2226,derived,0,0,0,0,0,0,0,0,0,0,0.000625729923,0,814,0,0,0,6.35261041e-05,38176.4494,38176.4494,-3.74758002e-11,504682,0.028063917,0.0529370829,0.00206625008,0.254651125,0.05506675,0.000253250008,0.0428820839,0.448999334
865,432.5,865,7.49872668,0.0477421178,0.153897361,2.46940249e-06,2,0,9179,44656,7864,1418,0,168,0,0,6.58828769e-10,1.43228096e-10,0,1,0,0,0,1,7864,179.5,3.00475697,4.18065865,4.18002223,2.67511341,-0.000152228934,0.391346683,-0.10970723,0,0,0.000261532721,0,2226,derived,0,0,0,0,0,0,0,0,0,0,0.000625729923,0,814,0,0,0,6.35261028e-05,38306.6268,38306.6268,1.13883503e-09,504664,0.027283584,0.0521726251,0.00184354105,0.254259125,0.055513791,0.000283790985,0.0429230001,0.446873459
866,433,866,7.47487226,0.0476756149,0.153633374,2.46263178e-06,2,0,9179,44656,7864,1418,0,168,0,0,6.58828769e-10,8.24673663e-13,0,1,0,0,0,1,7864,179.5,3.00463,4.18048199,4.1798456,2.67500037,-0.000152228934,0.391346685,-0.109707228,0,0,0.000261532721,0,2226,derived,0,0,0,0,0,0,0,0,0,0,0.000625729923,0,814,0,0,0,6.35261015e-05,38436.735,38436.735,6.32373931e-10,504652,0.027184417,0.053175833,0.00179645908,0.255970042,0.055689708,0.000255084014,0.0427055,0.449129834
867,433.5,867,7.45105103,0.047609352,0.153370415,2.45588902e-06,2,0,9179,44656,7864,1418,0,168,0,0,6.58828769e-10,2.29501085e-10,0,1,0,0,0,1,7864,179.5,3.00451016,4.18031523,4.17967887,2.67489367,-0.000152228934,0.391346681,-0.109707231,0,0,0.000261532721,0,2226,derived,0,0,0,0,0,0,0,0,0,0,0.000625729923,0,813,0,0,0,6.35261002e-05,38567.1032,38567.1032,-9.87464777e-10,504689,0.028173125,0.051886959,0.00179399992,0.256058292,0.0552271251,0.000255833031,0.0431109581,0.449186458
868,434,868,7.42726288,0.0475433183,0.153108448,2.44917405e-06,2,0,9179,44656,7864,1418,0,168,0,0,6.58828991e-10,5.42224043e-10,0,1,0,0,0,1,7864,179.5,3.0043962,4.18015669,4.17952034,2.67479221,-0.000152228934,0.391346681,-0.109707231,0,0,0.000261532721,0,2226,derived,0,0,0,0,0,0,0,0,0,0,0.000625729923,0,813,0,0,0,6.35260989e-05,38697.7316,38697.7316,-1.27434441e-09,504704,0.0287572079,0.052691792,0.00182383298,0.255735083,0.0551625,0.000281832996,0.042789791,0.450133875
869,434.5,869,7.40350768,0.0474775049,0.152847442,2.44248671e-06,2,0,9179,44656,7864,1418,0,168,0,0,6.58828769e-10,6.35725694e-10,0,1,0,0,0,1,7864,179.5,3.00428713,4.18000495,4.17936863,2.67469512,-0.000152228934,0.391346689,-0.109707226,0,0,0.000261532721,0,2226,derived,0,0,0,0,0,0,0,0,0,0,0.000625729923,0,813,0,0,0,6.35260977e-05,38828.6205,38828.6205,-9.87483317e-10,504649,0.028072042,0.0522635829,0.00183199998,0.253724875,0.055373083,0.000267957919,0.042186,0.44610925
870,435,870,7.37978534,0.0474119167,0.152587411,2.43584194e-06,2,0,9179,44656,7864,1418,0,168,0,0,6.58828991e-10,1.56585966e-10,0,1,0,0,0,1,7864,179.5,3.00416509,4.17983514,4.17919884,2.67458646,-0.000152228934,0.391346685,-0.109707229,0,0,0.000261532721,0,2226,derived,0,0,0,0,0,0,0,0,0,0,0.000625729923,0,813,0,0,0,6.35260964e-05,38959.4717,38959.4717,6.45264286e-10,504756,0.028191292,0.0522673751,0.00179616699,0.254891458,0.0563381669,0.000255124993,0.0426760829,0.448683917
871,435.5,871,7.35609574,0.047346565,0.15232839,2.42922699e-06,2,0,9179,44656,7864,1418,0,168,0,0,6.58828991e-10,4.05059319e-10,0,1,0,0,0,1,7864,179.5,3.00404703,4.17967089,4.17903462,2.67448136,-0.000152228934,0.391346687,-0.109707227,0,0,0.000261532721,0,2226,derived,0,0,0,0,0,0,0,0,0,0,0.000625729923,0,813,0,0,0,6.35260951e-05,39090.5306,39090.5306,-2.15184315e-10,504737,0.028111125,0.0525472501,0.00192991691,0.256161459,0.055337042,0.00025225,0.042449333,0.44931175
872,436,872,7.33243875,0.0472814393,0.152070343,2.42263907e-06,2,0,9179,44656,7864,1418,0,168,0,0,6.58828991e-10,5.2548399e-10,0,1,0,0,0,1,7864,179.5,3.00393501,4.17951501,4.17887877,2.67438162,-0.000152228934,0.391346682,-0.10970723,0,0,0.000261532721,0,2226,derived,0,0,0,0,0,0,0,0,0,0,0.000625729923,0,813,0,0,0,6.35260939e-05,39221.849,39221.849,-8.22720669e-10,504685,0.031554458,0.051435458,0.00176162506,0.25623425,0.0551380829,0.000266083051,0.042690375,0.451661833
873,436.5,873,7.30881427,0.0472165304,0.15181324,2.41607804e-06,2,0,9179,44656,7864,1418,0,168,0,0,6.58828991e-10,1.99551042e-10,0,1,0,0,0,1,7864,179.5,3.00382796,4.17936608,4.17872986,2.67428632,-0.000152228934,0.391346687,-0.109707227,0,0,0.000261532721,0,2226,derived,0,0,0,0,0,0,0,0,0,0,0.000625729923,0,813,0,0,0,6.35260926e-05,39353.4271,39353.4271,6.60363764e-10,504636,0.027805583,0.0521607499,0.00213345909,0.25476525,0.0553986251,0.000263666967,0.041891458,0.446860583
874,437,874,7.28522219,0.0471518373,0.151557074,2.40955461e-06,2,0,9179,44656,7864,1418,0,168,0,0,6.58828769e-10,5.68682434e-10,0,1,0,0,0,1,7864,179.5,3.00371234,4.17920521,4.17856901,2.67418338,-0.000152228934,0.391346684,-0.109707229,0,0,0.000261532721,0,2226,derived,0,0,0,0,0,0,0,0,0,0,0.000625729923,0,813,0,0,0,6.35260914e-05,39485.0454,39485.0454,-1.08232978e-10,504591,0.0282208341,0.0519816249,0.00216312497,0.255153125,0.05571875,0.000262291986,0.042118,0.448350875
875,437.5,875,7.2616624,0.0470873762,0.151301898,2.40306414e-06,2,0,9179,44656,7864,1418,0,168,0,0,6.58828991e-10,3.17687654e-10,0,1,0,0,0,1,7864,179.5,3.00359583,4.17904311,4.17840694,2.67407966,-0.000152228934,0.391346687,-0.109707227,0,0,0.000261532721,0,2226,derived,0,0,0,0,0,0,0,0,0,0,0.000625729923,0,813,0,0,0,6.35260901e-05,39616.7914,39616.7914,-1.76355486e-10,504525,0.0312089589,0.052109625,0.00180045795,0.255388875,0.05538725,0.000253875041,0.0427676251,0.451117334
876,438,876,7.23813478,0.0470231382,0.15104768,2.39659998e-06,2,0,9179,44656,7864,1418,0,168,0,0,6.58828991e-10,2.90139468e-10,0,1,0,0,0,1,7864,179.5,3.00348551,4.17888961,4.17825346,2.67398144,-0.000152228934,0.391346687,-0.109707227,0,0,0.000261532721,0,2226,derived,0,0,0,0,0,0,0,0,0,0,0.000625729923,0,813,0,0,0,6.35260889e-05,39748.7962,39748.7962,-1.11678755e-09,504549,0.028036791,0.052793667,0.00202779204,0.254052542,0.054930958,0.000255875057,0.042085959,0.446493916
877,438.5,877,7.21463923,0.046959114,0.150794389,2.39016198e-06,2,0,9179,44656,7864,1418,0,168,0,0,6.58828991e-10,7.55619345e-10,0,1,0,0,0,1,7864,179.5,3.0033803,4.17874322,4.17810709,2.67388777,-0.000152228934,0.391346684,-0.109707229,0,0,0.000261532721,0,2226,derived,0,0,0,0,0,0,0,0,0,0,0.000625729923,0,813,0,0,0,6.35260876e-05,39881.06,39881.06,-1.05195341e-09,504463,0.027377667,0.05288675,0.00175612501,0.25481275,0.0557929589,0.000261374982,0.042490042,0.4481105
878,439,878,7.19117564,0.0468952982,0.150542007,2.38375638e-06,2,0,9179,44656,7864,1418,0,168,0,0,6.58828769e-10,3.06133785e-10,0,1,0,0,0,1,7864,179.5,3.00327158,4.17859197,4.17795586,2.67379098,-0.000152228934,0.391346688,-0.109707227,0,0,0.000261532721,0,2226,derived,0,0,0,0,0,0,0,0,0,0,0.000625729923,0,813,0,0,0,6.35260864e-05,40013.4507,40013.4507,-4.58084903e-10,504561,0.0277167499,0.052027458,0.00177154108,0.255397291,0.055714541,0.000257375068,0.043302792,0.44852525
879,439.5,879,7.1677439,0.0468317074,0.150290584,2.37738716e-06,2,0,9179,44656,7864,1418,0,168,0,0,6.58828991e-10,6.48990861e-11,0,1,0,0,0,1,7864,179.5,3.00315635,4.17843163,4.17779555,2.67368839,-0.000152228934,0.391346686,-0.109707228,0,0,0.000261532721,0,2226,derived,0,0,0,0,0,0,0,0,0,0,0.000625729923,0,813,0,0,0,6.35260852e-05,40145.8802,40145.8802,1.17879173e-09,504488,0.0275534589,0.0526048751,0.00183437497,0.255890208,0.056054959,0.000254041981,0.04381475,0.450305125
880,440,880,7.14434391,0.0467683373,0.150040106,2.37104355e-06,2,0,9179,44656,7864,1418,0,168,0,0,6.58828991e-10,3.57914365e-10,0,1,0,0,0,1,7864,179.5,3.00304748,4.17828017,4.17764412,2.67359147,-0.000152228934,0.391346689,-0.109707226,0,0,0.000261532721,0,2226,derived,0,0,0,0,0,0,0,0,0,0,0.000625729923,0,813,0,0,0,6.3526084e-05,40278.5678,40278.5678,7.52086837e-10,504581,0.0273680419,0.0531225,0.00194408302,0.255592917,0.055842208,0.000252875034,0.042595292,0.4490775
881,440.5,881,7.12097554,0.0467051781,0.149790539,2.36472541e-06,2,0,9179,44656,7864,1418,0,168,0,0,6.58828991e-10,5.73426751e-10,0,1,0,0,0,1,7864,179.5,3.00294391,4.17813603,4.1775,2.67349924,-0.000152228934,0.391346679,-0.109707232,0,0,0.000261532721,0,2226,derived,0,0,0,0,0,0,0,0,0,0,0.000625729923,0,813,0,0,0,6.35260828e-05,40411.5137,40411.5137,2.0051738e-10,504567,0.028096791,0.0531562909,0.00199541706,0.25436,0.055417583,0.000256332918,0.044744334,0.450384333
882,441,882,7.0976387,0.0466422221,0.149541858,2.35843428e-06,2,0,9179,44656,7864,1418,0,168,0,0,6.58828769e-10,7.1193873e-10,0,1,0,0,0,1,7864,179.5,3.00284253,4.177995,4.17735898,2.673409,-0.000152228934,0.391346682,-0.109707231,0,0,0.000261532721,0,2226,derived,0,0,0,0,0,0,0,0,0,0,0.000625729923,0,813,0,0,0,6.35260816e-05,40544.6824,40544.6824,8.82717677e-10,504569,0.027223667,0.05163675,0.00173933303,0.254983708,0.0557392921,0.000251500052,0.0417455001,0.445611917
883,441.5,883,7.07433329,0.0465794818,0.1492941,2.3521832e-06,2,0,9179,44656,7864,1418,0,168,0,0,6.58828991e-10,7.7392992e-10,0,1,0,0,0,1,7864,179.5,3.00272828,4.17783603,4.17720004,2.67330727,-0.000152228934,0.391346679,-0.109707232,0,0,0.000261532721,0,2226,derived,0,0,0,0,0,0,0,0,0,0,0.000625729923,0,813,0,0,0,6.35260804e-05,40677.792,40677.792,9.76903891e-10,504510,0.027725375,0.052641042,0.00183395797,0.255916417,0.055987291,0.000255250023,0.042480333,0.449374667
884,442,884,7.05105919,0.0465169601,0.149047274,2.34595706e-06,2,0,9179,44656,7864,1418,0,168,0,0,6.58828991e-10,7.59780017e-10,0,1,0,0,0,1,7864,179.5,3.00262064,4.17768627,4.1770503,2.67321145,-0.000152228934,0.391346684,-0.109707229,0,0,0.000261532721,0,2226,derived,0,0,0,0,0,0,0,0,0,0,0.000625729923,0,813,0,0,0,6.35260792e-05,40811.1589,40811.1589,2.29049002e-10,504508,0.0275994999,0.052316958,0.00187037501,0.267661334,0.055392042,0.000254209037,0.042029542,0.459939917
885,442.5,885,7.0278163,0.046454647,0.148801347,2.33975571e-06,2,0,9179,44656,7864,1418,0,168,0,0,6.58828769e-10,6.69990396e-10,0,1,0,0,0,1,7864,179.5,3.00251846,4.17754409,4.17690815,2.67312047,-0.000152228934,0.39134668,-0.109707231,0,0,0.000261532721,0,2226,derived,0,0,0,0,0,0,0,0,0,0,0.000625729923,0,813,0,0,0,6.3526078e-05,40944.7833,40944.7833,6.34360342e-10,504469,0.02790875,0.052391208,0.00182212505,0.255229833,0.0554055,0.00025691709,0.041621333,0.447036625
886,443,886,7.00460452,0.0463925343,0.14855629,2.33357902e-06,2,0,9179,44656,7864,1418,0,168,0,0,6.58828991e-10,5.05048559e-10,0,1,0,0,0,1,7864,179.5,3.00242077,4.17740818,4.17677226,2.67303351,-0.000152228934,0.391346682,-0.109707231,0,0,0.000261532721,0,2226,derived,0,0,0,0,0,0,0,0,0,0,0.000625729923,0,813,0,0,0,6.35260768e-05,41078.6655,41078.6655,1.17654464e-09,504426,0.0272809999,0.051871042,0.00194358395,0.256019542,0.0559881671,0.000253750011,0.042482125,0.448587833
887,443.5,887,6.98142374,0.0463306256,0.148312112,2.32743984e-06,2,0,9179,44656,7864,1418,0,168,0,0,6.58828991e-10,2.65432787e-10,0,1,0,0,0,1,7864,179.5,3.00231143,4.17725604,4.17662014,2.67293615,-0.000152228934,0.391346679,-0.109707232,0,0,0.000261532721,0,2226,derived,0,0,0,0,0,0,0,0,0,0,0.000625729923,0,813,0,0,0,6.35260756e-05,41212.5219,41212.5219,-1.10013654e-09,504379,0.028146959,0.0515115829,0.00185725,0.255030167,0.055891959,0.000264458009,0.042197459,0.447533625
888,444,888,6.95827386,0.0462689333,0.148068854,2.32132817e-06,2,0,9179,44656,7864,1418,0,168,0,0,6.58828991e-10,4.84823293e-11,0,1,0,0,0,1,7864,179.5,3.00220473,4.17710761,4.17647173,2.67284118,-0.000152228934,0.391346687,-0.109707227,0,0,0.000261532721,0,2226,derived,0,0,0,0,0,0,0,0,0,0,0.000625729923,0,813,0,0,0,6.35260744e-05,41346.5645,41346.5645,2.79677392e-10,504324,0.02763775,0.0522212081,0.00201908406,0.255955083,0.055847833,0.000255124993,0.04233175,0.448895791
889,444.5,889,6.93515478,0.0462074477,0.147826481,2.31524064e-06,2,0,9179,44656,7864,1418,0,168,0,0,6.58828769e-10,4.3623638e-10,0,1,0,0,0,1,7864,179.5,3.00210375,4.17696709,4.17633123,2.67275126,-0.000152228934,0.391346682,-0.109707231,0,0,0.000261532721,0,2226,derived,0,0,0,0,0,0,0,0,0,0,0.000625729923,0,813,0,0,0,6.35260732e-05,41480.864,41480.864,-8.58311422e-10,504281,0.0276152081,0.05204475,0.00180933299,0.254586917,0.0552701249,0.000319665996,0.043112209,0.447327
890,445,890,6.91206639,0.0461461601,0.147584966,2.30917713e-06,2,0,9179,44656,7864,1418,0,168,0,0,6.58828991e-10,6.76802503e-10,0,1,0,0,0,1,7864,179.5,3.00200743,4.17683308,4.17619724,2.67266551,-0.000152228934,0.391346682,-0.10970723,0,0,0.000261532721,0,2226,derived,0,0,0,0,0,0,0,0,0,0,0.000625729923,0,813,0,0,0,6.35260721e-05,41615.4205,41615.4205,-5.90144267e-10,504326,0.028055542,0.052538833,0.00214070803,0.254547417,0.055894125,0.000255458057,0.043162375,0.449458458
891,445.5,891,6.8890086,0.0460850673,0.147344295,2.30314507e-06,2,0,9179,44656,7864,1418,0,168,0,0,6.58828991e-10,1.42784784e-10,0,1,0,0,0,1,7864,179.5,3.00190561,4.1766914,4.17605559,2.67257485,-0.000152228934,0.391346679,-0.109707232,0,0,0.000261532721,0,2226,derived,0,0,0,0,0,0,0,0,0,0,0.000625729923,0,813,0,0,0,6.35260709e-05,41750.065,41750.065,-5.7599181e-10,504367,0.027971042,0.0522500001,0.00179954199,0.255533,0.055935584,0.000265041948,0.0422301671,0.448212458
892,446,892,6.86598129,0.0460241857,0.147104521,2.29714498e-06,2,0,9179,44656,7864,1418,0,168,0,0,6.58828769e-10,4.63733052e-10,0,1,0,0,0,1,7864,179.5,3.0017996,4.17654391,4.17590812,2.67248048,-0.000152228934,0.391346681,-0.109707231,0,0,0.000261532721,0,2226,derived,0,0,0,0,0,0,0,0,0,0,0.000625729923,0,813,0,0,0,6.35260697e-05,41884.78,41884.78,-1.08237375e-09,504303,0.029971167,0.052289625,0.00175179204,0.255270666,0.0560245831,0.000252082944,0.0423246661,0.450791625
893,446.5,893,6.84298438,0.0459635092,0.146865621,2.29116841e-06,2,0,9179,44656,7864,1418,0,168,0,0,6.58828991e-10,4.31809033e-10,0,1,0,0,0,1,7864,179.5,3.00169953,4.1764047,4.17576893,2.6723914,-0.000152228934,0.391346687,-0.109707227,0,0,0.000261532721,0,2226,derived,0,0,0,0,0,0,0,0,0,0,0.000625729923,0,813,0,0,0,6.35260686e-05,42019.751,42019.751,-6.07346617e-10,504363,0.0274398341,0.0518183749,0.00191587501,0.25429875,0.0556278339,0.000262291986,0.041953209,0.445567
894,447,894,6.82001776,0.0459030289,0.146627568,2.28521522e-06,2,0,9179,44656,7864,1418,0,168,0,0,6.58828991e-10,3.18439719e-10,0,1,0,0,0,1,7864,179.5,3.00160437,4.17627231,4.17563656,2.67230668,-0.000152228934,0.391346689,-0.109707226,0,0,0.000261532721,0,2226,derived,0,0,0,0,0,0,0,0,0,0,0.000625729923,0,813,0,0,0,6.35260674e-05,42154.9783,42154.9783,5.23203703e-11,504435,0.0275105,0.0525465,0.00174337497,0.254365042,0.05531025,0.000276583014,0.042569292,0.446950083
895,447.5,895,6.79708133,0.0458427376,0.146390335,2.27928728e-06,2,0,9179,44656,7864,1418,0,168,0,0,6.58828991e-10,4.3428583e-10,0,1,0,0,0,1,7864,179.5,3.0015107,4.17614195,4.17550622,2.67222327,-0.000152228934,0.391346678,-0.109707233,0,0,0.000261532721,0,2226,derived,0,0,0,0,0,0,0,0,0,0,0.000625729923,0,813,0,0,0,6.35260663e-05,42290.4169,42290.4169,-4.06567224e-10,504411,0.0276065001,0.052974708,0.00200545799,0.255188667,0.055958834,0.000255333027,0.042596875,0.449075208
896,448,896,6.77417499,0.0457826482,0.146153963,2.27339597e-06,2,0,9179,44656,7864,1418,0,168,0,0,6.58828769e-10,4.57899496e-10,0,1,0,0,0,1,7864,179.5,3.00140505,4.17599494,4.17535924,2.6721292,-0.000152228934,0.391346678,-0.109707233,0,0,0.000261532721,0,2226,derived,0,0,0,0,0,0,0,0,0,0,0.000625729923,0,813,0,0,0,6.35260651e-05,42425.8008,42425.8008,-1.11320253e-09,504424,0.027944917,0.0517728749,0.00182650005,0.256533333,0.055364458,0.000260500005,0.041738666,0.448024292
897,448.5,897,6.75129865,0.045722763,0.145918458,2.26752758e-06,2,0,9179,44656,7864,1418,0,168,0,0,6.58828991e-10,1.53660751e-10,0,1,0,0,0,1,7864,179.5,3.00130567,4.17585668,4.175221,2.67204074,-0.000152228934,0.391346683,-0.10970723,0,0,0.000261532721,0,2226,derived,0,0,0,0,0,0,0,0,0,0,0.000625729923,0,813,0,0,0,6.3526064e-05,42561.4399,42561.4399,1.08800524e-10,504273,0.027981042,0.0526175,0.00173766701,0.25634675,0.055750208,0.000255500083,0.042706167,0.449809292
898,449,898,6.72845221,0.0456630723,0.145683787,2.26168197e-06,2,0,9179,44656,7864,1418,0,168,0,0,6.58828991e-10,6.95260849e-10,0,1,0,0,0,1,7864,179.5,3.00121146,4.1757256,4.17508993,2.67195686,-0.000152228934,0.391346679,-0.109707232,0,0,0.000261532721,0,2226,derived,0,0,0,0,0,0,0,0,0,0,0.000625729923,0,813,0,0,0,6.35260629e-05,42697.3346,42697.3346,2.52897259e-10,504194,0.028377166,0.051866167,0.00209616602,0.254897625,0.0554744591,0.000261583016,0.042084542,0.447327
899,449.5,899,6.70563556,0.0456035685,0.145449926,2.25585902e-06,2,0,9179,44656,7864,1418,0,168,0,0,6.58828991e-10,4.06816802e-10,0,1,0,0,0,1,7864,179.5,3.00112148,4.17560041,4.17496476,2.67187675,-0.000152228934,0.391346682,-0.109707231,0,0,0.000261532721,0,2226,derived,0,0,0,0,0,0,0,0,0,0,0.000625729923,0,813,0,0,0,6.35260617e-05,42833.4851,42833.4851,4.99560837e-10,504201,0.027742916,0.052149542,0.00174379093,0.255269458,0.0557069591,0.000262291986,0.043012167,0.448624291
900,450,900,6.68284861,0.0455442542,0.145216879,2.25007003e-06,2,0,9179,44656,7864,1418,0,168,0,0,6.58828991e-10,3.82693877e-12,0,1,0,0,0,1,7864,179.5,3.00102096,4.17546055,4.17482492,2.67178726,-0.000152228934,0.391346678,-0.109707233,0,0,0.000261532721,0,2226,derived,0,0,0,0,0,0,0,0,0,0,0.000625729923,0,813,0,0,0,6.35260606e-05,42969.6226,42969.6226,3.33878925e-10,504091,0.026054084,0.051811958,0.00204583304,0.254250709,0.055913292,0.000261207926,0.0422809171,0.445210625
901,450.5,901,6.66009128,0.0454851424,0.144984689,2.24430712e-06,2,0,9179,44656,7864,1418,0,168,0,0,6.58828991e-10,3.30413474e-10,0,1,0,0,0,1,7864,179.5,3.00092197,4.17532283,4.17468722,2.67169913,-0.000152228934,0.391346683,-0.10970723,0,0,0.000261532721,0,2226,derived,0,0,0,0,0,0,0,0,0,0,0.000625729923,0,813,0,0,0,6.35260595e-05,43105.9265,43105.9265,-4.85415041e-11,504086,0.028097041,0.052442208,0.00184683292,0.256281583,0.055248292,0.000269833021,0.0423020411,0.4488125
902,451,902,6.63736345,0.0454262241,0.144753324,2.23856641e-06,2,0,9179,44656,7864,1418,0,168,0,0,6.58828991e-10,5.9631422e-10,0,1,0,0,0,1,7864,179.5,3.00082845,4.1751927,4.17455712,2.67161587,-0.000152228934,0.391346683,-0.10970723,0,0,0.000261532721,0,2226,derived,0,0,0,0,0,0,0,0,0,0,0.000625729923,0,813,0,0,0,6.35260584e-05,43242.4852,43242.4852,-5.03425635e-10,504144,0.027868416,0.052481583,0.00179908308,0.254650292,0.0553515829,0.000264958013,0.043129708,0.448151583
903,451.5,903,6.61466503,0.0453674911,0.144522759,2.23284779e-06,2,0,9179,44656,7864,1418,0,168,0,0,6.58828991e-10,7.79854403e-10,0,1,0,0,0,1,7864,179.5,3.00073941,4.17506881,4.17443325,2.67153659,-0.000152228934,0.391346677,-0.109707234,0,0,0.000261532721,0,2226,derived,0,0,0,0,0,0,0,0,0,0,0.000625729923,0,813,0,0,0,6.35260572e-05,43379.2989,43379.2989,2.45071297e-10,504177,0.028382333,0.0512346249,0.00187279203,0.256813625,0.0553595,0.000255708001,0.042582333,0.449041166
904,452,904,6.59199593,0.0453089388,0.144292976,2.22715637e-06,2,0,9179,44656,7864,1418,0,168,0,0,6.58828991e-10,6.49358345e-10,0,1,0,0,0,1,7864,179.5,3.00064723,4.17494059,4.17430504,2.67145455,-0.000152228934,0.39134669,-0.109707225,0,0,0.000261532721,0,2226,derived,0,0,0,0,0,0,0,0,0,0,0.000625729923,0,813,0,0,0,6.35260561e-05,43516.2414,43516.2414,8.97370622e-10,504189,0.0270568341,0.0529045421,0.00179925002,0.25553375,0.055878166,0.00025291706,0.042681291,0.448635834
905,452.5,905,6.56935606,0.0452505828,0.144064023,2.22149635e-06,2,0,9179,44656,7864,1418,0,168,0,0,6.58828991e-10,5.8598304e-10,0,1,0,0,0,1,7864,179.5,3.00054832,4.17480295,4.17416743,2.67136648,-0.000152228934,0.391346681,-0.109707231,0,0,0.000261532721,0,2226,derived,0,0,0,0,0,0,0,0,0,0,0.000625729923,0,813,0,0,0,6.3526055e-05,43653.2067,43653.2067,-2.58423727e-10,504246,0.02784225,0.052144084,0.00169866695,0.255208708,0.055756,0.000269458047,0.0448745411,0.450189084
906,453,906,6.54674532,0.0451924199,0.14383589,2.21585796e-06,2,0,9179,44656,7864,1418,0,168,0,0,6.58828991e-10,5.89379656e-10,0,1,0,0,0,1,7864,179.5,3.00045522,4.17467341,4.17403791,2.67128359,-0.000152228934,0.391346682,-0.10970723,0,0,0.000261532721,0,2226,derived,0,0,0,0,0,0,0,0,0,0,0.000625729923,0,813,0,0,0,6.35260539e-05,43790.426,43790.426,-6.18230578e-10,504243,0.028025125,0.052375167,0.00202050002,0.255620333,0.05612225,0.000252750004,0.0424635831,0.449523834
907,453.5,907,6.52416362,0.0451344411,0.143608547,2.21024109e-06,2,0,9179,44656,7864,1418,0,168,0,0,6.58828991e-10,6.59130306e-10,0,1,0,0,0,1,7864,179.5,3.00036687,4.1745505,4.17391502,2.67120494,-0.000152228934,0.391346687,-0.109707227,0,0,0.000261532721,0,2226,derived,0,0,0,0,0,0,0,0,0,0,0.000625729923,0,813,0,0,0,6.35260528e-05,43927.8996,43927.8996,-1.06150833e-09,504278,0.0281897921,0.052848916,0.00174108299,0.255943792,0.055221208,0.000254500075,0.042387333,0.449264583
908,454,908,6.50161086,0.0450766394,0.14338197,2.20464564e-06,2,0,9179,44656,7864,1418,0,168,0,0,6.58828991e-10,7.79330711e-10,0,1,0,0,0,1,7864,179.5,3.00028245,4.17443303,4.17379756,2.67112977,-0.000152228934,0.391346685,-0.109707229,0,0,0.000261532721,0,2226,derived,0,0,0,0,0,0,0,0,0,0,0.000625729923,0,813,0,0,0,6.35260518e-05,44065.6277,44065.6277,-6.66974809e-10,504193,0.027728208,0.0526110829,0.00210295792,0.255812375,0.0558189581,0.000255250023,0.042221875,0.449153875
909,454.5,909,6.47908696,0.045019022,0.143156179,2.19908493e-06,2,0,9179,44656,7864,1418,0,168,0,0,6.58828991e-10,5.78089132e-10,0,1,0,0,0,1,7864,179.5,3.00018464,4.17429694,4.17366149,2.67104269,-0.000152228934,0.39134668,-0.109707232,0,0,0.000261532721,0,2226,derived,0,0,0,0,0,0,0,0,0,0,0.000625729923,0,813,0,0,0,6.35260507e-05,44203.2766,44203.2766,2.04192219e-12,504168,0.0282342089,0.0525999999,0.00179983303,0.256119333,0.0558166249,0.000254833023,0.042337541,0.449633584
910,455,910,6.45659181,0.0449615974,0.142931202,2.19354636e-06,2,0,9179,44656,7864,1418,0,168,0,0,6.58828991e-10,3.11600967e-10,0,1,0,0,0,1,7864,179.5,3.00009165,4.17416756,4.17353213,2.6709599,-0.000152228934,0.39134668,-0.109707232,0,0,0.000261532721,0,2226,derived,0,0,0,0,0,0,0,0,0,0,0.000625729923,0,813,0,0,0,6.35260496e-05,44341.1532,44341.1532,-1.06716735e-09,504096,0.027644875,0.052224708,0.00169595901,0.254675125,0.055250833,0.000257416978,0.0422496659,0.446426459
911,455.5,911,6.43412533,0.0449043565,0.142707009,2.18802877e-06,2,0,9179,44656,7864,1418,0,168,0,0,6.58828991e-10,1.9733104e-11,0,1,0,0,0,1,7864,179.5,3.00000375,4.17404528,4.17340987,2.67088166,-0.000152228934,0.391346688,-0.109707227,0,0,0.000261532721,0,2226,derived,0,0,0,0,0,0,0,0,0,0,0.000625729923,0,813,0,0,0,6.35260485e-05,44479.2832,44479.2832,9.31963839e-10,504135,0.028271833,0.052165542,0.00193849998,0.25572,0.0555625,0.000254124985,0.0418916669,0.448248292
912,456,912,6.41168743,0.0448472914,0.142483573,2.18253204e-06,2,0,9179,44656,7864,1418,0,168,0,0,6.58828991e-10,4.15514512e-10,0,1,0,0,0,1,7864,179.5,2.99992004,4.17392881,4.17329342,2.67080713,-0.000152228934,0.391346688,-0.109707226,0,0,0.000261532721,0,2226,derived,0,0,0,0,0,0,0,0,0,0,0.000625729923,0,813,0,0,0,6.35260474e-05,44617.6671,44617.6671,2.88334912e-10,504065,0.0288114591,0.051806584,0.00183029205,0.255187833,0.055952791,0.000252292026,0.042302542,0.448522167
913,456.5,913,6.38927802,0.0447903994,0.142260884,2.17706288e-06,2,0,9179,44656,7864,1418,0,168,0,0,6.58828769e-10,6.98803904e-10,0,1,0,0,0,1,7864,179.5,2.99983089,4.17380475,4.17316937,2.67072775,-0.000152228934,0.391346679,-0.109707232,0,0,0.000261532721,0,2226,derived,0,0,0,0,0,0,0,0,0,0,0.000625729923,0,813,0,0,0,6.35260464e-05,44756.1325,44756.1325,9.24170518e-10,504016,0.027566708,0.0527627501,0.00201766693,0.254655417,0.055631167,0.000271915924,0.0425371251,0.44808725
914,457,914,6.36689701,0.0447336965,0.14203899,2.17162169e-06,2,0,9179,44656,7864,1418,0,168,0,0,6.58828991e-10,1.75240378e-10,0,1,0,0,0,1,7864,179.5,2.99973766,4.17367504,4.17303969,2.67064475,-0.000152228934,0.391346682,-0.109707231,0,0,0.000261532721,0,2226,derived,0,0,0,0,0,0,0,0,0,0,0.000625729923,0,813,0,0,0,6.35260453e-05,44894.6631,44894.6631,-8.40675418e-10,503947,0.0301740831,0.052465625,0.00174408301,0.253992334,0.0556132089,0.000337749952,0.0424205,0.449047792
915,457.5,915,6.3445443,0.044677177,0.141817875,2.16620097e-06,2,0,9179,44656,7864,1418,0,168,0,0,6.58828991e-10,4.11708889e-10,0,1,0,0,0,1,7864,179.5,2.99964994,4.173553,4.17291766,2.67056666,-0.000152228934,0.391346684,-0.109707229,0,0,0.000261532721,0,2226,derived,0,0,0,0,0,0,0,0,0,0,0.000625729923,0,813,0,0,0,6.35260442e-05,45033.4464,45033.4464,-1.01762776e-09,503917,0.027333458,0.0527016659,0.00176825002,0.255496166,0.055264166,0.000267041032,0.042869625,0.448165583
916,458,916,6.32221981,0.0446208327,0.14159751,2.16080059e-06,2,0,9179,44656,7864,1418,0,168,0,0,6.58828991e-10,5.12502818e-10,0,1,0,0,0,1,7864,179.5,2.99956671,4.1734372,4.17280188,2.67049256,-0.000152228934,0.391346688,-0.109707227,0,0,0.000261532721,0,2226,derived,0,0,0,0,0,0,0,0,0,0,0.000625729923,0,813,0,0,0,6.35260432e-05,45172.4827,45172.4827,-6.47196186e-10,503984,0.027560208,0.0528129169,0.00176070805,0.256337291,0.055405917,0.000254791928,0.043219292,0.450075
917,458.5,917,6.29992345,0.0445646569,0.141377873,2.1554205e-06,2,0,9179,44656,7864,1418,0,168,0,0,6.58828991e-10,2.00058858e-10,0,1,0,0,0,1,7864,179.5,2.9994871,4.17332642,4.17269112,2.67042168,-0.000152228934,0.391346682,-0.10970723,0,0,0.000261532721,0,2226,derived,0,0,0,0,0,0,0,0,0,0,0.000625729923,0,813,0,0,0,6.35260421e-05,45311.771,45311.771,1.13999477e-10,504050,0.027544167,0.051800583,0.00193354103,0.25500775,0.055913834,0.000254041981,0.042420042,0.447191708
918,459,918,6.27765513,0.0445086588,0.141158991,2.15007436e-06,2,0,9179,44656,7864,1418,0,168,0,0,6.58828991e-10,5.99293726e-10,0,1,0,0,0,1,7864,179.5,2.99939325,4.17319584,4.17256056,2.67033812,-0.000152228934,0.391346679,-0.109707232,0,0,0.000261532721,0,2226,derived,0,0,0,0,0,0,0,0,0,0,0.000625729923,0,813,0,0,0,6.35260411e-05,45450.9522,45450.9522,6.79206247e-10,504075,0.027835208,0.052612083,0.00191850006,0.2554775,0.0553312079,0.000261875102,0.042185875,0.448150208
919,459.5,919,6.25541476,0.0444528447,0.140940883,2.14474817e-06,2,0,9179,44656,7864,1418,0,168,0,0,6.58828991e-10,2.37483366e-10,0,1,0,0,0,1,7864,179.5,2.99930535,4.17307356,4.1724383,2.67025988,-0.000152228934,0.391346689,-0.109707226,0,0,0.000261532721,0,2226,derived,0,0,0,0,0,0,0,0,0,0,0.000625729923,0,813,0,0,0,6.352604e-05,45590.3855,45590.3855,-9.62532609e-10,504103,0.027969916,0.052049833,0.00185804197,0.25485875,0.055145541,0.000297624967,0.0424518329,0.446971625
920,460,920,6.23320226,0.0443972055,0.140723521,2.13944182e-06,2,0,9179,44656,7864,1418,0,168,0,0,6.58828991e-10,4.38306613e-10,0,1,0,0,0,1,7864,179.5,2.99922235,4.17295806,4.17232281,2.67018597,-0.000152228934,0.39134668,-0.109707232,0,0,0.000261532721,0,2226,derived,0,0,0,0,0,0,0,0,0,0,0.000625729923,0,813,0,0,0,6.3526039e-05,45730.0709,45730.0709,9.47389722e-10,504123,0.030315667,0.052410209,0.00173949997,0.256089333,0.0555219591,0.000254834071,0.0418245409,0.450846625
921,460.5,921,6.21101754,0.044341734,0.140506879,2.13415521e-06,2,0,9179,44656,7864,1418,0,168,0,0,6.58828769e-10,5.2128013e-10,0,1,0,0,0,1,7864,179.5,2.99914331,4.17284808,4.17221285,2.67011559,-0.000152228934,0.391346677,-0.109707233,0,0,0.000261532721,0,2226,derived,0,0,0,0,0,0,0,0,0,0,0.000625729923,0,813,0,0,0,6.35260379e-05,45870.0089,45870.0089,7.0731887e-10,504127,0.0282990839,0.0522243751,0.00191895803,0.255586167,0.05529775,0.000262542046,0.0423429591,0.448513875
922,461,922,6.18886051,0.0442864279,0.140290949,2.12889507e-06,2,0,9179,44656,7864,1418,0,168,0,0,6.58828769e-10,3.24352767e-11,0,1,0,0,0,1,7864,179.5,2.99905838,4.17272995,4.17209474,2.67004001,-0.000152228934,0.391346689,-0.109707226,0,0,0.000261532721,0,2226,derived,0,0,0,0,0,0,0,0,0,0,0.000625729923,0,813,0,0,0,6.35260369e-05,46010.0174,46010.0174,-6.80865697e-10,504112,0.0276481671,0.053019834,0.0021158749,0.255837875,0.055944709,0.000252667,0.0419348751,0.449064208
923,461.5,923,6.16673108,0.044231303,0.140075779,2.12366115e-06,2,0,9179,44656,7864,1418,0,168,0,0,6.58828769e-10,5.25603339e-10,0,1,0,0,0,1,7864,179.5,2.99896997,4.17260692,4.17197173,2.66996128,-0.000152228934,0.391346683,-0.10970723,0,0,0.000261532721,0,2226,derived,0,0,0,0,0,0,0,0,0,0,0.000625729923,0,813,0,0,0,6.35260359e-05,46150.0973,46150.0973,-1.50352175e-10,504036,0.028409,0.05272375,0.00200320804,0.254539708,0.05561025,0.000264250091,0.041933084,0.448302625
924,462,924,6.14462918,0.0441763533,0.139861351,2.11844658e-06,2,0,9179,44656,7864,1418,0,168,0,0,6.58828991e-10,6.15615559e-10,0,1,0,0,0,1,7864,179.5,2.99888686,4.17249128,4.17185611,2.66988729,-0.000152228934,0.391346683,-0.10970723,0,0,0.000261532721,0,2226,derived,0,0,0,0,0,0,0,0,0,0,0.000625729923,0,813,0,0,0,6.35260348e-05,46290.4287,46290.4287,2.36152209e-10,504035,0.02829525,0.051866292,0.00179195905,0.254625333,0.0556238331,0.000254333019,0.041942792,0.447103292
925,462.5,925,6.12255471,0.044121571,0.139647638,2.11325127e-06,2,0,9179,44656,7864,1418,0,168,0,0,6.58828769e-10,2.42542209e-10,0,1,0,0,0,1,7864,179.5,2.99880805,4.17238165,4.1717465,2.66981714,-0.000152228934,0.391346688,-0.109707227,0,0,0.000261532721,0,2226,derived,0,0,0,0,0,0,0,0,0,0,0.000625729923,0,813,0,0,0,6.35260338e-05,46431.0119,46431.0119,-6.37960906e-10,504005,0.027631041,0.0519798329,0.0017912091,0.254522708,0.055216625,0.000257875072,0.0425297499,0.446422833
926,463,926,6.10050759,0.0440669496,0.139434619,2.10807511e-06,2,0,9179,44656,7864,1418,0,168,0,0,6.58828991e-10,7.10203008e-11,0,1,0,0,0,1,7864,179.5,2.99873279,4.17227693,4.17164179,2.66975013,-0.000152228934,0.391346686,-0.109707228,0,0,0.000261532721,0,2226,derived,0,0,0,0,0,0,0,0,0,0,0.000625729923,0,813,0,0,0,6.35260328e-05,46571.847,46571.847,-1.31380462e-11,503875,0.029053083,0.0524599579,0.00202850008,0.255771166,0.0557587501,0.000254667015,0.0424127079,0.450300667
927,463.5,927,6.07848774,0.0440124975,0.139222318,2.10293097e-06,2,0,9179,44656,7864,1418,0,168,0,0,6.58828991e-10,3.25420468e-10,0,1,0,0,0,1,7864,179.5,2.99864382,4.17215314,4.17151802,2.66967092,-0.000152228934,0.391346687,-0.109707227,0,0,0.000261532721,0,2226,derived,0,0,0,0,0,0,0,0,0,0,0.000625729923,0,813,0,0,0,6.35260318e-05,46712.5788,46712.5788,-2.1371549e-10,503773,0.0280536669,0.051902625,0.00184308295,0.254973459,0.0559205001,0.00026016694,0.042311291,0.448067292
928,464,928,6.05649507,0.0439582218,0.139010757,2.09780601e-06,2,0,9179,44656,7864,1418,0,168,0,0,6.58828769e-10,5.20913312e-10,0,1,0,0,0,1,7864,179.5,2.99856026,4.17203686,4.17140176,2.66959651,-0.000152228934,0.391346681,-0.109707231,0,0,0.000261532721,0,2226,derived,0,0,0,0,0,0,0,0,0,0,0.000625729923,0,813,0,0,0,6.35260308e-05,46853.5529,46853.5529,7.40951522e-10,503775,0.027415167,0.052481625,0.00173766597,0.254708041,0.0556312919,0.000269624987,0.042576459,0.447450042
929,464.5,929,6.03452949,0.0439041137,0.138799907,2.09269983e-06,2,0,9179,44656,7864,1418,0,168,0,0,6.58828769e-10,6.57851773e-10,0,1,0,0,0,1,7864,179.5,2.99848142,4.17192717,4.17129208,2.66952633,-0.000152228934,0.391346679,-0.109707232,0,0,0.000261532721,0,2226,derived,0,0,0,0,0,0,0,0,0,0,0.000625729923,0,813,0,0,0,6.35260298e-05,46994.7781,46994.7781,-9.52600998e-10,503703,0.0280227921,0.0531229171,0.00200924999,0.25566275,0.0552426251,0.000256582978,0.042954458,0.4495155
930,465,930,6.01259093,0.043850166,0.138589746,2.08761234e-06,2,0,9179,44656,7864,1418,0,168,0,0,6.58828991e-10,7.36583794e-10,0,1,0,0,0,1,7864,179.5,2.99840643,4.17182284,4.17118777,2.66945957,-0.000152228934,0.391346686,-0.109707228,0,0,0.000261532721,0,2226,derived,0,0,0,0,0,0,0,0,0,0,0.000625729923,0,813,0,0,0,6.35260288e-05,47136.2544,47136.2544,-2.71959233e-10,503824,0.0283888329,0.0524616659,0.00180241698,0.255154416,0.0558153329,0.000253750011,0.042415167,0.448954458
931,465.5,931,5.99067931,0.0437963758,0.138380261,2.08254898e-06,2,0,9179,44656,7864,1418,0,168,0,0,6.58828991e-10,7.57448881e-10,0,1,0,0,0,1,7864,179.5,2.998327,4.17171233,4.17107727,2.66938885,-0.000152228934,0.391346683,-0.10970723,0,0,0.000261532721,0,2226,derived,0,0,0,0,0,0,0,0,0,0,0.000625729923,0,813,0,0,0,6.35260278e-05,47277.827,47277.827,1.01309294e-09,503835,0.027394166,0.0522932501,0.00209716707,0.254924375,0.055523833,0.000259874971,0.0426306251,0.448099291
932,466,932,5.96879454,0.0437427583,0.1381715,2.07751152e-06,2,0,9179,44656,7864,1418,0,168,0,0,6.58828991e-10,7.20741911e-10,0,1,0,0,0,1,7864,179.5,2.99824255,4.17159482,4.17095978,2.66931366,-0.000152228934,0.391346682,-0.10970723,0,0,0.000261532721,0,2226,derived,0,0,0,0,0,0,0,0,0,0,0.000625729923,0,813,0,0,0,6.35260268e-05,47419.4408,47419.4408,-1.00940645e-09,503904,0.02778375,0.0531403749,0.00180387497,0.255636167,0.0551785,0.00027079205,0.043023334,0.449274084
933,466.5,933,5.94693653,0.0436893093,0.137963449,2.07249238e-06,2,0,9179,44656,7864,1418,0,168,0,0,6.58828769e-10,6.26751095e-10,0,1,0,0,0,1,7864,179.5,2.99816333,4.17148459,4.17084957,2.66924313,-0.000152228934,0.39134668,-0.109707232,0,0,0.000261532721,0,2226,derived,0,0,0,0,0,0,0,0,0,0,0.000625729923,0,813,0,0,0,6.35260258e-05,47561.3047,47561.3047,-8.48474402e-10,503919,0.029383917,0.0515949159,0.00182116707,0.254775708,0.05579575,0.000260874978,0.04294325,0.449023042
934,467,934,5.92510521,0.0436360209,0.137756083,2.06749148e-06,2,0,9179,44656,7864,1418,0,168,0,0,6.58828991e-10,4.75817941e-10,0,1,0,0,0,1,7864,179.5,2.99808833,4.17138027,4.17074527,2.66917638,-0.000152228934,0.39134669,-0.109707226,0,0,0.000261532721,0,2226,derived,0,0,0,0,0,0,0,0,0,0,0.000625729923,0,813,0,0,0,6.35260248e-05,47703.419,47703.419,3.23381766e-10,503860,0.027208208,0.0525243341,0.00176762498,0.253409875,0.0554579999,0.000254707993,0.043046042,0.446204417
935,467.5,935,5.90330049,0.0435828867,0.137549379,2.06250872e-06,2,0,9179,44656,7864,1418,0,168,0,0,6.58828991e-10,2.68274292e-10,0,1,0,0,0,1,7864,179.5,2.99801681,4.17128076,4.17064577,2.6691127,-0.000152228934,0.391346688,-0.109707227,0,0,0.000261532721,0,2226,derived,0,0,0,0,0,0,0,0,0,0,0.000625729923,0,813,0,0,0,6.35260238e-05,47845.784,47845.784,9.22641963e-10,503894,0.0274985411,0.052616125,0.00174791692,0.253729208,0.055853666,0.000259499997,0.04272425,0.446711625
936,468,936,5.8815223,0.043529912,0.137343353,2.05755478e-06,2,0,9179,44656,7864,1418,0,168,0,0,6.58828769e-10,4.44622117e-12,0,1,0,0,0,1,7864,179.5,2.99793385,4.1711653,4.17053033,2.66903882,-0.000152228934,0.391346679,-0.109707232,0,0,0.000261532721,0,2226,derived,0,0,0,0,0,0,0,0,0,0,0.000625729923,0,813,0,0,0,6.35260228e-05,47988.0895,47988.0895,-5.37556222e-10,503963,0.0279636669,0.051856583,0.00184120797,0.25452175,0.0561625409,0.000273249927,0.042297209,0.447466792
937,468.5,937,5.85977055,0.0434771069,0.137138036,2.05262066e-06,2,0,9179,44656,7864,1418,0,168,0,0,6.58828991e-10,3.15418802e-10,0,1,0,0,0,1,7864,179.5,2.99785382,4.17105397,4.17041902,2.66896758,-0.000152228934,0.391346683,-0.10970723,0,0,0.000261532721,0,2226,derived,0,0,0,0,0,0,0,0,0,0,0.000625729923,0,813,0,0,0,6.35260218e-05,48130.589,48130.589,6.53012311e-10,503855,0.0278405,0.052482583,0.00172974996,0.254065833,0.055761375,0.000258625019,0.041879083,0.446782542
938,469,938,5.83804517,0.0434244633,0.136933402,2.04770432e-06,2,0,9179,44656,7864,1418,0,168,0,0,6.58828769e-10,6.91001478e-10,0,1,0,0,0,1,7864,179.5,2.99777853,4.1709492,4.17031427,2.66890055,-0.000152228934,0.39134668,-0.109707232,0,0,0.000261532721,0,2226,derived,0,0,0,0,0,0,0,0,0,0,0.000625729923,0,813,0,0,0,6.35260208e-05,48273.3383,48273.3383,-6.76954381e-10,503822,0.028091792,0.053067291,0.00171704206,0.254478333,0.055772958,0.000262542046,0.0425516251,0.448691292
939,469.5,939,5.81634607,0.0433719739,0.136729426,2.04280569e-06,2,0,9179,44656,7864,1418,0,168,0,0,6.58828991e-10,4.52181403e-10,0,1,0,0,0,1,7864,179.5,2.99770704,4.17084976,4.17021483,2.66883691,-0.000152228934,0.391346686,-0.109707228,0,0,0.000261532721,0,2226,derived,0,0,0,0,0,0,0,0,0,0,0.000625729923,0,813,0,0,0,6.35260199e-05,48416.3374,48416.3374,3.17623039e-10,503894,0.028817083,0.051871791,0.00169004197,0.256243834,0.0555396669,0.000258499989,0.0421261251,0.448822625
940,470,940,5.79467318,0.043319634,0.136526094,2.03792774e-06,2,0,9179,44656,7864,1418,0,168,0,0,6.58828991e-10,3.38671313e-11,0,1,0,0,0,1,7864,179.5,2.99763431,4.17074854,4.17011364,2.66877215,-0.000152228934,0.391346682,-0.109707231,0,0,0.000261532721,0,2226,derived,0,0,0,0,0,0,0,0,0,0,0.000625729923,0,813,0,0,0,6.35260189e-05,48559.4966,48559.4966,-3.71619291e-10,503772,0.0274871249,0.0525615839,0.00178087491,0.2553195,0.05576375,0.000264166971,0.042393208,0.44826075
941,470.5,941,5.77302641,0.0432674576,0.136323446,2.03307665e-06,2,0,9179,44656,7864,1418,0,168,0,0,6.58828769e-10,5.74698289e-10,0,1,0,0,0,1,7864,179.5,2.997553,4.17063544,4.17000055,2.66869978,-0.000152228934,0.391346688,-0.109707227,0,0,0.000261532721,0,2226,derived,0,0,0,0,0,0,0,0,0,0,0.000625729923,0,813,0,0,0,6.35260179e-05,48702.6287,48702.6287,-2.15485518e-10,503696,0.027756209,0.0519644581,0.0018256671,0.254525208,0.054909459,0.00025237503,0.0428164579,0.446246209
942,471,942,5.7514057,0.043215444,0.136121481,2.02824293e-06,2,0,9179,44656,7864,1418,0,168,0,0,6.58828769e-10,4.04097311e-10,0,1,0,0,0,1,7864,179.5,2.997477,4.17052968,4.16989481,2.6686321,-0.000152228934,0.391346686,-0.109707228,0,0,0.000261532721,0,2226,derived,0,0,0,0,0,0,0,0,0,0,0.000625729923,0,813,0,0,0,6.3526017e-05,48846.0097,48846.0097,-4.08270084e-11,503717,0.027607083,0.05278675,0.00203620899,0.25497875,0.055341625,0.000264333095,0.042681833,0.448397792
943,471.5,943,5.72981095,0.0431635853,0.135920174,2.02342649e-06,2,0,9179,44656,7864,1418,0,168,0,0,6.58828769e-10,2.45475418e-10,0,1,0,0,0,1,7864,179.5,2.99740527,4.17042986,4.169795,2.66856823,-0.000152228934,0.391346677,-0.109707233,0,0,0.000261532721,0,2226,derived,0,0,0,0,0,0,0,0,0,0,0.000625729923,0,813,0,0,0,6.3526016e-05,48989.6399,48989.6399,-9.83210402e-10,503611,0.0277608329,0.052193375,0.00175704097,0.255054666,0.055687,0.00025212497,0.042997083,0.448075041
944,472,944,5.70824209,0.0431118752,0.135719502,2.01862724e-06,2,0,9179,44656,7864,1418,0,168,0,0,6.58828991e-10,6.25210661e-10,0,1,0,0,0,1,7864,179.5,2.99733696,4.17033486,4.16970001,2.66850744,-0.000152228934,0.391346688,-0.109707226,0,0,0.000261532721,0,2226,derived,0,0,0,0,0,0,0,0,0,0,0.000625729923,0,813,0,0,0,6.35260151e-05,49133.5194,49133.5194,-5.21277133e-10,503624,0.0277784159,0.052968125,0.00180908397,0.255032541,0.055720708,0.000259374967,0.042511042,0.448728791
945,472.5,945,5.68669906,0.0430603137,0.135519465,2.01385261e-06,2,0,9179,44656,7864,1418,0,168,0,0,6.58828991e-10,1.31853639e-10,0,1,0,0,0,1,7864,179.5,2.99726105,4.17022922,4.16959439,2.66843984,-0.000152228934,0.391346685,-0.109707229,0,0,0.000261532721,0,2226,derived,0,0,0,0,0,0,0,0,0,0,0.000625729923,0,813,0,0,0,6.35260141e-05,49277.4213,49277.4213,4.10291356e-10,503630,0.027704959,0.0521738341,0.002297375,0.257423,0.0553562089,0.000258582993,0.043604625,0.4515725
946,473,946,5.66518176,0.0430089154,0.135320107,2.0090996e-06,2,0,9179,44656,7864,1418,0,168,0,0,6.58828991e-10,6.31894981e-10,0,1,0,0,0,1,7864,179.5,2.99718388,4.17012183,4.16948702,2.66837113,-0.000152228934,0.391346677,-0.109707234,0,0,0.000261532721,0,2226,derived,0,0,0,0,0,0,0,0,0,0,0.000625729923,0,813,0,0,0,6.35260132e-05,49421.431,49421.431,6.29684305e-10,503603,0.028098625,0.0517039171,0.00184641604,0.258090792,0.0558950839,0.000257250038,0.042749875,0.450967542
947,473.5,947,5.64369012,0.0429576733,0.135121407,2.00436346e-06,2,0,9179,44656,7864,1418,0,168,0,0,6.58828991e-10,2.31579866e-10,0,1,0,0,0,1,7864,179.5,2.99711147,4.17002112,4.16938632,2.66830668,-0.000152228934,0.391346689,-0.109707226,0,0,0.000261532721,0,2226,derived,0,0,0,0,0,0,0,0,0,0,0.000625729923,0,813,0,0,0,6.35260122e-05,49565.6891,49565.6891,2.59067656e-10,503601,0.0275120001,0.05243025,0.00175041601,0.254857625,0.055338792,0.000261334004,0.043049125,0.447477875
948,474,948,5.62222407,0.0429065803,0.134923341,1.9996441e-06,2,0,9179,44656,7864,1418,0,168,0,0,6.58828991e-10,4.26343849e-10,0,1,0,0,0,1,7864,179.5,2.99704298,4.16992581,4.16929103,2.6682457,-0.000152228934,0.391346681,-0.109707231,0,0,0.000261532721,0,2226,derived,0,0,0,0,0,0,0,0,0,0,0.000625729923,0,813,0,0,0,6.35260113e-05,49710.1958,49710.1958,-1.77293735e-11,503730,0.0276296251,0.051848792,0.00184674992,0.255192333,0.055772583,0.000263374997,0.042513708,0.447319875
949,474.5,949,5.60078352,0.0428556306,0.13472589,1.99494144e-06,2,0,9179,44656,7864,1418,0,168,0,0,6.58828991e-10,5.42350609e-10,0,1,0,0,0,1,7864,179.5,2.99697762,4.16983488,4.16920011,2.66818751,-0.000152228934,0.391346684,-0.109707229,0,0,0.000261532721,0,2226,derived,0,0,0,0,0,0,0,0,0,0,0.000625729923,0,813,0,0,0,6.35260103e-05,49854.9513,49854.9513,8.79885054e-11,503777,0.027663917,0.0531083749,0.00198149995,0.253947916,0.055644917,0.000270750024,0.0429928331,0.448252292
950,475,950,5.57936842,0.0428048322,0.134529076,1.99026687e-06,2,0,9179,44656,7864,1418,0,168,0,0,6.58828991e-10,1.0946577e-11,0,1,0,0,0,1,7864,179.5,2.99689936,4.16972597,4.16909122,2.66811783,-0.000152228934,0.391346682,-0.10970723,0,0,0.000261532721,0,2226,derived,0,0,0,0,0,0,0,0,0,0,0.000625729923,0,813,0,0,0,6.35260094e-05,49999.6002,49999.6002,-8.49313286e-10,503807,0.026167042,0.051371333,0.00179791695,0.255730875,0.055594292,0.000251792022,0.0418713329,0.444980875
951,475.5,951,5.55797867,0.0427541923,0.134332922,1.9856092e-06,2,0,9179,44656,7864,1418,0,168,0,0,6.58828991e-10,5.12291098e-10,0,1,0,0,0,1,7864,179.5,2.99682587,4.16962373,4.168989,2.66805241,-0.000152228934,0.391346681,-0.109707231,0,0,0.000261532721,0,2226,derived,0,0,0,0,0,0,0,0,0,0,0.000625729923,0,813,0,0,0,6.35260085e-05,50144.4831,50144.4831,5.61653835e-10,503694,0.0280187089,0.052664792,0.00216158305,0.2543555,0.0553296671,0.000266417046,0.042385666,0.447769875
952,476,952,5.53661421,0.0427037026,0.134137403,1.98096791e-06,2,0,9179,44656,7864,1418,0,168,0,0,6.58828991e-10,6.12177864e-10,0,1,0,0,0,1,7864,179.5,2.99675677,4.16952761,4.16889288,2.66799089,-0.000152228934,0.391346689,-0.109707226,0,0,0.000261532721,0,2226,derived,0,0,0,0,0,0,0,0,0,0,0.000625729923,0,813,0,0,0,6.35260075e-05,50289.6139,50289.6139,6.25273611e-10,503745,0.0272157921,0.052327333,0.00188779202,0.255759416,0.055741292,0.000255665975,0.0417378331,0.44747525
953,476.5,953,5.51527495,0.0426533567,0.133942496,1.97634293e-06,2,0,9179,44656,7864,1418,0,168,0,0,6.58828991e-10,2.13849383e-10,0,1,0,0,0,1,7864,179.5,2.99669123,4.16943641,4.1688017,2.66793254,-0.000152228934,0.391346689,-0.109707226,0,0,0.000261532721,0,2226,derived,0,0,0,0,0,0,0,0,0,0,0.000625729923,0,813,0,0,0,6.35260066e-05,50434.9928,50434.9928,-1.63116187e-10,503751,0.0282262501,0.051550666,0.00212641701,0.25542375,0.055434125,0.00027054199,0.041677375,0.447480417
954,477,954,5.49396083,0.0426031504,0.133748187,1.97173749e-06,2,0,9179,44656,7864,1418,0,168,0,0,6.58828769e-10,1.33406397e-10,0,1,0,0,0,1,7864,179.5,2.99662369,4.16934246,4.16870776,2.66787242,-0.000152228934,0.39134669,-0.109707226,0,0,0.000261532721,0,2226,derived,0,0,0,0,0,0,0,0,0,0,0.000625729923,0,813,0,0,0,6.35260057e-05,50580.5151,50580.5151,5.96740435e-10,503636,0.027237209,0.052083291,0.00184412498,0.254450375,0.055738625,0.00026016694,0.042148208,0.446474375
955,477.5,955,5.47267178,0.0425530978,0.133554519,1.96715651e-06,2,0,9179,44656,7864,1418,0,168,0,0,6.58828769e-10,4.2984738e-10,0,1,0,0,0,1,7864,179.5,2.99654858,4.16923792,4.16860325,2.66780553,-0.000152228934,0.391346683,-0.10970723,0,0,0.000261532721,0,2226,derived,0,0,0,0,0,0,0,0,0,0,0.000625729923,0,813,0,0,0,6.35260048e-05,50726.02,50726.02,-2.09599338e-10,503731,0.0309167079,0.052347792,0.00174099999,0.255514375,0.055688292,0.000270750024,0.0420214171,0.4511805
956,478,956,5.45140771,0.0425031976,0.133361488,1.96259153e-06,2,0,9179,44656,7864,1418,0,168,0,0,6.58828991e-10,6.75704936e-10,0,1,0,0,0,1,7864,179.5,2.99647846,4.16914036,4.1685057,2.66774311,-0.000152228934,0.391346684,-0.109707229,0,0,0.000261532721,0,2226,derived,0,0,0,0,0,0,0,0,0,0,0.000625729923,0,813,0,0,0,6.35260039e-05,50871.7719,50871.7719,-5.48716628e-12,503675,0.02782275,0.0517645,0.00184487505,0.256679917,0.0552525839,0.000253459089,0.042191125,0.448492458
957,478.5,957,5.43016856,0.0424534422,0.133169069,1.95804248e-06,2,0,9179,44656,7864,1418,0,168,0,0,6.58828991e-10,7.02891079e-10,0,1,0,0,0,1,7864,179.5,2.99641238,4.16904842,4.16841377,2.66768428,-0.000152228934,0.391346681,-0.109707231,0,0,0.000261532721,0,2226,derived,0,0,0,0,0,0,0,0,0,0,0.000625729923,0,813,0,0,0,6.35260029e-05,51017.7711,51017.7711,-4.13685752e-11,503519,0.027689541,0.0527732921,0.00196700008,0.25485075,0.055896375,0.000253167003,0.0426068329,0.4490015
958,479,958,5.40895425,0.0424038256,0.132977242,1.95350927e-06,2,0,9179,44656,7864,1418,0,168,0,0,6.58828991e-10,5.57341062e-10,0,1,0,0,0,1,7864,179.5,2.99634955,4.16896102,4.16832638,2.66762835,-0.000152228934,0.391346687,-0.109707227,0,0,0.000261532721,0,2226,derived,0,0,0,0,0,0,0,0,0,0,0.000625729923,0,813,0,0,0,6.3526002e-05,51164.0178,51164.0178,-1.6691093e-12,503528,0.027791917,0.051651667,0.00182070793,0.253986875,0.055309708,0.000254709041,0.041943375,0.445355417
959,479.5,959,5.38776472,0.0423543476,0.132786006,1.94899842e-06,2,0,9179,44656,7864,1418,0,168,0,0,6.58828991e-10,4.61526595e-10,0,1,0,0,0,1,7864,179.5,2.99627987,4.16886407,4.16822945,2.66756632,-0.000152228934,0.391346687,-0.109707227,0,0,0.000261532721,0,2226,derived,0,0,0,0,0,0,0,0,0,0,0.000625729923,0,813,0,0,0,6.35260011e-05,51310.2979,51310.2979,9.02078856e-10,503494,0.027408791,0.051855542,0.00227912504,0.255049709,0.055353709,0.00026154099,0.042299708,0.446834583
960,480,960,5.36659989,0.0423050224,0.132595403,1.94450804e-06,2,0,9179,44656,7864,1418,0,168,0,0,6.58828991e-10,4.15221635e-10,0,1,0,0,0,1,7864,179.5,2.99620821,4.16876434,4.16812974,2.6675025,-0.000152228934,0.39134668,-0.109707232,0,0,0.000261532721,0,2226,derived,0,0,0,0,0,0,0,0,0,0,0.000625729923,0,813,0,0,0,6.35260002e-05,51456.668,51456.668,-1.38304923e-10,503458,0.02743675,0.052612292,0.00175733306,0.255922875,0.0553825831,0.00025416608,0.042688709,0.448712417
961,480.5,961,5.34545968,0.042255844,0.132405416,1.94003321e-06,2,0,9179,44656,7864,1418,0,168,0,0,6.58828991e-10,4.18177049e-10,0,1,0,0,0,1,7864,179.5,2.99614115,4.16867105,4.16803646,2.66744281,-0.000152228934,0.391346684,-0.109707229,0,0,0.000261532721,0,2226,derived,0,0,0,0,0,0,0,0,0,0,0.000625729923,0,813,0,0,0,6.35259993e-05,51603.2845,51603.2845,9.43833234e-10,503413,0.028331458,0.051927584,0.00182479201,0.255014458,0.0558504161,0.00025808299,0.0424087089,0.447966416
962,481,962,5.32434402,0.0422068054,0.13221602,1.93557385e-06,2,0,9179,44656,7864,1418,0,168,0,0,6.58828991e-10,4.70116168e-10,0,1,0,0,0,1,7864,179.5,2.99607784,4.16858295,4.16794838,2.66738643,-0.000152228934,0.391346679,-0.109707232,0,0,0.000261532721,0,2226,derived,0,0,0,0,0,0,0,0,0,0,0.000625729923,0,813,0,0,0,6.35259984e-05,51750.1478,51750.1478,8.04900369e-10,503458,0.0277260001,0.0519725831,0.00169166701,0.254658125,0.055776084,0.000264458009,0.042628792,0.447529875
963,481.5,963,5.30325286,0.0421579012,0.132027199,1.9311299e-06,2,0,9179,44656,7864,1418,0,168,0,0,6.58828769e-10,5.70766767e-10,0,1,0,0,0,1,7864,179.5,2.99601753,4.16849904,4.16786448,2.66733274,-0.000152228934,0.391346678,-0.109707233,0,0,0.000261532721,0,2226,derived,0,0,0,0,0,0,0,0,0,0,0.000625729923,0,813,0,0,0,6.35259975e-05,51897.2581,51897.2581,-3.7806247e-10,503393,0.027542708,0.051401666,0.00181004102,0.254664917,0.055599666,0.000258749933,0.042677125,0.446420166
964,482,964,5.28218611,0.0421091364,0.131838965,1.92671071e-06,2,0,9179,44656,7864,1418,0,168,0,0,6.58828991e-10,7.19863058e-10,0,1,0,0,0,1,7864,179.5,2.99594634,4.1684,4.16776545,2.66726937,-0.000152228934,0.391346681,-0.109707231,0,0,0.000261532721,0,2226,derived,0,0,0,0,0,0,0,0,0,0,0.000625729923,0,813,0,0,0,6.35259966e-05,52044.3007,52044.3007,-8.08653922e-10,503504,0.0276905419,0.0525254169,0.00173029199,0.255802417,0.055450792,0.000253124977,0.0428817921,0.449048417
965,482.5,965,5.2611437,0.042060521,0.131651351,1.92230845e-06,2,0,9179,44656,7864,1418,0,168,0,0,6.58828991e-10,6.56953048e-10,0,1,0,0,0,1,7864,179.5,2.9958778,4.16830463,4.16767009,2.66720834,-0.000152228934,0.391346679,-0.109707232,0,0,0.000261532721,0,2226,derived,0,0,0,0,0,0,0,0,0,0,0.000625729923,0,813,0,0,0,6.35259958e-05,52191.5316,52191.5316,6.00250738e-10,503495,0.027972,0.051513042,0.00178662501,0.255546958,0.055591333,0.000250542071,0.0424048329,0.447450333
966,483,966,5.24012557,0.0420120473,0.131464332,1.9179213e-06,2,0,9179,44656,7864,1418,0,168,0,0,6.58828991e-10,4.11625733e-10,0,1,0,0,0,1,7864,179.5,2.99581354,4.16821524,4.16758072,2.66715114,-0.000152228934,0.391346688,-0.109707227,0,0,0.000261532721,0,2226,derived,0,0,0,0,0,0,0,0,0,0,0.000625729923,0,813,0,0,0,6.35259949e-05,52339.0086,52339.0086,-6.54011401e-10,503593,0.0272189999,0.052309458,0.00191074994,0.255405417,0.055727833,0.000254791928,0.042741042,0.448523292
967,483.5,967,5.21913164,0.0419637088,0.131277886,1.9135492e-06,2,0,9179,44656,7864,1418,0,168,0,0,6.58828991e-10,1.18580257e-10,0,1,0,0,0,1,7864,179.5,2.99575276,4.16813068,4.16749617,2.66709703,-0.000152228934,0.391346689,-0.109707226,0,0,0.000261532721,0,2226,derived,0,0,0,0,0,0,0,0,0,0,0.000625729923,0,813,0,0,0,6.3525994e-05,52486.7317,52486.7317,-3.55036667e-10,503609,0.027802125,0.052509291,0.00178745796,0.255594125,0.055572167,0.000255792052,0.0426926659,0.448867292
968,484,968,5.19816184,0.0419155007,0.131091996,1.90919304e-06,2,0,9179,44656,7864,1418,0,168,0,0,6.58828991e-10,2.21922036e-10,0,1,0,0,0,1,7864,179.5,2.99569328,4.16804792,4.16741342,2.66704407,-0.000152228934,0.391346685,-0.109707228,0,0,0.000261532721,0,2226,derived,0,0,0,0,0,0,0,0,0,0,0.000625729923,0,813,0,0,0,6.35259931e-05,52634.6685,52634.6685,-1.1410739e-10,503644,0.027949708,0.0516627911,0.00176383392,0.255312958,0.0557552499,0.000264749979,0.042138375,0.447237833
969,484.5,969,5.17721612,0.0418674336,0.130906697,1.90486174e-06,2,0,9179,44656,7864,1418,0,168,0,0,6.58828769e-10,6.09631678e-10,0,1,0,0,0,1,7864,179.5,2.9956226,4.16794955,4.16731506,2.66698113,-0.000152228934,0.391346677,-0.109707234,0,0,0.000261532721,0,2226,derived,0,0,0,0,0,0,0,0,0,0,0.000625729923,0,813,0,0,0,6.35259922e-05,52782.511,52782.511,-2.54574806e-10,503625,0.0289183749,0.0523747909,0.00174062501,0.255379584,0.055376458,0.000261249952,0.0424867501,0.449301084
970,485,970,5.15629439,0.0418195111,0.130721997,1.9005452e-06,2,0,9179,44656,7864,1418,0,168,0,0,6.58828991e-10,5.29800315e-10,0,1,0,0,0,1,7864,179.5,2.99555691,4.16785815,4.16722368,2.66692265,-0.000152228934,0.391346677,-0.109707233,0,0,0.000261532721,0,2226,derived,0,0,0,0,0,0,0,0,0,0,0.000625729923,0,813,0,0,0,6.35259914e-05,52930.5987,52930.5987,-9.08824904e-10,503566,0.0282062499,0.052602583,0.00191387499,0.254809417,0.056027459,0.000265124952,0.0426513749,0.448760666
971,485.5,971,5.13539659,0.0417717257,0.130537873,1.89624337e-06,2,0,9179,44656,7864,1418,0,168,0,0,6.58828991e-10,4.83200147e-11,0,1,0,0,0,1,7864,179.5,2.99549523,4.16777235,4.16713789,2.66686775,-0.000152228934,0.391346681,-0.109707231,0,0,0.000261532721,0,2226,derived,0,0,0,0,0,0,0,0,0,0,0.000625729923,0,813,0,0,0,6.35259905e-05,53078.9317,53078.9317,4.6452886e-10,503573,0.0271925409,0.05250375,0.00190841698,0.254841417,0.055630833,0.000258124899,0.0418037911,0.446589583
972,486,972,5.11452265,0.0417240713,0.130354305,1.89195617e-06,2,0,9179,44656,7864,1418,0,168,0,0,6.58828769e-10,4.79657425e-10,0,1,0,0,0,1,7864,179.5,2.9954368,4.16769105,4.1670566,2.66681572,-0.000152228934,0.39134668,-0.109707232,0,0,0.000261532721,0,2226,derived,0,0,0,0,0,0,0,0,0,0,0.000625729923,0,813,0,0,0,6.35259896e-05,53227.5104,53227.5104,3.40363515e-10,503508,0.028071208,0.051644625,0.00174475007,0.254995791,0.055663917,0.000274082995,0.041719208,0.446501333
973,486.5,973,5.0936725,0.0416765445,0.130171282,1.88768679e-06,2,0,9179,44656,7864,1418,0,168,0,0,6.58828769e-10,5.20278598e-10,0,1,0,0,0,1,7864,179.5,2.99537599,4.16760645,4.16697202,2.66676159,-0.000152228934,0.391346683,-0.10970723,0,0,0.000261532721,0,2226,derived,0,0,0,0,0,0,0,0,0,0,0.000625729923,0,813,0,0,0,6.35259888e-05,53376.2214,53376.2214,7.95949973e-11,503479,0.0276389581,0.0533485,0.00197241607,0.2556405,0.055551125,0.000254416955,0.041999583,0.448981792
974,487,974,5.07284608,0.041629159,0.129988844,1.88343931e-06,2,0,9179,44656,7864,1418,0,168,0,0,6.58828769e-10,9.99647032e-11,0,1,0,0,0,1,7864,179.5,2.99530822,4.16751213,4.16687772,2.66670124,-0.000152228934,0.391346676,-0.109707234,0,0,0.000261532721,0,2226,derived,0,0,0,0,0,0,0,0,0,0,0.000625729923,0,813,0,0,0,6.35259879e-05,53524.9169,53524.9169,6.05023143e-10,503461,0.028216209,0.051812834,0.00175791699,0.255067583,0.055579958,0.000272333971,0.042487,0.447631584
975,487.5,975,5.05204332,0.0415819132,0.129806987,1.87920621e-06,2,0,9179,44656,7864,1418,0,168,0,0,6.58828991e-10,7.66027242e-10,0,1,0,0,0,1,7864,179.5,2.99524514,4.16742438,4.16678998,2.66664509,-0.000152228934,0.391346677,-0.109707234,0,0,0.000261532721,0,2226,derived,0,0,0,0,0,0,0,0,0,0,0.000625729923,0,813,0,0,0,6.3525987e-05,53673.8571,53673.8571,-3.34197003e-10,503378,0.027116583,0.051969875,0.00179070898,0.254430041,0.055333375,0.00025587494,0.042991291,0.446560666
976,488,976,5.03126415,0.0415348003,0.129625689,1.8749874e-06,2,0,9179,44656,7864,1418,0,168,0,0,6.58828991e-10,9.6504027e-11,0,1,0,0,0,1,7864,179.5,2.99518585,4.16734188,4.16670749,2.66659229,-0.000152228934,0.391346677,-0.109707234,0,0,0.000261532721,0,2226,derived,0,0,0,0,0,0,0,0,0,0,0.000625729923,0,813,0,0,0,6.35259862e-05,53823.0421,53823.0421,-3.57129881e-10,503290,0.0277711251,0.052379792,0.00189341605,0.255442917,0.055651875,0.000268709031,0.042360167,0.448309292
977,488.5,977,5.01050851,0.0414878145,0.129444931,1.87078282e-06,2,0,9179,44656,7864,1418,0,168,0,0,6.58828991e-10,6.60441479e-10,0,1,0,0,0,1,7864,179.5,2.99512956,4.16726359,4.16662922,2.6665422,-0.000152228934,0.39134669,-0.109707225,0,0,0.000261532721,0,2226,derived,0,0,0,0,0,0,0,0,0,0,0.000625729923,0,813,0,0,0,6.35259853e-05,53972.4721,53972.4721,6.62152777e-10,503277,0.027118666,0.05269075,0.00173645793,0.255036542,0.055885875,0.000250958023,0.042884583,0.448274625
978,489,978,4.98977632,0.0414409545,0.129264708,1.86659758e-06,2,0,9179,44656,7864,1418,0,168,0,0,6.58828991e-10,1.11696652e-10,0,1,0,0,0,1,7864,179.5,2.99506791,4.16717782,4.16654345,2.66648732,-0.000152228934,0.391346687,-0.109707228,0,0,0.000261532721,0,2226,derived,0,0,0,0,0,0,0,0,0,0,0.000625729923,0,813,0,0,0,6.35259845e-05,54121.9624,54121.9624,-2.56037636e-10,503243,0.0282047089,0.0529847499,0.00205137499,0.254403791,0.055776666,0.000255082967,0.0428189171,0.448800917
979,489.5,979,4.96906753,0.0413942346,0.129085063,1.8624317e-06,2,0,9179,44656,7864,1418,0,168,0,0,6.58828769e-10,7.35196348e-10,0,1,0,0,0,1,7864,179.5,2.99500279,4.16708721,4.16645285,2.66642934,-0.000152228934,0.391346687,-0.109707228,0,0,0.000261532721,0,2226,derived,0,0,0,0,0,0,0,0,0,0,0.000625729923,0,813,0,0,0,6.35259836e-05,54271.5068,54271.5068,-4.70139927e-10,503222,0.0280882911,0.05229,0.00173250004,0.254748667,0.05562875,0.000265083974,0.0423709999,0.447918916
980,490,980,4.94838207,0.0413476501,0.128905981,1.85827979e-06,2,0,9179,44656,7864,1418,0,168,0,0,6.58828991e-10,5.25925969e-11,0,1,0,0,0,1,7864,179.5,2.99494212,4.16700279,4.16636845,2.66637532,-0.000152228934,0.391346684,-0.109707229,0,0,0.000261532721,0,2226,derived,0,0,0,0,0,0,0,0,0,0,0.000625729923,0,813,0,0,0,6.35259828e-05,54421.2952,54421.2952,5.16557686e-10,503197,0.027517708,0.052453792,0.00175204198,0.25512125,0.0557349591,0.000269833021,0.0433083751,0.44843725
981,490.5,981,4.92771987,0.0413011945,0.128727442,1.85414179e-06,2,0,9179,44656,7864,1418,0,168,0,0,6.58828991e-10,5.85593685e-10,0,1,0,0,0,1,7864,179.5,2.99488503,4.16692334,4.16628901,2.66632448,-0.000152228934,0.391346679,-0.109707232,0,0,0.000261532721,0,2226,derived,0,0,0,0,0,0,0,0,0,0,0.000625729923,0,813,0,0,0,6.3525982e-05,54571.328,54571.328,-5.82037529e-10,503249,0.0279292921,0.052347042,0.00175416598,0.254426709,0.055823833,0.000264542061,0.0428680001,0.448096792
982,491,982,4.90708086,0.0412548623,0.128549428,1.85001764e-06,2,0,9179,44656,7864,1418,0,168,0,0,6.58828769e-10,3.94558386e-10,0,1,0,0,0,1,7864,179.5,2.99483079,4.16684787,4.16621355,2.66627619,-0.000152228934,0.391346677,-0.109707234,0,0,0.000261532721,0,2226,derived,0,0,0,0,0,0,0,0,0,0,0.000625729923,0,813,0,0,0,6.35259811e-05,54721.6052,54721.6052,-6.09766682e-11,503268,0.028108167,0.0517516249,0.00179604208,0.254495375,0.054957917,0.000257625012,0.0439805001,0.447803709
983,491.5,983,4.88646499,0.0412086549,0.12837194,1.845914e-06,2,0,9179,44656,7864,1418,0,168,0,0,6.58828769e-10,1.55503388e-10,0,1,0,0,0,1,7864,179.5,2.9947687,4.16676151,4.16612721,2.66622093,-0.000152228934,0.391346689,-0.109707226,0,0,0.000261532721,0,2226,derived,0,0,0,0,0,0,0,0,0,0,0.000625729923,0,813,0,0,0,6.35259803e-05,54871.88,54871.88,-5.96459993e-10,503252,0.030236291,0.052556167,0.001984125,0.25481875,0.055580875,0.000254124985,0.0432421251,0.451035083
984,492,984,4.86587219,0.0411625853,0.128195021,1.84182755e-06,2,0,9179,44656,7864,1418,0,168,0,0,6.58828991e-10,6.61804722e-10,0,1,0,0,0,1,7864,179.5,2.99470601,4.16667428,4.16604,2.66616512,-0.000152228934,0.391346685,-0.109707228,0,0,0.000261532721,0,2226,derived,0,0,0,0,0,0,0,0,0,0,0.000625729923,0,813,0,0,0,6.35259795e-05,55022.2691,55022.2691,-5.79327697e-10,503379,0.0272661659,0.052414333,0.00175858301,0.254641541,0.05591225,0.00025225,0.043304709,0.448158291
985,492.5,985,4.84530239,0.0411166471,0.128018648,1.8377547e-06,2,0,9179,44656,7864,1418,0,168,0,0,6.58828769e-10,4.49597248e-10,0,1,0,0,0,1,7864,179.5,2.99464755,4.16659294,4.16595867,2.66611307,-0.000152228934,0.391346686,-0.109707228,0,0,0.000261532721,0,2226,derived,0,0,0,0,0,0,0,0,0,0,0.000625729923,0,813,0,0,0,6.35259786e-05,55172.9017,55172.9017,-4.80080975e-10,503348,0.028067417,0.051568209,0.00184975006,0.25573375,0.055552292,0.000258625019,0.042549458,0.447985917
986,493,986,4.82475553,0.0410708341,0.127842803,1.83369538e-06,2,0,9179,44656,7864,1418,0,168,0,0,6.58828991e-10,3.01489944e-11,0,1,0,0,0,1,7864,179.5,2.99459248,4.16651631,4.16588205,2.66606403,-0.000152228934,0.391346684,-0.109707229,0,0,0.000261532721,0,2226,derived,0,0,0,0,0,0,0,0,0,0,0.000625729923,0,813,0,0,0,6.35259778e-05,55323.778,55323.778,-1.60358393e-11,503332,0.027538916,0.052863209,0.00205720798,0.255202041,0.0561033329,0.000253792037,0.042771125,0.449286375
987,493.5,987,4.80423154,0.0410251412,0.127667468,1.82964952e-06,2,0,9179,44656,7864,1418,0,168,0,0,6.58828991e-10,3.4622083e-10,0,1,0,0,0,1,7864,179.5,2.99454011,4.16644345,4.1658092,2.66601741,-0.000152228934,0.391346684,-0.109707229,0,0,0.000261532721,0,2226,derived,0,0,0,0,0,0,0,0,0,0,0.000625729923,0,813,0,0,0,6.3525977e-05,55474.8982,55474.8982,7.56186669e-10,503328,0.027272,0.052374125,0.001765833,0.257152542,0.055773917,0.000251749996,0.042490667,0.449842625
988,494,988,4.78373037,0.0409795724,0.127492655,1.82562505e-06,2,0,9179,44656,7864,1418,0,168,0,0,6.58828769e-10,6.79736489e-10,0,1,0,0,0,1,7864,179.5,2.99447805,4.16635709,4.16572285,2.66596215,-0.000152228934,0.39134668,-0.109707232,0,0,0.000261532721,0,2226,derived,0,0,0,0,0,0,0,0,0,0,0.000625729923,0,813,0,0,0,6.35259762e-05,55625.963,55625.963,-8.78345174e-10,503358,0.028509417,0.052023833,0.00203270803,0.256237417,0.0559340831,0.00025391602,0.042568625,0.449924792
989,494.5,989,4.76325195,0.0409341383,0.127318396,1.82161594e-06,2,0,9179,44656,7864,1418,0,168,0,0,6.58828991e-10,6.03589623e-10,0,1,0,0,0,1,7864,179.5,2.99441756,4.16627295,4.16563872,2.66590831,-0.000152228934,0.391346683,-0.10970723,0,0,0.000261532721,0,2226,derived,0,0,0,0,0,0,0,0,0,0,0.000625729923,0,813,0,0,0,6.35259753e-05,55777.1926,55777.1926,8.12680812e-10,503310,0.028190583,0.0525322079,0.00175812503,0.256577917,0.05607025,0.000253124977,0.042297333,0.449983458
990,495,990,4.74279621,0.040888832,0.127144669,1.81762006e-06,2,0,9179,44656,7864,1418,0,168,0,0,6.58828769e-10,3.5522163e-10,0,1,0,0,0,1,7864,179.5,2.99436112,4.16619443,4.16556021,2.66585807,-0.000152228934,0.391346687,-0.109707227,0,0,0.000261532721,0,2226,derived,0,0,0,0,0,0,0,0,0,0,0.000625729923,0,813,0,0,0,6.35259745e-05,55928.6653,55928.6653,-3.73298836e-10,503301,0.0282590421,0.053729709,0.00233200006,0.257265959,0.05585375,0.000258708023,0.042771375,0.45330425
991,495.5,991,4.7223631,0.0408436475,0.126971455,1.81363735e-06,2,0,9179,44656,7864,1418,0,168,0,0,6.58828991e-10,1.49090962e-10,0,1,0,0,0,1,7864,179.5,2.99430792,4.1661204,4.1654862,2.6658107,-0.000152228934,0.391346686,-0.109707228,0,0,0.000261532721,0,2226,derived,0,0,0,0,0,0,0,0,0,0,0.000625729923,0,813,0,0,0,6.35259737e-05,56080.3811,56080.3811,-6.5334671e-10,503276,0.030307166,0.0525488331,0.00202862499,0.256303459,0.05598125,0.000253749895,0.04257075,0.452539333
992,496,992,4.70195255,0.0407985799,0.126798738,1.80966775e-06,2,0,9179,44656,7864,1418,0,168,0,0,6.58828991e-10,1.50243151e-11,0,1,0,0,0,1,7864,179.5,2.99425731,4.16604998,4.16541579,2.66576564,-0.000152228934,0.391346684,-0.109707229,0,0,0.000261532721,0,2226,derived,0,0,0,0,0,0,0,0,0,0,0.000625729923,0,813,0,0,0,6.35259729e-05,56232.3402,56232.3402,-1.61206826e-10,503250,0.027498792,0.05270375,0.00219154207,0.255685209,0.0568615,0.000256249914,0.042037958,0.449985708
993,496.5,993,4.68156451,0.0407536356,0.126626536,1.80572008e-06,2,0,9179,44656,7864,1418,0,168,0,0,6.58828991e-10,1.37341694e-10,0,1,0,0,0,1,7864,179.5,2.99419555,4.16596405,4.16532987,2.66571065,-0.000152228934,0.391346686,-0.109707228,0,0,0.000261532721,0,2226,derived,0,0,0,0,0,0,0,0,0,0,0.000625729923,0,813,0,0,0,6.35259721e-05,56384.2004,56384.2004,2.6313085e-10,503148,0.028096583,0.0523084999,0.0017430411,0.256040458,0.055741792,0.000254665967,0.0424864159,0.449226166
994,497,994,4.6611989,0.0407088228,0.126454876,1.80178629e-06,2,0,9179,44656,7864,1418,0,168,0,0,6.58828769e-10,2.18019491e-10,0,1,0,0,0,1,7864,179.5,2.99413711,4.16588273,4.16524856,2.66565862,-0.000152228934,0.391346678,-0.109707233,0,0,0.000261532721,0,2226,derived,0,0,0,0,0,0,0,0,0,0,0.000625729923,0,813,0,0,0,6.35259713e-05,56536.2666,56536.2666,1.86169302e-10,503100,0.027264958,0.052362167,0.00214670796,0.256114667,0.055648,0.000252791913,0.042484417,0.448878708
995,497.5,995,4.64085567,0.0406641344,0.126283733,1.79786538e-06,2,0,9179,44656,7864,1418,0,168,0,0,6.58828991e-10,2.57276089e-10,0,1,0,0,0,1,7864,179.5,2.99408255,4.16580681,4.16517265,2.66561004,-0.000152228934,0.39134668,-0.109707232,0,0,0.000261532721,0,2226,derived,0,0,0,0,0,0,0,0,0,0,0.000625729923,0,813,0,0,0,6.35259705e-05,56688.5752,56688.5752,-4.00345757e-10,503093,0.02824975,0.0528211249,0.00170783303,0.256418125,0.055405042,0.000258999993,0.0431900829,0.450910792
996,498,996,4.62053475,0.0406195647,0.12611309,1.79395729e-06,2,0,9179,44656,7864,1418,0,168,0,0,6.58828991e-10,2.55330423e-10,0,1,0,0,0,1,7864,179.5,2.99403107,4.16573521,4.16510107,2.66556422,-0.000152228934,0.391346687,-0.109707228,0,0,0.000261532721,0,2226,derived,0,0,0,0,0,0,0,0,0,0,0.000625729923,0,813,0,0,0,6.35259697e-05,56841.1263,56841.1263,3.83822751e-10,503007,0.027453,0.052134334,0.00192449999,0.255675625,0.0549531251,0.000261166017,0.0425822921,0.447335791
997,498.5,997,4.60023609,0.0405751089,0.125942931,1.79006196e-06,2,0,9179,44656,7864,1418,0,168,0,0,6.58828991e-10,2.12397322e-10,0,1,0,0,0,1,7864,179.5,2.9939821,4.16566706,4.16503293,2.66552062,-0.000152228934,0.391346685,-0.109707228,0,0,0.000261532721,0,2226,derived,0,0,0,0,0,0,0,0,0,0,0.000625729923,0,813,0,0,0,6.35259689e-05,56993.9202,56993.9202,5.84232662e-10,503021,0.0299513331,0.052335209,0.00203691598,0.25480675,0.055884541,0.000254750019,0.042435584,0.45086775
998,499,998,4.57995963,0.0405307755,0.125773281,1.78618883e-06,2,0,9179,44656,7864,1418,0,168,0,0,6.58828769e-10,1.28687394e-10,0,1,0,0,0,1,7864,179.5,2.99392096,4.165582,4.16494787,2.66546618,-0.000152228934,0.391346684,-0.109707229,0,0,0.000261532721,0,2226,derived,0,0,0,0,0,0,0,0,0,0,0.000625729923,0,813,0,0,0,6.35259681e-05,57146.5817,57146.5817,5.88238347e-11,503110,0.0277089169,0.052756416,0.00192341709,0.256290417,0.0557517089,0.000254167011,0.042700125,0.44999275
999,499.5,999,4.5597053,0.0404865703,0.125604158,1.78232841e-06,2,0,9179,44656,7864,1418,0,168,0,0,6.58828769e-10,4.3482995e-12,0,1,0,0,0,1,7864,179.5,2.99386437,4.16550325,4.16486914,2.66541579,-0.000152228934,0.39134668,-0.109707232,0,0,0.000261532721,0,2226,derived,0,0,0,0,0,0,0,0,0,0,0.000625729923,0,813,0,0,0,6.35259673e-05,57299.4803,57299.4803,6.5394179e-10,503076,0.026978166,0.052227542,0.00175845798,0.256214417,0.0561431251,0.000257792068,0.043265625,0.449539041
1000,500,1000,4.53947304,0.0404424864,0.125435541,1.77848053e-06,2,0,9179,44656,7864,1418,0,168,0,0,6.58828769e-10,1.60403468e-10,0,1,0,0,0,1,7864,179.5,2.99381152,4.16542973,4.16479563,2.66536875,-0.000152228934,0.391346682,-0.10970723,0,0,0.000261532721,0,2226,derived,0,0,0,0,0,0,0,0,0,0,0.000625729923,0,813,0,0,0,6.35259665e-05,57452.6208,57452.6208,-5.07665576e-10,503067,0.025942125,0.052111208,0.00168133294,0.255096916,0.0557650001,0.000254250015,0.042330625,0.44545775
1001,500.5,1001,4.5192628,0.0403985182,0.12526741,1.77464513e-06,2,0,9179,44656,7864,1418,0,168,0,0,6.58828769e-10,3.65355968e-10,0,1,0,0,0,1,7864,179.5,2.99376168,4.16536038,4.16472629,2.66532438,-0.000152228934,0.39134668,-0.109707231,0,0,0.000261532721,0,2226,derived,0,0,0,0,0,0,0,0,0,0,0.000625729923,0,813,0,0,0,6.35259657e-05,57606.0032,57606.0032,1.12991616e-10,503045,0.0274775,0.052170834,0.00178795797,0.255323459,0.055758709,0.000258291024,0.0425419579,0.448011542
1002,501,1002,4.49907451,0.0403546613,0.125099752,1.77082258e-06,2,0,9179,44656,7864,1418,0,168,0,0,6.58828991e-10,6.10300477e-10,0,1,0,0,0,1,7864,179.5,2.99371351,4.16529335,4.16465927,2.66528149,-0.000152228934,0.39134668,-0.109707232,0,0,0.000261532721,0,2226,derived,0,0,0,0,0,0,0,0,0,0,0.000625729923,0,813,0,0,0,6.35259649e-05,57759.6104,57759.6104,-7.95900013e-11,503016,0.027289541,0.0526706671,0.00201470801,0.254465916,0.055678791,0.000248999917,0.042352875,0.447092583
1003,501.5,1003,4.47890812,0.0403109253,0.124932594,1.76702138e-06,2,0,9179,44656,7864,1418,0,168,0,0,6.58828769e-10,6.79120538e-10,0,1,0,0,0,1,7864,179.5,2.99365398,4.16521055,4.16457648,2.6652285,-0.000152228934,0.391346688,-0.109707227,0,0,0.000261532721,0,2226,derived,0,0,0,0,0,0,0,0,0,0,0.000625729923,0,813,0,0,0,6.35259642e-05,57913.0964,57913.0964,5.28011634e-10,502971,0.029741541,0.052101167,0.00183995906,0.25553975,0.056137125,0.000265083043,0.042794666,0.450914083
1004,502,1004,4.45876357,0.0402673144,0.124765951,1.76323244e-06,2,0,9179,44656,7864,1418,0,168,0,0,6.58828991e-10,3.54735685e-10,0,1,0,0,0,1,7864,179.5,2.99359908,4.16513415,4.16450009,2.66517962,-0.000152228934,0.391346681,-0.109707231,0,0,0.000261532721,0,2226,derived,0,0,0,0,0,0,0,0,0,0,0.000625729923,0,813,0,0,0,6.35259634e-05,58066.8235,58066.8235,-5.35962386e-10,502969,0.02806275,0.052126291,0.00199908298,0.256401291,0.055545125,0.000253750011,0.042486625,0.449621417
1005,502.5,1005,4.43864079,0.040223822,0.124599801,1.75945571e-06,2,0,9179,44656,7864,1418,0,168,0,0,6.58828991e-10,9.08606523e-12,0,1,0,0,0,1,7864,179.5,2.99354782,4.16506284,4.1644288,2.66513399,-0.000152228934,0.391346689,-0.109707226,0,0,0.000261532721,0,2226,derived,0,0,0,0,0,0,0,0,0,0,0.000625729923,0,813,0,0,0,6.35259626e-05,58220.7917,58220.7917,5.42098144e-10,502960,0.0273168751,0.051682292,0.00180129195,0.254970125,0.0554501669,0.000258540967,0.042761166,0.446761209
1006,503,1006,4.41853973,0.0401804426,0.124434126,1.75569114e-06,2,0,9179,44656,7864,1418,0,168,0,0,6.58828991e-10,4.12139434e-10,0,1,0,0,0,1,7864,179.5,2.99349949,4.16499558,4.16436155,2.66509095,-0.000152228934,0.39134668,-0.109707232,0,0,0.000261532721,0,2226,derived,0,0,0,0,0,0,0,0,0,0,0.000625729923,0,813,0,0,0,6.35259618e-05,58375.0014,58375.0014,3.19670956e-10,503047,0.0273482089,0.0526543329,0.00206758396,0.255910042,0.05548075,0.000253833015,0.043889708,0.450099542
1007,503.5,1007,4.39846033,0.0401371719,0.124268913,1.75193937e-06,2,0,9179,44656,7864,1418,0,168,0,0,6.58828991e-10,7.19935445e-10,0,1,0,0,0,1,7864,179.5,2.99345227,4.16492988,4.16429586,2.66504891,-0.000152228934,0.391346681,-0.109707231,0,0,0.000261532721,0,2226,derived,0,0,0,0,0,0,0,0,0,0,0.000625729923,0,813,0,0,0,6.35259611e-05,58529.4235,58529.4235,-5.57809798e-10,503109,0.028421042,0.052467625,0.00177650002,0.255530542,0.055712125,0.000252457918,0.042834209,0.4492335
1008,504,1008,4.37840254,0.04009402,0.124104191,1.74820815e-06,2,0,9179,44656,7864,1418,0,168,0,0,6.58828991e-10,2.39011588e-10,0,1,0,0,0,1,7864,179.5,2.99339437,4.16484934,4.16421533,2.66499738,-0.000152228934,0.391346687,-0.109707227,0,0,0.000261532721,0,2226,derived,0,0,0,0,0,0,0,0,0,0,0.000625729923,0,813,0,0,0,6.35259603e-05,58683.7345,58683.7345,-4.01982003e-10,503081,0.0272442501,0.052106916,0.00174812495,0.255063375,0.055515,0.000253792037,0.0426024169,0.447381
1009,504.5,1009,4.3583663,0.0400509907,0.123939971,1.74448887e-06,2,0,9179,44656,7864,1418,0,168,0,0,6.58828991e-10,2.80608869e-10,0,1,0,0,0,1,7864,179.5,2.99334102,4.16477509,4.16414109,2.66494986,-0.000152228934,0.391346677,-0.109707233,0,0,0.000261532721,0,2226,derived,0,0,0,0,0,0,0,0,0,0,0.000625729923,0,813,0,0,0,6.35259595e-05,58838.2859,58838.2859,2.30904851e-10,503146,0.0297329579,0.05340525,0.00198450009,0.255065958,0.0555499999,0.000255540945,0.0424019591,0.451003208
1010,505,1010,4.33835154,0.0400080771,0.123776233,1.74078148e-06,2,0,9179,44656,7864,1418,0,168,0,0,6.58828769e-10,7.35438044e-10,0,1,0,0,0,1,7864,179.5,2.99329122,4.16470581,4.16407182,2.66490553,-0.000152228934,0.391346686,-0.109707228,0,0,0.000261532721,0,2226,derived,0,0,0,0,0,0,0,0,0,0,0.000625729923,0,813,0,0,0,6.35259588e-05,58993.078,58993.078,-4.31409353e-11,503082,0.0284735831,0.052758583,0.00179412495,0.257338709,0.0562399579,0.000254624989,0.042477542,0.451620291
1011,505.5,1011,4.31835821,0.039965274,0.123612959,1.73708593e-06,2,0,9179,44656,7864,1418,0,168,0,0,6.58828769e-10,1.39030676e-10,0,1,0,0,0,1,7864,179.5,2.99324426,4.16464049,4.16400651,2.66486374,-0.000152228934,0.39134669,-0.109707226,0,0,0.000261532721,0,2226,derived,0,0,0,0,0,0,0,0,0,0,0.000625729923,0,813,0,0,0,6.3525958e-05,59148.1109,59148.1109,4.32383462e-10,503081,0.0282574999,0.0520471659,0.00190520799,0.258633583,0.0570365411,0.000287291943,0.041696541,0.452068208
1012,506,1012,4.29838625,0.0399225772,0.123450136,1.73340289e-06,2,0,9179,44656,7864,1418,0,168,0,0,6.58828991e-10,4.95477215e-10,0,1,0,0,0,1,7864,179.5,2.99319835,4.16457658,4.16394261,2.66482284,-0.000152228934,0.39134668,-0.109707231,0,0,0.000261532721,0,2226,derived,0,0,0,0,0,0,0,0,0,0,0.000625729923,0,813,0,0,0,6.35259572e-05,59303.354,59303.354,-4.37009318e-10,503015,0.027846125,0.051936083,0.00207425002,0.255179792,0.0550315841,0.000256708008,0.042518834,0.448002792
1013,506.5,1013,4.27843561,0.0398799969,0.123287794,1.72973987e-06,2,0,9179,44656,7864,1418,0,168,0,0,6.58828991e-10,4.06259471e-10,0,1,0,0,0,1,7864,179.5,2.99314191,4.16449807,4.16386412,2.66477261,-0.000152228934,0.391346686,-0.109707228,0,0,0.000261532721,0,2226,derived,0,0,0,0,0,0,0,0,0,0,0.000625729923,0,813,0,0,0,6.35259565e-05,59458.486,59458.486,-2.63915445e-10,503073,0.02793775,0.053701208,0.00185875001,0.255543,0.056326583,0.000257708947,0.0426576249,0.451115667
1014,507,1014,4.25850624,0.0398375365,0.123125943,1.72608849e-06,2,0,9179,44656,7864,1418,0,168,0,0,6.58828991e-10,3.0393954e-10,0,1,0,0,0,1,7864,179.5,2.99308993,4.16442576,4.16379181,2.66472633,-0.000152228934,0.391346689,-0.109707226,0,0,0.000261532721,0,2226,derived,0,0,0,0,0,0,0,0,0,0,0.000625729923,0,813,0,0,0,6.35259557e-05,59613.8578,59613.8578,7.43875184e-10,502983,0.0276172089,0.052427542,0.00177291594,0.255208959,0.0554655419,0.00025691709,0.043245458,0.448335459
1015,507.5,1015,4.23859806,0.0397951895,0.122964563,1.72244868e-06,2,0,9179,44656,7864,1418,0,168,0,0,6.58828769e-10,5.22441646e-10,0,1,0,0,0,1,7864,179.5,2.99304148,4.16435834,4.16372441,2.6646832,-0.000152228934,0.391346684,-0.109707229,0,0,0.000261532721,0,2226,derived,0,0,0,0,0,0,0,0,0,0,0.000625729923,0,813,0,0,0,6.3525955e-05,59769.4698,59769.4698,-4.89739582e-10,502895,0.027320875,0.053233792,0.00174949993,0.254836667,0.0558153751,0.000269792043,0.0421060839,0.447819833
1016,508,1016,4.21871104,0.0397529507,0.122803637,1.71882041e-06,2,0,9179,44656,7864,1418,0,168,0,0,6.58828769e-10,2.62724287e-10,0,1,0,0,0,1,7864,179.5,2.99299584,4.16429482,4.16366089,2.66464255,-0.000152228934,0.39134668,-0.109707232,0,0,0.000261532721,0,2226,derived,0,0,0,0,0,0,0,0,0,0,0.000625729923,0,813,0,0,0,6.35259542e-05,59925.322,59925.322,-6.83177293e-10,502947,0.0278108331,0.052522167,0.001811333,0.255432125,0.055618417,0.000261458103,0.0430226671,0.4491605
1017,508.5,1017,4.1988451,0.0397108159,0.122643151,1.71520413e-06,2,0,9179,44656,7864,1418,0,168,0,0,6.58828991e-10,4.89070229e-10,0,1,0,0,0,1,7864,179.5,2.9929515,4.16423315,4.16359924,2.66460309,-0.000152228934,0.391346687,-0.109707227,0,0,0.000261532721,0,2226,derived,0,0,0,0,0,0,0,0,0,0,0.000625729923,0,813,0,0,0,6.35259535e-05,60081.3923,60081.3923,-1.40311651e-10,502783,0.02772125,0.051899792,0.00191229198,0.256288708,0.0561965,0.000254416023,0.042881959,0.449496333
1018,509,1018,4.17900021,0.0396687948,0.122483135,1.7116076e-06,2,0,9179,44656,7864,1418,0,168,0,0,6.58828991e-10,3.70313114e-10,0,1,0,0,0,1,7864,179.5,2.99289637,4.16415643,4.16352253,2.664554,-0.000152228934,0.391346683,-0.10970723,0,0,0.000261532721,0,2226,derived,0,0,0,0,0,0,0,0,0,0,0.000625729923,0,813,0,0,0,6.35259527e-05,60237.3414,60237.3414,-6.70377309e-10,502848,0.028629125,0.051877,0.00181683304,0.255073916,0.055947375,0.000263875001,0.0427492911,0.448713375
1019,509.5,1019,4.15917629,0.0396268913,0.1223236,1.7080224e-06,2,0,9179,44656,7864,1418,0,168,0,0,6.58828991e-10,3.07577297e-10,0,1,0,0,0,1,7864,179.5,2.99284564,4.16408586,4.16345197,2.66450884,-0.000152228934,0.391346688,-0.109707227,0,0,0.000261532721,0,2226,derived,0,0,0,0,0,0,0,0,0,0,0.000625729923,0,813,0,0,0,6.3525952e-05,60393.5297,60393.5297,-6.71346312e-11,502800,0.0275847501,0.0529297909,0.00178966601,0.255291333,0.055963208,0.000254082959,0.043157834,0.449386958
1020,510,1020,4.1393733,0.039585099,0.122164526,1.70444848e-06,2,0,9179,44656,7864,1418,0,168,0,0,6.58828991e-10,6.25387298e-10,0,1,0,0,0,1,7864,179.5,2.99279841,4.16402015,4.16338627,2.66446679,-0.000152228934,0.391346685,-0.109707229,0,0,0.000261532721,0,2226,derived,0,0,0,0,0,0,0,0,0,0,0.000625729923,0,813,0,0,0,6.35259512e-05,60549.9575,60549.9575,2.59507305e-10,502891,0.0286155409,0.0528062501,0.00194054097,0.254832042,0.055778542,0.000264459057,0.042757375,0.4492435
1021,510.5,1021,4.11959118,0.0395434127,0.122005896,1.7008858e-06,2,0,9179,44656,7864,1418,0,168,0,0,6.58828991e-10,2.07009965e-11,0,1,0,0,0,1,7864,179.5,2.99275396,4.16395829,4.16332441,2.66442721,-0.000152228934,0.391346682,-0.109707231,0,0,0.000261532721,0,2226,derived,0,0,0,0,0,0,0,0,0,0,0.000625729923,0,813,0,0,0,6.35259505e-05,60706.625,60706.625,2.16411333e-10,502726,0.0276751249,0.0519178329,0.0021191251,0.254718292,0.055668958,0.000264417031,0.0423827079,0.447698875
1022,511,1022,4.09982987,0.0395018283,0.121847698,1.69733437e-06,2,0,9179,44656,7864,1418,0,168,0,0,6.58828991e-10,5.47658363e-10,0,1,0,0,0,1,7864,179.5,2.99271155,4.1638993,4.16326543,2.66438946,-0.000152228934,0.391346686,-0.109707228,0,0,0.000261532721,0,2226,derived,0,0,0,0,0,0,0,0,0,0,0.000625729923,0,813,0,0,0,6.35259498e-05,60863.5291,60863.5291,-7.37950367e-10,502742,0.030131625,0.0509669159,0.00182491704,0.254871916,0.05533825,0.000259250053,0.043888583,0.449473625
1023,511.5,1023,4.08008934,0.0394603543,0.121689955,1.69380267e-06,2,0,9179,44656,7864,1418,0,168,0,0,6.58828769e-10,4.94290608e-10,0,1,0,0,0,1,7864,179.5,2.99265755,4.16382414,4.16319029,2.66434137,-0.000152228934,0.391346679,-0.109707232,0,0,0.000261532721,0,2226,derived,0,0,0,0,0,0,0,0,0,0,0.000625729923,0,813,0,0,0,6.3525949e-05,61020.2913,61020.2913,-5.42307088e-10,502675,0.0280357091,0.0527620839,0.00205133297,0.254927209,0.0558831251,0.00025708403,0.042873083,0.449316459
1024,512,1024,4.06036951,0.039418996,0.121532684,1.690282e-06,2,0,9179,44656,7864,1418,0,168,0,0,6.58828769e-10,1.89637195e-12,0,1,0,0,0,1,7864,179.5,2.99260795,4.16375513,4.16312128,2.66429721,-0.000152228934,0.391346678,-0.109707233,0,0,0.000261532721,0,2226,derived,0,0,0,0,0,0,0,0,0,0,0.000625729923,0,813,0,0,0,6.35259483e-05,61177.2922,61177.2922,-6.14891249e-10,502754,0.0280795001,0.0522225,0.00188287499,0.256010333,0.0556404999,0.000254333019,0.043116041,0.449655083
1025,512.5,1025,4.04067033,0.0393777469,0.121375866,1.68677233e-06,2,0,9179,44656,7864,1418,0,168,0,0,6.58828991e-10,4.62244243e-10,0,1,0,0,0,1,7864,179.5,2.99256183,4.16369096,4.16305713,2.66425615,-0.000152228934,0.391346679,-0.109707232,0,0,0.000261532721,0,2226,derived,0,0,0,0,0,0,0,0,0,0,0.000625729923,0,813,0,0,0,6.35259476e-05,61334.532,61334.532,-7.17827575e-10,502737,0.028327625,0.052032709,0.001739625,0.254754,0.055283459,0.000260000001,0.0426471671,0.447760167
1026,513,1026,4.02099175,0.0393366017,0.121219482,1.6832736e-06,2,0,9179,44656,7864,1418,0,168,0,0,6.58828991e-10,6.87225832e-10,0,1,0,0,0,1,7864,179.5,2.99251844,4.16363062,4.1629968,2.66421754,-0.000152228934,0.391346689,-0.109707226,0,0,0.000261532721,0,2226,derived,0,0,0,0,0,0,0,0,0,0,0.000625729923,0,813,0,0,0,6.35259468e-05,61492.0108,61492.0108,6.66606104e-10,502690,0.027804,0.052449042,0.00203091698,0.254759792,0.055374459,0.000254207989,0.0432431661,0.4486255
1027,513.5,1027,4.00133371,0.0392955565,0.121063521,1.67978578e-06,2,0,9179,44656,7864,1418,0,168,0,0,6.58828991e-10,2.98018277e-10,0,1,0,0,0,1,7864,179.5,2.99247728,4.16357333,4.16293951,2.66418088,-0.000152228934,0.391346678,-0.109707233,0,0,0.000261532721,0,2226,derived,0,0,0,0,0,0,0,0,0,0,0.000625729923,0,813,0,0,0,6.35259461e-05,61649.729,61649.729,-9.57318669e-11,502705,0.028151416,0.0514859169,0.00183729106,0.255937125,0.0551069999,0.000254124985,0.042397958,0.447388
1028,514,1028,3.98169618,0.039254618,0.120908001,1.67631671e-06,2,0,9179,44656,7864,1418,0,168,0,0,6.58828991e-10,5.58811886e-11,0,1,0,0,0,1,7864,179.5,2.99242524,4.16350094,4.16286714,2.66413456,-0.000152228934,0.391346685,-0.109707228,0,0,0.000261532721,0,2226,derived,0,0,0,0,0,0,0,0,0,0,0.000625729923,0,813,0,0,0,6.35259454e-05,61807.3266,61807.3266,4.41013448e-10,502773,0.0272304581,0.0525241251,0.00177270896,0.254834333,0.055488958,0.000259540975,0.042451833,0.447002792
1029,514.5,1029,3.96207908,0.0392137934,0.120752945,1.67285898e-06,2,0,9179,44656,7864,1418,0,168,0,0,6.58828991e-10,3.745948e-10,0,1,0,0,0,1,7864,179.5,2.99237662,4.1634333,4.1627995,2.66409128,-0.000152228934,0.391346686,-0.109707228,0,0,0.000261532721,0,2226,derived,0,0,0,0,0,0,0,0,0,0,0.000625729923,0,813,0,0,0,6.35259447e-05,61965.1362,61965.1362,-9.06502651e-11,502826,0.0277708749,0.05238525,0.00179554103,0.254720042,0.055764708,0.00026641693,0.042407584,0.447457125
1030,515,1030,3.94248237,0.0391730762,0.120598332,1.66941196e-06,2,0,9179,44656,7864,1418,0,168,0,0,6.58828769e-10,6.58298527e-10,0,1,0,0,0,1,7864,179.5,2.99233151,4.16337052,4.16273673,2.66405111,-0.000152228934,0.391346681,-0.109707231,0,0,0.000261532721,0,2226,derived,0,0,0,0,0,0,0,0,0,0,0.000625729923,0,813,0,0,0,6.3525944e-05,62123.1841,62123.1841,-4.5194859e-10,502878,0.029196625,0.0525894159,0.00217287499,0.255796125,0.0555156249,0.000254416955,0.0426620001,0.45069675
1031,515.5,1031,3.92290599,0.0391324611,0.120444146,1.66597561e-06,2,0,9179,44656,7864,1418,0,168,0,0,6.58828991e-10,6.66992239e-10,0,1,0,0,0,1,7864,179.5,2.99228914,4.16331158,4.16267781,2.6640134,-0.000152228934,0.391346688,-0.109707226,0,0,0.000261532721,0,2226,derived,0,0,0,0,0,0,0,0,0,0,0.000625729923,0,813,0,0,0,6.35259432e-05,62281.4705,62281.4705,-7.58861418e-10,502863,0.0279638331,0.052566292,0.00176100002,0.256161167,0.0558719169,0.00025250006,0.045364,0.4522415
1032,516,1032,3.9033499,0.0390919442,0.120290374,1.66254989e-06,2,0,9179,44656,7864,1418,0,168,0,0,6.58828769e-10,4.52786031e-10,0,1,0,0,0,1,7864,179.5,2.99224896,4.16325569,4.16262192,2.66397763,-0.000152228934,0.391346689,-0.109707226,0,0,0.000261532721,0,2226,derived,0,0,0,0,0,0,0,0,0,0,0.000625729923,0,813,0,0,0,6.35259425e-05,62439.9955,62439.9955,2.07452722e-10,502988,0.02831125,0.05311025,0.00199899997,0.25439625,0.055409541,0.00025279203,0.042017833,0.447783416
1033,516.5,1033,3.88381403,0.03905153,0.120137028,1.65914163e-06,2,0,9179,44656,7864,1418,0,168,0,0,6.58828991e-10,2.73074896e-10,0,1,0,0,0,1,7864,179.5,2.99219933,4.16318662,4.16255286,2.66393343,-0.000152228934,0.391346684,-0.109707229,0,0,0.000261532721,0,2226,derived,0,0,0,0,0,0,0,0,0,0,0.000625729923,0,813,0,0,0,6.35259418e-05,62598.4386,62598.4386,2.62974975e-10,503175,0.0289075,0.05240625,0.00176379201,0.254689834,0.0558279169,0.000264249975,0.04246875,0.448961333
1034,517,1034,3.86429835,0.0390112279,0.119984138,1.65574528e-06,2,0,9179,44656,7864,1418,0,168,0,0,6.58828991e-10,1.27735822e-10,0,1,0,0,0,1,7864,179.5,2.99215157,4.16312015,4.1624864,2.6638909,-0.000152228934,0.391346678,-0.109707233,0,0,0.000261532721,0,2226,derived,0,0,0,0,0,0,0,0,0,0,0.000625729923,0,813,0,0,0,6.35259411e-05,62757.053,62757.053,-3.41124906e-11,503373,0.027476,0.052034625,0.00182637502,0.255399291,0.0557995001,0.000274291961,0.042100167,0.4472465
1035,517.5,1035,3.84480279,0.0389710316,0.119831683,1.65235938e-06,2,0,9179,44656,7864,1418,0,168,0,0,6.58828991e-10,1.66027192e-11,0,1,0,0,0,1,7864,179.5,2.99210733,4.1630586,4.16242487,2.66385152,-0.000152228934,0.391346683,-0.10970723,0,0,0.000261532721,0,2226,derived,0,0,0,0,0,0,0,0,0,0,0.000625729923,0,813,0,0,0,6.35259404e-05,62915.9051,62915.9051,-9.06230646e-12,503610,0.0280825,0.0525544999,0.00219245895,0.255882084,0.055361208,0.000254041981,0.042287083,0.449350875
1036,518,1036,3.82532731,0.0389309358,0.119679647,1.64898388e-06,2,0,9179,44656,7864,1418,0,168,0,0,6.58828991e-10,6.04938322e-11,0,1,0,0,0,1,7864,179.5,2.99206587,4.16300093,4.1623672,2.66381462,-0.000152228934,0.391346685,-0.109707229,0,0,0.000261532721,0,2226,derived,0,0,0,0,0,0,0,0,0,0,0.000625729923,0,813,0,0,0,6.35259397e-05,63074.9951,63074.9951,2.25987229e-10,503626,0.0286463751,0.0517944171,0.00186020893,0.254831583,0.055018584,0.000258667045,0.042346666,0.447228875
1037,518.5,1037,3.80587185,0.0388909365,0.119528018,1.64561873e-06,2,0,9179,44656,7864,1418,0,168,0,0,6.58828991e-10,1.03720699e-10,0,1,0,0,0,1,7864,179.5,2.99202662,4.16294633,4.1623126,2.66377968,-0.000152228934,0.391346688,-0.109707227,0,0,0.000261532721,0,2226,derived,0,0,0,0,0,0,0,0,0,0,0.000625729923,0,813,0,0,0,6.3525939e-05,63234.3232,63234.3232,2.89290814e-10,503717,0.027704792,0.052402542,0.001751084,0.255723417,0.055635417,0.000252707978,0.0426412501,0.449131417
1038,519,1038,3.78643636,0.038851036,0.1193768,1.64226958e-06,2,0,9179,44656,7864,1418,0,168,0,0,6.58828991e-10,1.13240306e-10,0,1,0,0,0,1,7864,179.5,2.99197963,4.16288094,4.16224723,2.66373784,-0.000152228934,0.391346684,-0.109707229,0,0,0.000261532721,0,2226,derived,0,0,0,0,0,0,0,0,0,0,0.000625729923,0,813,0,0,0,6.35259383e-05,63393.6187,63393.6187,-5.8521632e-10,503819,0.028195958,0.0515745829,0.00186579197,0.256526625,0.055437125,0.000264708069,0.0421826671,0.448849958
1039,519.5,1039,3.7670208,0.0388112455,0.119226028,1.63893312e-06,2,0,9179,44656,7864,1418,0,168,0,0,6.58828991e-10,8.91786645e-11,0,1,0,0,0,1,7864,179.5,2.99193256,4.16281546,4.16218176,2.66369594,-0.000152228934,0.391346688,-0.109707226,0,0,0.000261532721,0,2226,derived,0,0,0,0,0,0,0,0,0,0,0.000625729923,0,813,0,0,0,6.35259376e-05,63553.034,63553.034,4.86952256e-10,503838,0.028008291,0.052128083,0.001875291,0.25751225,0.055294791,0.000252707978,0.042589125,0.450241041
1040,520,1040,3.7476251,0.0387715594,0.119075684,1.63560684e-06,2,0,9179,44656,7864,1418,0,168,0,0,6.58828769e-10,3.16888737e-11,0,1,0,0,0,1,7864,179.5,2.99188912,4.16275499,4.16212129,2.66365724,-0.000152228934,0.39134668,-0.109707232,0,0,0.000261532721,0,2226,derived,0,0,0,0,0,0,0,0,0,0,0.000625729923,0,813,0,0,0,6.35259369e-05,63712.6865,63712.6865,4.14570822e-10,503940,0.028491167,0.051924708,0.00201812491,0.255774916,0.055455792,0.000255124993,0.041970042,0.448472208
1041,520.5,1041,3.72824922,0.0387319724,0.118925753,1.6322907e-06,2,0,9179,44656,7864,1418,0,168,0,0,6.58828991e-10,5.90638649e-11,0,1,0,0,0,1,7864,179.5,2.99184846,4.16269845,4.16206477,2.66362107,-0.000152228934,0.391346688,-0.109707227,0,0,0.000261532721,0,2226,derived,0,0,0,0,0,0,0,0,0,0,0.000625729923,0,813,0,0,0,6.35259362e-05,63872.5763,63872.5763,6.7638295e-10,504088,0.0280567909,0.053131292,0.00198549998,0.255432208,0.055751166,0.000252833939,0.04252125,0.449850666
1042,521,1042,3.70889312,0.0386924804,0.11877622,1.62898466e-06,2,0,9179,44656,7864,1418,0,168,0,0,6.58828991e-10,1.82917237e-10,0,1,0,0,0,1,7864,179.5,2.99181007,4.16264502,4.16201135,2.66358688,-0.000152228934,0.391346683,-0.10970723,0,0,0.000261532721,0,2226,derived,0,0,0,0,0,0,0,0,0,0,0.000625729923,0,813,0,0,0,6.35259355e-05,64032.7037,64032.7037,-6.63013866e-10,504204,0.0295985,0.052064667,0.00169408403,0.255866292,0.0555474591,0.000263208058,0.042501625,0.44984125
1043,521.5,1043,3.68955673,0.0386530832,0.118627084,1.62569298e-06,2,0,9179,44656,7864,1418,0,168,0,0,6.58828991e-10,3.39714035e-10,0,1,0,0,0,1,7864,179.5,2.991766,4.16258372,4.16195005,2.66354765,-0.000152228934,0.391346687,-0.109707227,0,0,0.000261532721,0,2226,derived,0,0,0,0,0,0,0,0,0,0,0.000625729923,0,813,0,0,0,6.35259348e-05,64192.8584,64192.8584,6.8512529e-10,504410,0.028775792,0.052251125,0.00185299991,0.254567458,0.0554235,0.000259457971,0.0451507081,0.450862167
1044,522,1044,3.67024002,0.0386137936,0.118478385,1.62241496e-06,2,0,9179,44656,7864,1418,0,168,0,0,6.58828991e-10,5.29324362e-10,0,1,0,0,0,1,7864,179.5,2.99171953,4.16251902,4.16188537,2.66350625,-0.000152228934,0.391346678,-0.109707233,0,0,0.000261532721,0,2226,derived,0,0,0,0,0,0,0,0,0,0,0.000625729923,0,813,0,0,0,6.35259341e-05,64353.071,64353.071,1.67976744e-11,504689,0.027357458,0.051122667,0.00180645799,0.255132375,0.056706917,0.000258332933,0.0422847089,0.446896208
1045,522.5,1045,3.65094293,0.0385746073,0.118330108,1.61914686e-06,2,0,9179,44656,7864,1418,0,168,0,0,6.58828769e-10,7.51608331e-10,0,1,0,0,0,1,7864,179.5,2.9916767,4.16245946,4.16182581,2.66346814,-0.000152228934,0.391346684,-0.109707229,0,0,0.000261532721,0,2226,derived,0,0,0,0,0,0,0,0,0,0,0.000625729923,0,813,0,0,0,6.35259334e-05,64513.5201,64513.5201,-1.51534452e-10,504811,0.0279135,0.0521249169,0.00173554197,0.255668375,0.0555514999,0.000254875049,0.0422636659,0.448175959
1046,523,1046,3.6316654,0.0385355189,0.118182236,1.61588865e-06,2,0,9179,44656,7864,1418,0,168,0,0,6.58828991e-10,5.67754288e-10,0,1,0,0,0,1,7864,179.5,2.9916368,4.16240393,4.16177029,2.66343261,-0.000152228934,0.391346681,-0.109707231,0,0,0.000261532721,0,2226,derived,0,0,0,0,0,0,0,0,0,0,0.000625729923,0,813,0,0,0,6.35259328e-05,64674.2059,64674.2059,1.05085496e-10,505068,0.028352042,0.052515125,0.00201937498,0.255821542,0.055840416,0.000254417071,0.041806167,0.449458125
1047,523.5,1047,3.61240739,0.0384965239,0.118034756,1.61264028e-06,2,0,9179,44656,7864,1418,0,168,0,0,6.58828769e-10,2.80601098e-10,0,1,0,0,0,1,7864,179.5,2.99159915,4.16235157,4.16171794,2.6633991,-0.000152228934,0.391346688,-0.109707227,0,0,0.000261532721,0,2226,derived,0,0,0,0,0,0,0,0,0,0,0.000625729923,0,813,0,0,0,6.35259321e-05,64835.1286,64835.1286,4.28498348e-10,505337,0.0300881249,0.05187825,0.00182787504,0.255714834,0.055624292,0.000255624996,0.0425602089,0.450732542
1048,524,1048,3.59316886,0.0384576206,0.11788766,1.6094045e-06,2,0,9179,44656,7864,1418,0,168,0,0,6.58828991e-10,3.87534449e-11,0,1,0,0,0,1,7864,179.5,2.99155838,4.16229485,4.16166123,2.66336281,-0.000152228934,0.39134669,-0.109707225,0,0,0.000261532721,0,2226,derived,0,0,0,0,0,0,0,0,0,0,0.000625729923,0,813,0,0,0,6.35259314e-05,64996.1499,64996.1499,-2.38235875e-10,505650,0.02697475,0.052838542,0.00176316698,0.254830667,0.056082916,0.000259583001,0.042045,0.447441666
1049,524.5,1049,3.57394976,0.0384188215,0.117740988,1.60618349e-06,2,0,9179,44656,7864,1418,0,168,0,0,6.58828991e-10,3.90176336e-10,0,1,0,0,0,1,7864,179.5,2.99151229,4.16223072,4.1615971,2.66332177,-0.000152228934,0.391346689,-0.109707226,0,0,0.000261532721,0,2226,derived,0,0,0,0,0,0,0,0,0,0,0.000625729923,0,813,0,0,0,6.35259307e-05,65157.1559,65157.1559,-5.43414092e-10,505854,0.028433708,0.052318041,0.00171899993,0.254624708,0.0553932081,0.000253250008,0.042235458,0.4475505
1050,525,1050,3.55475003,0.0383801248,0.117594732,1.60297217e-06,2,0,9179,44656,7864,1418,0,168,0,0,6.58828769e-10,7.73542341e-10,0,1,0,0,0,1,7864,179.5,2.99147,4.16217188,4.16153828,2.66328413,-0.000152228934,0.391346689,-0.109707226,0,0,0.000261532721,0,2226,derived,0,0,0,0,0,0,0,0,0,0,0.000625729923,0,813,0,0,0,6.352593e-05,65318.3978,65318.3978,-3.33049033e-10,506027,0.0261033331,0.052300584,0.00185391691,0.255949041,0.05641825,0.000263458933,0.0416730839,0.447108542
1051,525.5,1051,3.53556962,0.0383415247,0.117448876,1.5997705e-06,2,0,9179,44656,7864,1418,0,168,0,0,6.58828769e-10,3.85465992e-10,0,1,0,0,0,1,7864,179.5,2.99143072,4.1621172,4.16148361,2.66324914,-0.000152228934,0.391346681,-0.109707231,0,0,0.000261532721,0,2226,derived,0,0,0,0,0,0,0,0,0,0,0.000625729923,0,813,0,0,0,6.35259294e-05,65479.8758,65479.8758,3.52787799e-10,506089,0.0284123749,0.052276458,0.00175662502,0.25503575,0.055921042,0.000265375013,0.0421259999,0.448363416
1052,526,1052,3.51640849,0.038303017,0.117303405,1.59657842e-06,2,0,9179,44656,7864,1418,0,168,0,0,6.58828991e-10,6.13187279e-11,0,1,0,0,0,1,7864,179.5,2.99139376,4.16206579,4.1614322,2.66321624,-0.000152228934,0.391346686,-0.109707228,0,0,0.000261532721,0,2226,derived,0,0,0,0,0,0,0,0,0,0,0.000625729923,0,813,0,0,0,6.35259287e-05,65641.5902,65641.5902,-3.42502915e-10,506237,0.0275303749,0.0520426671,0.00206166704,0.255188083,0.055810667,0.000263166963,0.041876917,0.4471085
1053,526.5,1053,3.4972666,0.0382645984,0.117158309,1.59339701e-06,2,0,9179,44656,7864,1418,0,168,0,0,6.58828991e-10,5.39587264e-10,0,1,0,0,0,1,7864,179.5,2.99135664,4.16201414,4.16138056,2.66318319,-0.000152228934,0.391346681,-0.109707231,0,0,0.000261532721,0,2226,derived,0,0,0,0,0,0,0,0,0,0,0.000625729923,0,813,0,0,0,6.3525928e-05,65803.4852,65803.4852,-6.55140941e-10,506251,0.0277185841,0.052487375,0.00177062501,0.254410459,0.055754833,0.000254834071,0.041956833,0.446920875
1054,527,1054,3.47814388,0.0382262795,0.117013619,1.59023167e-06,2,0,9179,44656,7864,1418,0,168,0,0,6.58828991e-10,5.24961186e-10,0,1,0,0,0,1,7864,179.5,2.99131079,4.16195034,4.16131677,2.66314236,-0.000152228934,0.39134668,-0.109707232,0,0,0.000261532721,0,2226,derived,0,0,0,0,0,0,0,0,0,0,0.000625729923,0,813,0,0,0,6.35259274e-05,65965.2808,65965.2808,3.54717367e-10,506338,0.0281498339,0.052346333,0.00205262506,0.255255042,0.055712834,0.00026237499,0.0421556249,0.448266834
1055,527.5,1055,3.4590403,0.0381880622,0.116869342,1.58707577e-06,2,0,9179,44656,7864,1418,0,168,0,0,6.58828991e-10,1.5885071e-11,0,1,0,0,0,1,7864,179.5,2.99126889,4.16189205,4.16125849,2.66310507,-0.000152228934,0.391346683,-0.10970723,0,0,0.000261532721,0,2226,derived,0,0,0,0,0,0,0,0,0,0,0.000625729923,0,813,0,0,0,6.35259267e-05,66127.3118,66127.3118,3.31300543e-10,506545,0.027393625,0.052635833,0.00173312507,0.255345167,0.055974459,0.000254707993,0.042002458,0.447784375
1056,528,1056,3.43995581,0.0381499408,0.116725459,1.58392928e-06,2,0,9179,44656,7864,1418,0,168,0,0,6.58828769e-10,5.87812465e-10,0,1,0,0,0,1,7864,179.5,2.99123008,4.16183808,4.16120452,2.66307053,-0.000152228934,0.39134669,-0.109707225,0,0,0.000261532721,0,2226,derived,0,0,0,0,0,0,0,0,0,0,0.000625729923,0,813,0,0,0,6.3525926e-05,66289.5784,66289.5784,-7.08433423e-10,506604,0.0300186251,0.0524378751,0.00174541702,0.256096,0.055371083,0.000254874933,0.0421569169,0.450985958
1057,528.5,1057,3.42089035,0.0381119106,0.116581956,1.58079216e-06,2,0,9179,44656,7864,1418,0,168,0,0,6.58828991e-10,3.83488574e-10,0,1,0,0,0,1,7864,179.5,2.99119375,4.16178749,4.16115394,2.66303816,-0.000152228934,0.39134668,-0.109707232,0,0,0.000261532721,0,2226,derived,0,0,0,0,0,0,0,0,0,0,0.000625729923,0,813,0,0,0,6.35259254e-05,66452.0806,66452.0806,-4.2248316e-11,506602,0.027521542,0.051711583,0.00183166692,0.255337125,0.055699333,0.000256457948,0.0414035,0.44631125
1058,529,1058,3.40184389,0.0380739681,0.11643882,1.57766436e-06,2,0,9179,44656,7864,1418,0,168,0,0,6.58828991e-10,2.50157228e-10,0,1,0,0,0,1,7864,179.5,2.99115928,4.16173956,4.16110602,2.66300749,-0.000152228934,0.391346688,-0.109707227,0,0,0.000261532721,0,2226,derived,0,0,0,0,0,0,0,0,0,0,0.000625729923,0,813,0,0,0,6.35259247e-05,66614.8187,66614.8187,2.85394153e-10,506709,0.027926167,0.051548625,0.00212233304,0.255191709,0.0551185419,0.000268834061,0.04166475,0.446515375
1059,529.5,1059,3.38281637,0.0380361193,0.116296071,1.57455263e-06,2,0,9179,44656,7864,1418,0,168,0,0,6.58828769e-10,6.59713728e-10,0,1,0,0,0,1,7864,179.5,2.99111488,4.16167778,4.16104425,2.66296796,-0.000152228934,0.391346685,-0.109707229,0,0,0.000261532721,0,2226,derived,0,0,0,0,0,0,0,0,0,0,0.000625729923,0,813,0,0,0,6.35259241e-05,66777.4383,66777.4383,3.04720693e-10,506709,0.027900958,0.052754292,0.00172725006,0.25608325,0.055416375,0.000254457933,0.041895,0.448644416
1060,530,1060,3.36380776,0.0379983717,0.116153729,1.57145084e-06,2,0,9179,44656,7864,1418,0,168,0,0,6.58828769e-10,3.51181306e-11,0,1,0,0,0,1,7864,179.5,2.99107325,4.16161983,4.16098631,2.66293088,-0.000152228934,0.391346678,-0.109707233,0,0,0.000261532721,0,2226,derived,0,0,0,0,0,0,0,0,0,0,0.000625729923,0,813,0,0,0,6.35259234e-05,66940.2547,66940.2547,-7.45986606e-11,506909,0.0273185,0.0527623331,0.00205037498,0.255172542,0.0556697081,0.000268582953,0.0419421659,0.447648417
1061,530.5,1061,3.34481799,0.0379607192,0.116011777,1.56835823e-06,2,0,9179,44656,7864,1418,0,168,0,0,6.58828991e-10,7.60347785e-10,0,1,0,0,0,1,7864,179.5,2.99103483,4.1615664,4.16093289,2.66289669,-0.000152228934,0.391346686,-0.109707228,0,0,0.000261532721,0,2226,derived,0,0,0,0,0,0,0,0,0,0,0.000625729923,0,813,0,0,0,6.35259227e-05,67103.306,67103.306,1.4909407e-11,506865,0.027643583,0.0518477079,0.00180716696,0.2544295,0.055782125,0.00028483395,0.042239959,0.446409375
1062,531,1062,3.32584703,0.0379231572,0.1158702,1.56527475e-06,2,0,9179,44656,7864,1418,0,168,0,0,6.58828991e-10,5.83307846e-11,0,1,0,0,0,1,7864,179.5,2.99099897,4.1615165,4.160883,2.66286476,-0.000152228934,0.391346685,-0.109707228,0,0,0.000261532721,0,2226,derived,0,0,0,0,0,0,0,0,0,0,0.000625729923,0,813,0,0,0,6.35259221e-05,67266.5924,67266.5924,3.19045235e-10,506976,0.027948708,0.051728375,0.00182424998,0.254952208,0.05532425,0.000318291946,0.042382,0.447163708
1063,531.5,1063,3.30689482,0.0378856817,0.115728986,1.56220038e-06,2,0,9179,44656,7864,1418,0,168,0,0,6.58828991e-10,7.27261584e-10,0,1,0,0,0,1,7864,179.5,2.9909651,4.16146937,4.16083588,2.66283461,-0.000152228934,0.391346685,-0.109707229,0,0,0.000261532721,0,2226,derived,0,0,0,0,0,0,0,0,0,0,0.000625729923,0,813,0,0,0,6.35259214e-05,67430.1141,67430.1141,3.38572503e-10,506961,0.027286917,0.053096083,0.00174537511,0.254679042,0.056106041,0.000258584041,0.0416639169,0.447404958
1064,532,1064,3.28796133,0.0378482948,0.115588139,1.55913975e-06,2,0,9179,44656,7864,1418,0,168,0,0,6.58828991e-10,3.13353787e-11,0,1,0,0,0,1,7864,179.5,2.9909246,4.16141301,4.16077953,2.66279854,-0.000152228934,0.391346682,-0.10970723,0,0,0.000261532721,0,2226,derived,0,0,0,0,0,0,0,0,0,0,0.000625729923,0,813,0,0,0,6.35259208e-05,67593.621,67593.621,5.98442629e-10,507142,0.027715917,0.05223925,0.00180470804,0.255416417,0.055974334,0.000268250005,0.0415110411,0.447274625
1065,532.5,1065,3.26904651,0.037811007,0.115447691,1.5560908e-06,2,0,9179,44656,7864,1418,0,168,0,0,6.58828769e-10,7.6007034e-10,0,1,0,0,0,1,7864,179.5,2.99088302,4.16135517,4.16072169,2.66276153,-0.000152228934,0.39134668,-0.109707231,0,0,0.000261532721,0,2226,derived,0,0,0,0,0,0,0,0,0,0,0.000625729923,0,813,0,0,0,6.35259202e-05,67757.2191,67757.2191,2.17526219e-10,507048,0.027855125,0.0516540001,0.00186233304,0.255546708,0.0557800831,0.000267374911,0.04157175,0.447256292
1066,533,1066,3.25015031,0.0377738139,0.11530763,1.55305079e-06,2,0,9179,44656,7864,1418,0,168,0,0,6.58828991e-10,1.1509016e-10,0,1,0,0,0,1,7864,179.5,2.99084487,4.16130208,4.16066861,2.66272756,-0.000152228934,0.39134668,-0.109707232,0,0,0.000261532721,0,2226,derived,0,0,0,0,0,0,0,0,0,0,0.000625729923,0,813,0,0,0,6.35259195e-05,67921.0515,67921.0515,2.31360042e-10,507109,0.028620125,0.052179375,0.00179549993,0.256072417,0.0556685,0.000567874988,0.042746792,0.449943041
1067,533.5,1067,3.23127269,0.0377367106,0.115167939,1.55001971e-06,2,0,9179,44656,7864,1418,0,168,0,0,6.58828991e-10,5.54316926e-10,0,1,0,0,0,1,7864,179.5,2.99080939,4.16125272,4.16061925,2.66269597,-0.000152228934,0.391346679,-0.109707233,0,0,0.000261532721,0,2226,derived,0,0,0,0,0,0,0,0,0,0,0.000625729923,0,813,0,0,0,6.35259189e-05,68085.1184,68085.1184,4.42023085e-10,507243,0.028217416,0.052265125,0.00172779104,0.256732708,0.0550770831,0.000253499951,0.041943625,0.448853625
1068,534,1068,3.21241359,0.037699693,0.115028605,1.54699751e-06,2,0,9179,44656,7864,1418,0,168,0,0,6.58828991e-10,3.79890563e-10,0,1,0,0,0,1,7864,179.5,2.990776,4.16120627,4.16057281,2.66266625,-0.000152228934,0.391346683,-0.10970723,0,0,0.000261532721,0,2226,derived,0,0,0,0,0,0,0,0,0,0,0.000625729923,0,813,0,0,0,6.35259182e-05,68249.42,68249.42,3.93371336e-10,507164,0.030256042,0.053131583,0.00186212501,0.25477125,0.055014958,0.000259915949,0.0421964159,0.449885792
1069,534.5,1069,3.19357299,0.0376627594,0.114889624,1.54398661e-06,2,0,9179,44656,7864,1418,0,168,0,0,6.58828991e-10,2.30742869e-10,0,1,0,0,0,1,7864,179.5,2.99073969,4.16115576,4.16052231,2.66263393,-0.000152228934,0.391346688,-0.109707227,0,0,0.000261532721,0,2226,derived,0,0,0,0,0,0,0,0,0,0,0.000625729923,0,813,0,0,0,6.35259176e-05,68413.8219,68413.8219,1.06942233e-10,507262,0.0274707921,0.051721042,0.00180229195,0.2562535,0.055777917,0.000251875026,0.042799584,0.448853459
1070,535,1070,3.17475082,0.037625922,0.11475103,1.54098925e-06,2,0,9179,44656,7864,1418,0,168,0,0,6.58828991e-10,7.61984476e-10,0,1,0,0,0,1,7864,179.5,2.99069803,4.16109779,4.16046435,2.66259684,-0.000152228934,0.391346686,-0.109707228,0,0,0.000261532721,0,2226,derived,0,0,0,0,0,0,0,0,0,0,0.000625729923,0,813,0,0,0,6.35259169e-05,68578.198,68578.198,4.69382089e-10,507244,0.028640209,0.052188625,0.00185508304,0.257556042,0.0553298751,0.000252582948,0.0447566251,0.452886875
1071,535.5,1071,3.15594705,0.0375891791,0.114612819,1.53800063e-06,2,0,9179,44656,7864,1418,0,168,0,0,6.58828991e-10,2.09643192e-10,0,1,0,0,0,1,7864,179.5,2.99066,4.16104488,4.16041145,2.66256298,-0.000152228934,0.391346687,-0.109707227,0,0,0.000261532721,0,2226,derived,0,0,0,0,0,0,0,0,0,0,0.000625729923,0,813,0,0,0,6.35259163e-05,68742.8079,68742.8079,-3.48270635e-10,507219,0.0274094581,0.0528099589,0.00198941701,0.25593675,0.055926625,0.000254582963,0.041350917,0.447941625
1072,536,1072,3.13716163,0.0375525254,0.114474974,1.53502071e-06,2,0,9179,44656,7864,1418,0,168,0,0,6.58828769e-10,3.13745696e-10,0,1,0,0,0,1,7864,179.5,2.99062482,4.16099591,4.16036248,2.66253164,-0.000152228934,0.391346679,-0.109707232,0,0,0.000261532721,0,2226,derived,0,0,0,0,0,0,0,0,0,0,0.000625729923,0,813,0,0,0,6.35259157e-05,68907.6516,68907.6516,4.36439995e-10,507331,0.0276910419,0.0526505,0.00173433404,0.254819167,0.056110125,0.000265042065,0.041598,0.447494584
1073,536.5,1073,3.11839452,0.0375159568,0.114337484,1.53204946e-06,2,0,9179,44656,7864,1418,0,168,0,0,6.58828991e-10,7.65844277e-10,0,1,0,0,0,1,7864,179.5,2.99059184,4.16095001,4.1603166,2.66250228,-0.000152228934,0.391346676,-0.109707234,0,0,0.000261532721,0,2226,derived,0,0,0,0,0,0,0,0,0,0,0.000625729923,0,813,0,0,0,6.3525915e-05,69072.7295,69072.7295,-4.87258345e-10,507367,0.026939125,0.0529158751,0.00177320896,0.254176542,0.055921625,0.000258416054,0.0412492909,0.445912917
1074,537,1074,3.09964566,0.0374794701,0.114200336,1.52908698e-06,2,0,9179,44656,7864,1418,0,168,0,0,6.58828991e-10,2.99959169e-10,0,1,0,0,0,1,7864,179.5,2.99056032,4.16090617,4.16027276,2.66247423,-0.000152228934,0.391346682,-0.10970723,0,0,0.000261532721,0,2226,derived,0,0,0,0,0,0,0,0,0,0,0.000625729923,0,813,0,0,0,6.35259144e-05,69238.0341,69238.0341,-4.24607016e-10,507370,0.027690667,0.0523308751,0.001769125,0.255437333,0.055523625,0.000254874933,0.042146083,0.44761075
1075,537.5,1075,3.08091503,0.0374430733,0.114063554,1.52614001e-06,2,0,9179,44656,7864,1418,0,168,0,0,6.58828991e-10,1.37369338e-10,0,1,0,0,0,1,7864,179.5,2.99051836,4.16084778,4.16021438,2.66243686,-0.000152228934,0.391346677,-0.109707234,0,0,0.000261532721,0,2226,derived,0,0,0,0,0,0,0,0,0,0,0.000625729923,0,813,0,0,0,6.35259138e-05,69403.1846,69403.1846,4.59049243e-10,507348,0.028133334,0.0529904589,0.00172924995,0.255387417,0.055924041,0.000263666967,0.041764666,0.44898075
1076,538,1076,3.06220258,0.0374067713,0.113927155,1.52320158e-06,2,0,9179,44656,7864,1418,0,168,0,0,6.58828991e-10,5.46230727e-10,0,1,0,0,0,1,7864,179.5,2.99048026,4.1607948,4.16016141,2.66240296,-0.000152228934,0.391346685,-0.109707229,0,0,0.000261532721,0,2226,derived,0,0,0,0,0,0,0,0,0,0,0.000625729923,0,813,0,0,0,6.35259132e-05,69568.5683,69568.5683,3.10196313e-13,507331,0.0283652501,0.052286417,0.00175449997,0.256079792,0.055213291,0.000252583995,0.04203375,0.448571542
1077,538.5,1077,3.04350825,0.0373705583,0.113791119,1.52027164e-06,2,0,9179,44656,7864,1418,0,168,0,0,6.58828991e-10,6.47401022e-10,0,1,0,0,0,1,7864,179.5,2.99044523,4.16074604,4.16011265,2.66237176,-0.000152228934,0.391346676,-0.109707234,0,0,0.000261532721,0,2226,derived,0,0,0,0,0,0,0,0,0,0,0.000625729923,0,813,0,0,0,6.35259125e-05,69734.1853,69734.1853,-4.03197364e-10,507286,0.0278212089,0.052792375,0.00217425008,0.255314042,0.055713,0.000261334004,0.041459166,0.447909542
1078,539,1078,3.02483201,0.0373344298,0.113655432,1.51735016e-06,2,0,9179,44656,7864,1418,0,168,0,0,6.58828769e-10,2.95071967e-10,0,1,0,0,0,1,7864,179.5,2.99041252,4.16070056,4.16006718,2.66234266,-0.000152228934,0.391346687,-0.109707227,0,0,0.000261532721,0,2226,derived,0,0,0,0,0,0,0,0,0,0,0.000625729923,0,813,0,0,0,6.35259119e-05,69900.0357,69900.0357,3.36728645e-10,507068,0.028244375,0.051990125,0.00189387496,0.25519775,0.0563286671,0.000252458034,0.041886583,0.448312625
1079,539.5,1079,3.00617381,0.0372983825,0.113520084,1.51443711e-06,2,0,9179,44656,7864,1418,0,168,0,0,6.58828991e-10,2.9186209e-11,0,1,0,0,0,1,7864,179.5,2.99038169,4.16065764,4.16002427,2.6623152,-0.000152228934,0.391346684,-0.109707229,0,0,0.000261532721,0,2226,derived,0,0,0,0,0,0,0,0,0,0,0.000625729923,0,813,0,0,0,6.35259113e-05,70066.1198,70066.1198,2.14997353e-10,506933,0.029014833,0.0524457081,0.00172537495,0.258160458,0.0574350001,0.000266542076,0.0415531249,0.453629125
1080,540,1080,2.98753362,0.0372624182,0.11338508,1.51153709e-06,2,0,9179,44656,7864,1418,0,168,0,0,6.58828991e-10,3.25500071e-10,0,1,0,0,0,1,7864,179.5,2.99034389,4.16060506,4.1599717,2.66228155,-0.000152228934,0.391346686,-0.109707228,0,0,0.000261532721,0,2226,derived,0,0,0,0,0,0,0,0,0,0,0.000625729923,0,813,0,0,0,6.35259107e-05,70232.1723,70232.1723,5.1296567e-10,506540,0.027238958,0.052425,0.00189458404,0.256915292,0.0558297089,0.000258542015,0.042010625,0.449108041
1081,540.5,1081,2.96891138,0.0372265478,0.113250453,1.50864768e-06,2,0,9179,44656,7864,1418,0,168,0,0,6.58828991e-10,5.93966987e-10,0,1,0,0,0,1,7864,179.5,2.99030559,4.16055176,4.1599184,2.66224745,-0.000152228934,0.391346682,-0.10970723,0,0,0.000261532721,0,2226,derived,0,0,0,0,0,0,0,0,0,0,0.000625729923,0,813,0,0,0,6.35259101e-05,70398.3262,70398.3262,5.78536774e-10,506200,0.027589333,0.053008417,0.00177758408,0.255666916,0.0554897081,0.000255792052,0.0421478329,0.448334167
1082,541,1082,2.95030706,0.0371907666,0.113116187,1.50576657e-06,2,0,9179,44656,7864,1418,0,168,0,0,6.58828991e-10,7.3945583e-10,0,1,0,0,0,1,7864,179.5,2.99027053,4.160503,4.15986965,2.66221624,-0.000152228934,0.391346689,-0.109707226,0,0,0.000261532721,0,2226,derived,0,0,0,0,0,0,0,0,0,0,0.000625729923,0,813,0,0,0,6.35259094e-05,70564.7128,70564.7128,5.52421664e-10,505667,0.0283259159,0.0519645,0.00177883299,0.255235583,0.0551488331,0.000265332987,0.041473084,0.446842541
1083,541.5,1083,2.93172061,0.0371550696,0.112982268,1.50289372e-06,2,0,9179,44656,7864,1418,0,168,0,0,6.58828769e-10,5.26318544e-10,0,1,0,0,0,1,7864,179.5,2.99023803,4.16045777,4.15982443,2.6621873,-0.000152228934,0.391346686,-0.109707228,0,0,0.000261532721,0,2226,derived,0,0,0,0,0,0,0,0,0,0,0.000625729923,0,813,0,0,0,6.35259088e-05,70731.3323,70731.3323,1.68298042e-10,504916,0.027661834,0.052703167,0.00176983303,0.255102667,0.055514708,0.000265292008,0.04243575,0.448208209
1084,542,1084,2.91315198,0.0371194531,0.112848683,1.5000291e-06,2,0,9179,44656,7864,1418,0,168,0,0,6.58828991e-10,3.40654838e-10,0,1,0,0,0,1,7864,179.5,2.99020752,4.16041529,4.15978196,2.66216012,-0.000152228934,0.391346677,-0.109707234,0,0,0.000261532721,0,2226,derived,0,0,0,0,0,0,0,0,0,0,0.000625729923,0,813,0,0,0,6.35259082e-05,70898.1848,70898.1848,3.26967564e-10,504018,0.027538083,0.0525360421,0.00184300006,0.255485959,0.055702916,0.000252292026,0.0414385421,0.447153791
1085,542.5,1085,2.89460114,0.0370839152,0.112715427,1.49717465e-06,2,0,9179,44656,7864,1418,0,168,0,0,6.58828769e-10,1.82341475e-10,0,1,0,0,0,1,7864,179.5,2.99017472,4.16036968,4.15973635,2.66213094,-0.000152228934,0.391346685,-0.109707228,0,0,0.000261532721,0,2226,derived,0,0,0,0,0,0,0,0,0,0,0.000625729923,0,813,0,0,0,6.35259076e-05,71065.1548,71065.1548,-6.3773542e-11,502887,0.0276302079,0.052284125,0.00175983296,0.255995416,0.055178833,0.000253750011,0.041862334,0.447600791
1086,543,1086,2.87606805,0.0370484674,0.112582533,1.49433315e-06,2,0,9179,44656,7864,1418,0,168,0,0,6.58828991e-10,5.12698772e-11,0,1,0,0,0,1,7864,179.5,2.99013597,4.16031575,4.15968242,2.66209642,-0.000152228934,0.391346677,-0.109707234,0,0,0.000261532721,0,2226,derived,0,0,0,0,0,0,0,0,0,0,0.000625729923,0,813,0,0,0,6.3525907e-05,71232.0754,71232.0754,-2.59058441e-10,501695,0.0281670829,0.052103,0.00203970796,0.254988916,0.055630791,0.000254541053,0.04133625,0.447180958
1087,543.5,1087,2.85755266,0.037013109,0.11245,1.49149975e-06,2,0,9179,44656,7864,1418,0,168,0,0,6.58828991e-10,5.2657545e-11,0,1,0,0,0,1,7864,179.5,2.99010073,4.16026674,4.15963343,2.66206507,-0.000152228934,0.391346686,-0.109707228,0,0,0.000261532721,0,2226,derived,0,0,0,0,0,0,0,0,0,0,0.000625729923,0,813,0,0,0,6.35259064e-05,71399.228,71399.228,6.50517418e-10,500336,0.028249,0.0524973751,0.00191608397,0.255567292,0.055509542,0.000265375013,0.0422309589,0.448436042
1088,544,1088,2.83905493,0.0369778349,0.112317812,1.48867442e-06,2,0,9179,44656,7864,1418,0,168,0,0,6.58828769e-10,1.29566913e-10,0,1,0,0,0,1,7864,179.5,2.99006826,4.16022157,4.15958827,2.66203617,-0.000152228934,0.39134669,-0.109707225,0,0,0.000261532721,0,2226,derived,0,0,0,0,0,0,0,0,0,0,0.000625729923,0,813,0,0,0,6.35259058e-05,71566.613,71566.613,-3.13316928e-10,498889,0.0272893331,0.0526805,0.00175020797,0.254243166,0.0556524999,0.000265332987,0.0414775,0.445898
1089,544.5,1089,2.82057482,0.0369426409,0.112185955,1.48585712e-06,2,0,9179,44656,7864,1418,0,168,0,0,6.58828991e-10,1.79582016e-10,0,1,0,0,0,1,7864,179.5,2.99003796,4.16017938,4.15954608,2.66200917,-0.000152228934,0.391346679,-0.109707232,0,0,0.000261532721,0,2226,derived,0,0,0,0,0,0,0,0,0,0,0.000625729923,0,813,0,0,0,6.35259052e-05,71734.2303,71734.2303,6.00906658e-10,497370,0.028065417,0.052253125,0.00185433298,0.2550475,0.0559145841,0.00025641697,0.042112292,0.447738084
1090,545,1090,2.80211228,0.036907524,0.11205442,1.48304783e-06,2,0,9179,44656,7864,1418,0,168,0,0,6.58828769e-10,2.0282287e-10,0,1,0,0,0,1,7864,179.5,2.99000929,4.16013951,4.15950621,2.66198365,-0.000152228934,0.391346683,-0.10970723,0,0,0.000261532721,0,2226,derived,0,0,0,0,0,0,0,0,0,0,0.000625729923,0,813,0,0,0,6.35259046e-05,71902.0803,71902.0803,-4.91086061e-11,495542,0.029319209,0.0527666659,0.00175525004,0.256477416,0.055698541,0.000254084007,0.041661959,0.450633875
1091,545.5,1091,2.78366729,0.0368724897,0.111923222,1.48025238e-06,2,0,9179,44656,7864,1418,0,168,0,0,6.58828991e-10,1.99408601e-10,0,1,0,0,0,1,7864,179.5,2.98997138,4.16008675,4.15945346,2.66194989,-0.000152228934,0.39134668,-0.109707232,0,0,0.000261532721,0,2226,derived,0,0,0,0,0,0,0,0,0,0,0.000625729923,0,813,0,0,0,6.3525904e-05,72069.8096,72069.8096,4.68121986e-10,493954,0.027122291,0.0527182079,0.00176141702,0.255135042,0.055436083,0.000263291993,0.0416331249,0.446316041
1092,546,1092,2.76523978,0.0368375454,0.111792385,1.47746561e-06,2,0,9179,44656,7864,1418,0,168,0,0,6.58828769e-10,1.6942181e-10,0,1,0,0,0,1,7864,179.5,2.98993578,4.16003723,4.15940395,2.66191821,-0.000152228934,0.391346682,-0.10970723,0,0,0.000261532721,0,2226,derived,0,0,0,0,0,0,0,0,0,0,0.000625729923,0,813,0,0,0,6.35259034e-05,72237.7248,72237.7248,5.12778486e-10,491919,0.027649958,0.0526695419,0.00193712499,0.25422925,0.0566311671,0.00026583299,0.041320208,0.447349083
1093,546.5,1093,2.74682973,0.0368026856,0.111661891,1.47468671e-06,2,0,9179,44656,7864,1418,0,168,0,0,6.58828769e-10,1.12982401e-10,0,1,0,0,0,1,7864,179.5,2.98990319,4.1599919,4.15935863,2.6618892,-0.000152228934,0.391346688,-0.109707227,0,0,0.000261532721,0,2226,derived,0,0,0,0,0,0,0,0,0,0,0.000625729923,0,813,0,0,0,6.35259028e-05,72405.8717,72405.8717,-8.12820922e-11,490153,0.0278336251,0.052316875,0.00189062499,0.253919541,0.055738042,0.000284250011,0.041142792,0.445392125
1094,547,1094,2.72843709,0.0367679058,0.111531726,1.47191566e-06,2,0,9179,44656,7864,1418,0,168,0,0,6.58828769e-10,3.0211722e-11,0,1,0,0,0,1,7864,179.5,2.98987295,4.15994982,4.15931655,2.66186228,-0.000152228934,0.391346687,-0.109707227,0,0,0.000261532721,0,2226,derived,0,0,0,0,0,0,0,0,0,0,0.000625729923,0,813,0,0,0,6.35259022e-05,72574.2504,72574.2504,-2.91862978e-10,488189,0.027564,0.0514854169,0.00183341699,0.255871792,0.0555207919,0.000251124962,0.0414100001,0.446477125
1095,547.5,1095,2.71006181,0.0367332027,0.11140188,1.46915243e-06,2,0,9179,44656,7864,1418,0,168,0,0,6.58828769e-10,7.87727661e-11,0,1,0,0,0,1,7864,179.5,2.98984452,4.15991026,4.15927701,2.66183697,-0.000152228934,0.391346687,-0.109707227,0,0,0.000261532721,0,2226,derived,0,0,0,0,0,0,0,0,0,0,0.000625729923,0,813,0,0,0,6.35259016e-05,72742.861,72742.861,6.67696565e-10,486170,0.027307209,0.053056583,0.00200704101,0.255285292,0.055971958,0.000256542,0.0416117919,0.448168375
1096,548,1096,2.69170388,0.0366985756,0.11127235,1.46639993e-06,2,0,9179,44656,7864,1418,0,168,0,0,6.58828769e-10,2.13855378e-10,0,1,0,0,0,1,7864,179.5,2.98981184,4.1598648,4.15923155,2.66180787,-0.000152228934,0.391346689,-0.109707226,0,0,0.000261532721,0,2226,derived,0,0,0,0,0,0,0,0,0,0,0.000625729923,0,813,0,0,0,6.3525901e-05,72911.5231,72911.5231,4.44597248e-10,483989,0.027855291,0.0516156671,0.00182729098,0.256024,0.055611625,0.00026637502,0.041033166,0.447029708
1097,548.5,1097,2.67336323,0.0366640366,0.111143172,1.46365873e-06,2,0,9179,44656,7864,1418,0,168,0,0,6.58828991e-10,3.74940301e-10,0,1,0,0,0,1,7864,179.5,2.98977565,4.15981444,4.15918119,2.66177565,-0.000152228934,0.391346685,-0.109707228,0,0,0.000261532721,0,2226,derived,0,0,0,0,0,0,0,0,0,0,0.000625729923,0,813,0,0,0,6.35259004e-05,73080.1974,73080.1974,-3.01437098e-10,481936,0.02751,0.052526208,0.00200791599,0.256653,0.055933709,0.000252667,0.0415181251,0.449070417
1098,549,1098,2.65503983,0.0366295826,0.111014336,1.46092523e-06,2,0,9179,44656,7864,1418,0,168,0,0,6.58828769e-10,5.61928726e-10,0,1,0,0,0,1,7864,179.5,2.98974279,4.1597687,4.15913546,2.66174638,-0.000152228934,0.391346678,-0.109707233,0,0,0.000261532721,0,2226,derived,0,0,0,0,0,0,0,0,0,0,0.000625729923,0,813,0,0,0,6.35258998e-05,73249.1027,73249.1027,-5.45856027e-10,479900,0.027238459,0.0523331671,0.00180341594,0.2556615,0.0557022911,0.000262833084,0.041072292,0.446556459
1099,549.5,1099,2.63673364,0.0365952089,0.110885829,1.45819938e-06,2,0,9179,44656,7864,1418,0,168,0,0,6.58828769e-10,7.74702968e-10,0,1,0,0,0,1,7864,179.5,2.98971249,4.15972653,4.1590933,2.6617194,-0.000152228934,0.391346677,-0.109707234,0,0,0.000261532721,0,2226,derived,0,0,0,0,0,0,0,0,0,0,0.000625729923,0,813,0,0,0,6.35258992e-05,73418.2392,73418.2392,-5.53587953e-10,477714,0.027496667,0.052723416,0.00196279201,0.255819167,0.055803125,0.000251958962,0.0417205831,0.448465417
1100,550,1100,2.61844461,0.0365609116,0.110757638,1.45548118e-06,2,0,9179,44656,7864,1418,0,168,0,0,6.58828769e-10,5.6101479e-10,0,1,0,0,0,1,7864,179.5,2.98968415,4.15968714,4.15905392,2.66169419,-0.000152228934,0.39134669,-0.109707225,0,0,0.000261532721,0,2226,derived,0,0,0,0,0,0,0,0,0,0,0.000625729923,0,813,0,0,0,6.35258987e-05,73587.607,73587.607,5.23818544e-10,475471,0.0275622919,0.051680333,0.00188854092,0.25605925,0.055845083,0.000252291095,0.0408037091,0.44662325
1101,550.5,1101,2.60017272,0.0365266878,0.110629753,1.45277058e-06,2,0,9179,44656,7864,1418,0,168,0,0,6.58828991e-10,2.97014746e-10,0,1,0,0,0,1,7864,179.5,2.98965741,4.15964991,4.15901669,2.66167037,-0.000152228934,0.391346677,-0.109707234,0,0,0.000261532721,0,2226,derived,0,0,0,0,0,0,0,0,0,0,0.000625729923,0,813,0,0,0,6.35258981e-05,73757.2064,73757.2064,6.23599394e-10,473147,0.029797917,0.05196925,0.00183891598,0.257751583,0.0553437909,0.000253708917,0.040727166,0.4503995
1102,551,1102,2.58191791,0.0364925451,0.110502197,1.45007387e-06,2,0,9179,44656,7864,1418,0,168,0,0,6.58828991e-10,7.56927854e-12,0,1,0,0,0,1,7864,179.5,2.98962042,4.15959847,4.15896526,2.66163745,-0.000152228934,0.391346687,-0.109707227,0,0,0.000261532721,0,2226,derived,0,0,0,0,0,0,0,0,0,0,0.000625729923,0,813,0,0,0,6.35258975e-05,73926.6401,73926.6401,-5.41521383e-10,470795,0.0282424169,0.0515334581,0.00182770891,0.257340416,0.0558191669,0.000281832996,0.0410715829,0.448784167
1103,551.5,1103,2.56368016,0.0364584884,0.110374985,1.44738474e-06,2,0,9179,44656,7864,1418,0,168,0,0,6.58828991e-10,3.07247117e-10,0,1,0,0,0,1,7864,179.5,2.98958702,4.159552,4.1589188,2.66160772,-0.000152228934,0.391346687,-0.109707227,0,0,0.000261532721,0,2226,derived,0,0,0,0,0,0,0,0,0,0,0.000625729923,0,813,0,0,0,6.35258969e-05,74096.3003,74096.3003,-1.39495082e-11,468576,0.026852167,0.0529486659,0.00199391705,0.255900375,0.055978209,0.000258540967,0.041047208,0.447800292
1104,552,1104,2.54545941,0.0364245124,0.110248101,1.44470309e-06,2,0,9179,44656,7864,1418,0,168,0,0,6.58828991e-10,6.47318421e-10,0,1,0,0,0,1,7864,179.5,2.98955648,4.15950951,4.15887631,2.66158053,-0.000152228934,0.391346688,-0.109707227,0,0,0.000261532721,0,2226,derived,0,0,0,0,0,0,0,0,0,0,0.000625729923,0,813,0,0,0,6.35258963e-05,74266.1911,74266.1911,5.44023049e-10,466233,0.0276919589,0.052398292,0.00175079191,0.253892125,0.0560230829,0.000268207979,0.041922083,0.446782417
1105,552.5,1105,2.52725564,0.036390613,0.110121531,1.44202891e-06,2,0,9179,44656,7864,1418,0,168,0,0,6.58828991e-10,5.6163052e-10,0,1,0,0,0,1,7864,179.5,2.98952818,4.1594701,4.1588369,2.66155531,-0.000152228934,0.391346678,-0.109707233,0,0,0.000261532721,0,2226,derived,0,0,0,0,0,0,0,0,0,0,0.000625729923,0,813,0,0,0,6.35258958e-05,74436.3128,74436.3128,-6.29444274e-10,463947,0.027666166,0.0518780419,0.00181175,0.25670525,0.05540175,0.000261249952,0.040870583,0.446946416
1106,553,1106,2.50906879,0.0363567868,0.109995265,1.43936215e-06,2,0,9179,44656,7864,1418,0,168,0,0,6.58828991e-10,1.71387682e-10,0,1,0,0,0,1,7864,179.5,2.98950156,4.15943306,4.15879988,2.66153161,-0.000152228934,0.391346677,-0.109707234,0,0,0.000261532721,0,2226,derived,0,0,0,0,0,0,0,0,0,0,0.000625729923,0,813,0,0,0,6.35258952e-05,74606.6653,74606.6653,-1.30814914e-10,461463,0.0278327919,0.0526042921,0.0017817911,0.255346291,0.055712041,0.000263458933,0.040905208,0.446858875
1107,553.5,1107,2.49089884,0.036323034,0.109869302,1.43670593e-06,2,0,9179,44656,7864,1418,0,168,0,0,6.58828769e-10,2.43776777e-10,0,1,0,0,0,1,7864,179.5,2.98947016,4.15938939,4.15875621,2.66150367,-0.000152228934,0.391346683,-0.10970723,0,0,0.000261532721,0,2226,derived,0,0,0,0,0,0,0,0,0,0,0.000625729923,0,813,0,0,0,6.35258946e-05,74777.0475,74777.0475,-8.20123969e-11,459148,0.027731958,0.052557291,0.00173983304,0.257034375,0.05527225,0.000250833924,0.040998167,0.448162333
1108,554,1108,2.47274575,0.036289366,0.109743678,1.43406018e-06,2,0,9179,44656,7864,1418,0,168,0,0,6.58828769e-10,6.83774593e-10,0,1,0,0,0,1,7864,179.5,2.98943599,4.15934183,4.15870866,2.66147324,-0.000152228934,0.391346678,-0.109707233,0,0,0.000261532721,0,2226,derived,0,0,0,0,0,0,0,0,0,0,0.000625729923,0,813,0,0,0,6.3525894e-05,74947.4593,74947.4593,-6.11202866e-10,456717,0.0273353751,0.05249625,0.00169545808,0.254977084,0.0559975001,0.000261791982,0.040658584,0.446092958
1109,554.5,1109,2.45460947,0.0362557796,0.109618382,1.43142175e-06,2,0,9179,44656,7864,1418,0,168,0,0,6.58828991e-10,4.25649183e-10,0,1,0,0,0,1,7864,179.5,2.989405,4.15929874,4.15866557,2.66144566,-0.000152228934,0.391346683,-0.10970723,0,0,0.000261532721,0,2226,derived,0,0,0,0,0,0,0,0,0,0,0.000625729923,0,813,0,0,0,6.35258935e-05,75118.101,75118.101,-4.65958383e-11,454254,0.0275382081,0.05256075,0.00175479194,0.254656375,0.056056583,0.000252834056,0.041065917,0.44666125
1110,555,1110,2.43648996,0.0362222701,0.1094934,1.42879061e-06,2,0,9179,44656,7864,1418,0,168,0,0,6.58828991e-10,6.37161435e-11,0,1,0,0,0,1,7864,179.5,2.98937649,4.15925908,4.15862592,2.66142028,-0.000152228934,0.391346689,-0.109707226,0,0,0.000261532721,0,2226,derived,0,0,0,0,0,0,0,0,0,0,0.000625729923,0,813,0,0,0,6.35258929e-05,75288.9729,75288.9729,-3.19512194e-11,451922,0.0274080001,0.052090042,0.00180008297,0.255629667,0.055798917,0.000257291947,0.040659709,0.446184584
1111,555.5,1111,2.41838719,0.0361888339,0.10936872,1.42616672e-06,2,0,9179,44656,7864,1418,0,168,0,0,6.58828769e-10,5.77600634e-10,0,1,0,0,0,1,7864,179.5,2.9893499,4.15922207,4.15858892,2.66139661,-0.000152228934,0.391346684,-0.109707229,0,0,0.000261532721,0,2226,derived,0,0,0,0,0,0,0,0,0,0,0.000625729923,0,813,0,0,0,6.35258923e-05,75460.0751,75460.0751,2.15605089e-10,449294,0.027382917,0.052848708,0.00174437498,0.256138792,0.0553801671,0.000252999947,0.039972042,0.446731417
1112,556,1112,2.40030112,0.0361554681,0.109244334,1.42355007e-06,2,0,9179,44656,7864,1418,0,168,0,0,6.58828991e-10,4.58263094e-10,0,1,0,0,0,1,7864,179.5,2.98932477,4.15918713,4.15855398,2.66137425,-0.000152228934,0.39134669,-0.109707226,0,0,0.000261532721,0,2226,derived,0,0,0,0,0,0,0,0,0,0,0.000625729923,0,813,0,0,0,6.35258918e-05,75631.4078,75631.4078,-3.29981598e-11,446829,0.029053833,0.0517635,0.001849166,0.255569167,0.055506125,0.000266832998,0.0404558331,0.447129083
1113,556.5,1113,2.38223171,0.0361221801,0.109120262,1.42094665e-06,2,0,9179,44656,7864,1418,0,168,0,0,6.58828991e-10,1.04342757e-10,0,1,0,0,0,1,7864,179.5,2.98928971,4.15913833,4.15850519,2.66134302,-0.000152228934,0.391346684,-0.109707229,0,0,0.000261532721,0,2226,derived,0,0,0,0,0,0,0,0,0,0,0.000625729923,0,813,0,0,0,6.35258912e-05,75802.5744,75802.5744,-1.81121562e-10,444356,0.0270955421,0.052701333,0.00197808398,0.254761584,0.0559507919,0.000263875001,0.0406893339,0.446394292
1114,557,1114,2.36417893,0.0360889749,0.10899652,1.41835047e-06,2,0,9179,44656,7864,1418,0,168,0,0,6.58828991e-10,6.91187552e-10,0,1,0,0,0,1,7864,179.5,2.98925804,4.15909428,4.15846114,2.66131483,-0.000152228934,0.391346687,-0.109707227,0,0,0.000261532721,0,2226,derived,0,0,0,0,0,0,0,0,0,0,0.000625729923,0,813,0,0,0,6.35258906e-05,75973.9636,75973.9636,2.85124813e-10,441867,0.027544166,0.051758875,0.001799708,0.256323709,0.055466208,0.000253250008,0.04026675,0.445969041
1115,557.5,1115,2.34614273,0.0360558474,0.108873093,1.41576142e-06,2,0,9179,44656,7864,1418,0,168,0,0,6.58828769e-10,2.720002e-10,0,1,0,0,0,1,7864,179.5,2.98922917,4.1590541,4.15842097,2.66128913,-0.000152228934,0.391346687,-0.109707227,0,0,0.000261532721,0,2226,derived,0,0,0,0,0,0,0,0,0,0,0.000625729923,0,813,0,0,0,6.35258901e-05,76145.5824,76145.5824,-2.56780153e-11,439890,0.0276354171,0.052431416,0.00180987502,0.255535292,0.0554580421,0.000265375013,0.040130417,0.446042583
1116,558,1116,2.32812307,0.0360227934,0.108749967,1.41317947e-06,2,0,9179,44656,7864,1418,0,168,0,0,6.58828769e-10,3.62995856e-10,0,1,0,0,0,1,7864,179.5,2.98920247,4.15901692,4.1583838,2.66126533,-0.000152228934,0.391346678,-0.109707233,0,0,0.000261532721,0,2226,derived,0,0,0,0,0,0,0,0,0,0,0.000625729923,0,813,0,0,0,6.35258895e-05,76317.4309,76317.4309,-2.42681431e-10,439703,0.027904209,0.055120291,0.00185366604,0.257771916,0.055438709,0.000259874971,0.0415605841,0.454935584
1117,558.5,1117,2.31011992,0.0359898099,0.108627132,1.41060458e-06,2,0,9179,44656,7864,1418,0,168,0,0,6.58828991e-10,5.52251023e-10,0,1,0,0,0,1,7864,179.5,2.9891774,4.15898205,4.15834893,2.66124302,-0.000152228934,0.391346681,-0.109707231,0,0,0.000261532721,0,2226,derived,0,0,0,0,0,0,0,0,0,0,0.000625729923,0,813,0,0,0,6.3525889e-05,76489.5092,76489.5092,2.91170643e-10,439472,0.027777042,0.053067,0.00176308304,0.257390458,0.056482584,0.000260457979,0.0412933331,0.450731167
1118,559,1118,2.29213325,0.0359568961,0.108504587,1.40803936e-06,2,0,9179,44656,7864,1418,0,168,0,0,6.58828991e-10,1.30479849e-10,0,1,0,0,0,1,7864,179.5,2.98914834,4.15894164,4.15830853,2.66121717,-0.000152228934,0.391346686,-0.109707228,0,0,0.000261532721,0,2226,derived,0,0,0,0,0,0,0,0,0,0,0.000625729923,0,813,0,0,0,6.35258884e-05,76661.6408,76661.6408,-3.87404442e-10,439308,0.027348417,0.0521155,0.00180045795,0.256303875,0.055569,0.000262959045,0.040297917,0.446133625
1119,559.5,1119,2.27416302,0.0359240638,0.108382365,1.40548452e-06,2,0,9179,44656,7864,1418,0,168,0,0,6.58828769e-10,7.37220063e-10,0,1,0,0,0,1,7864,179.5,2.98911569,4.15889621,4.15826311,2.6611881,-0.000152228934,0.391346685,-0.109707228,0,0,0.000261532721,0,2226,derived,0,0,0,0,0,0,0,0,0,0,0.000625729923,0,813,0,0,0,6.35258879e-05,76833.7741,76833.7741,3.18762794e-10,439236,0.0288783329,0.051542209,0.00180295797,0.255069041,0.055136833,0.000254667015,0.040171208,0.445526166
1120,560,1120,2.25620918,0.0358913102,0.10826046,1.40293663e-06,2,0,9179,44656,7864,1418,0,168,0,0,6.58828991e-10,7.11353199e-12,0,1,0,0,0,1,7864,179.5,2.98908622,4.1588552,4.1582221,2.66116185,-0.000152228934,0.391346683,-0.10970723,0,0,0.000261532721,0,2226,derived,0,0,0,0,0,0,0,0,0,0,0.000625729923,0,813,0,0,0,6.35258873e-05,77006.1364,77006.1364,-6.13062934e-11,439119,0.027536458,0.0527993749,0.00176449993,0.254677125,0.055847833,0.00025195803,0.041651,0.44717925
1121,560.5,1121,2.2382717,0.0358586308,0.108138855,1.40039568e-06,2,0,9179,44656,7864,1418,0,168,0,0,6.58828991e-10,7.46532614e-10,0,1,0,0,0,1,7864,179.5,2.98905919,4.15881759,4.1581845,2.66113779,-0.000152228934,0.391346683,-0.10970723,0,0,0.000261532721,0,2226,derived,0,0,0,0,0,0,0,0,0,0,0.000625729923,0,813,0,0,0,6.35258867e-05,77178.7278,77178.7278,-5.46203194e-10,438956,0.0277174159,0.05305375,0.00175737496,0.255853833,0.055643459,0.000255082967,0.0407397919,0.447590916
1122,561,1122,2.22035054,0.035826022,0.108017542,1.39786164e-06,2,0,9179,44656,7864,1418,0,168,0,0,6.58828991e-10,5.05450126e-11,0,1,0,0,0,1,7864,179.5,2.98903404,4.1587826,4.15814952,2.6611154,-0.000152228934,0.391346687,-0.109707227,0,0,0.000261532721,0,2226,derived,0,0,0,0,0,0,0,0,0,0,0.000625729923,0,813,0,0,0,6.35258862e-05,77351.5484,77351.5484,-3.99458133e-10,438940,0.027750083,0.05203925,0.00182945898,0.254802542,0.055780833,0.000264459057,0.040962292,0.446252791
1123,561.5,1123,2.20244567,0.035793481,0.10789651,1.39533449e-06,2,0,9179,44656,7864,1418,0,168,0,0,6.58828991e-10,7.49875939e-10,0,1,0,0,0,1,7864,179.5,2.98901036,4.15874964,4.15811656,2.66109431,-0.000152228934,0.391346678,-0.109707233,0,0,0.000261532721,0,2226,derived,0,0,0,0,0,0,0,0,0,0,0.000625729923,0,813,0,0,0,6.35258856e-05,77524.5984,77524.5984,-3.60553032e-10,438935,0.026933416,0.052552417,0.00203170907,0.256667333,0.0555195421,0.000254207989,0.041143083,0.44768125
1124,562,1124,2.18455705,0.0357610129,0.107775774,1.39281927e-06,2,0,9179,44656,7864,1418,0,168,0,0,6.58828991e-10,6.25499652e-13,0,1,0,0,0,1,7864,179.5,2.9889781,4.15870475,4.15807167,2.66106558,-0.000152228934,0.391346677,-0.109707234,0,0,0.000261532721,0,2226,derived,0,0,0,0,0,0,0,0,0,0,0.000625729923,0,813,0,0,0,6.35258851e-05,77697.5278,77697.5278,3.28681304e-10,438843,0.02775575,0.051794208,0.00179654208,0.25582525,0.05559575,0.000264916918,0.040202958,0.446364958
1125,562.5,1125,2.16668464,0.0357286252,0.107655356,1.39031166e-06,2,0,9179,44656,7864,1418,0,168,0,0,6.58828769e-10,7.27956695e-10,0,1,0,0,0,1,7864,179.5,2.98894771,4.15866249,4.15802943,2.66103854,-0.000152228934,0.391346688,-0.109707227,0,0,0.000261532721,0,2226,derived,0,0,0,0,0,0,0,0,0,0,0.000625729923,0,813,0,0,0,6.35258846e-05,77870.6302,77870.6302,5.66965586e-10,438861,0.0274345831,0.051862375,0.00210237491,0.2558655,0.0553025,0.000252541038,0.040551417,0.446377833
1126,563,1126,2.14882841,0.0356963126,0.107535242,1.38781082e-06,2,0,9179,44656,7864,1418,0,168,0,0,6.58828769e-10,1.4194379e-10,0,1,0,0,0,1,7864,179.5,2.98892014,4.15862415,4.15799108,2.66101401,-0.000152228934,0.39134669,-0.109707225,0,0,0.000261532721,0,2226,derived,0,0,0,0,0,0,0,0,0,0,0.000625729923,0,813,0,0,0,6.3525884e-05,78043.9611,78043.9611,4.22292423e-10,438741,0.0282464169,0.0522559159,0.00180174992,0.254544417,0.0557573751,0.000260500005,0.041508417,0.447009042
1127,563.5,1127,2.13098832,0.0356640711,0.107415418,1.38531674e-06,2,0,9179,44656,7864,1418,0,168,0,0,6.58828769e-10,5.39346567e-10,0,1,0,0,0,1,7864,179.5,2.98889475,4.1585888,4.15795574,2.66099139,-0.000152228934,0.391346686,-0.109707228,0,0,0.000261532721,0,2226,derived,0,0,0,0,0,0,0,0,0,0,0.000625729923,0,813,0,0,0,6.35258835e-05,78217.5207,78217.5207,-5.45781642e-10,438731,0.0274087091,0.0511064171,0.00183737499,0.255276292,0.055318,0.00025195803,0.0410235419,0.444993292
1128,564,1128,2.11316434,0.0356318975,0.107295874,1.38282939e-06,2,0,9179,44656,7864,1418,0,168,0,0,6.58828991e-10,3.76396692e-10,0,1,0,0,0,1,7864,179.5,2.98887102,4.15855577,4.15792271,2.66097025,-0.000152228934,0.39134668,-0.109707232,0,0,0.000261532721,0,2226,derived,0,0,0,0,0,0,0,0,0,0,0.000625729923,0,813,0,0,0,6.35258829e-05,78391.309,78391.309,-4.2921533e-10,438665,0.027078625,0.051516458,0.0018412089,0.2548235,0.0551259579,0.000258125016,0.040278167,0.443217708
1129,564.5,1129,2.09535642,0.0355997902,0.107176605,1.38035025e-06,2,0,9179,44656,7864,1418,0,168,0,0,6.58828991e-10,2.59246846e-10,0,1,0,0,0,1,7864,179.5,2.98884541,4.15852014,4.15788709,2.66094745,-0.000152228934,0.391346679,-0.109707233,0,0,0.000261532721,0,2226,derived,0,0,0,0,0,0,0,0,0,0,0.000625729923,0,813,0,0,0,6.35258824e-05,78565.2203,78565.2203,-5.85487991e-10,438614,0.0274639591,0.052702083,0.00182495906,0.254723292,0.0561007919,0.000259583001,0.040392916,0.445864084
1130,565,1130,2.07756454,0.0355677598,0.107057642,1.37788204e-06,2,0,9179,44656,7864,1418,0,168,0,0,6.58828769e-10,7.01961156e-10,0,1,0,0,0,1,7864,179.5,2.98881377,4.15847614,4.1578431,2.6609193,-0.000152228934,0.391346688,-0.109707227,0,0,0.000261532721,0,2226,derived,0,0,0,0,0,0,0,0,0,0,0.000625729923,0,813,0,0,0,6.35258818e-05,78739.0595,78739.0595,1.13204113e-10,438705,0.027467291,0.052665417,0.00194166705,0.256926708,0.056627792,0.000253167003,0.041132917,0.449372041
1131,565.5,1131,2.05978865,0.0355358061,0.106938986,1.37542046e-06,2,0,9179,44656,7864,1418,0,168,0,0,6.58828991e-10,1.11623599e-10,0,1,0,0,0,1,7864,179.5,2.9887854,4.15843668,4.15780364,2.66089405,-0.000152228934,0.391346689,-0.109707226,0,0,0.000261532721,0,2226,derived,0,0,0,0,0,0,0,0,0,0,0.000625729923,0,813,0,0,0,6.35258813e-05,78913.1266,78913.1266,5.50646195e-11,438659,0.028735458,0.0524094581,0.00182120898,0.255384459,0.055051208,0.000259291963,0.041366834,0.44732325
1132,566,1132,2.04202872,0.0355039244,0.10682062,1.37296548e-06,2,0,9179,44656,7864,1418,0,168,0,0,6.58828991e-10,4.56197857e-10,0,1,0,0,0,1,7864,179.5,2.98875953,4.15840068,4.15776765,2.66087102,-0.000152228934,0.391346689,-0.109707226,0,0,0.000261532721,0,2226,derived,0,0,0,0,0,0,0,0,0,0,0.000625729923,0,813,0,0,0,6.35258808e-05,79087.4217,79087.4217,2.06356265e-10,438668,0.0286839999,0.0522259161,0.00178783305,0.255440708,0.055948958,0.000271499972,0.041281375,0.448314459
1133,566.5,1133,2.02428472,0.0354721111,0.106702535,1.37051707e-06,2,0,9179,44656,7864,1418,0,168,0,0,6.58828769e-10,5.72561554e-10,0,1,0,0,0,1,7864,179.5,2.98873559,4.15836735,4.15773433,2.66084969,-0.000152228934,0.391346681,-0.109707231,0,0,0.000261532721,0,2226,derived,0,0,0,0,0,0,0,0,0,0,0.000625729923,0,813,0,0,0,6.35258802e-05,79261.945,79261.945,2.33153497e-11,438614,0.0272524171,0.05247,0.00180341594,0.254805542,0.055796125,0.000262999907,0.041095375,0.446246292
1134,567,1134,2.0065566,0.0354403634,0.106584721,1.36807522e-06,2,0,9179,44656,7864,1418,0,168,0,0,6.58828991e-10,4.94841945e-11,0,1,0,0,0,1,7864,179.5,2.98871311,4.15833607,4.15770305,2.66082967,-0.000152228934,0.391346681,-0.109707231,0,0,0.000261532721,0,2226,derived,0,0,0,0,0,0,0,0,0,0,0.000625729923,0,813,0,0,0,6.35258797e-05,79436.6966,79436.6966,4.2273296e-11,438654,0.027359792,0.051770292,0.00179729203,0.255874208,0.055491917,0.000265499926,0.0405277919,0.446396083
1135,567.5,1135,1.98884434,0.0354086833,0.106467184,1.36564346e-06,2,0,9179,44656,7864,1418,0,168,0,0,6.58828991e-10,4.5136106e-10,0,1,0,0,0,1,7864,179.5,2.98868468,4.15829652,4.15766351,2.66080437,-0.000152228934,0.391346682,-0.109707231,0,0,0.000261532721,0,2226,derived,0,0,0,0,0,0,0,0,0,0,0.000625729923,0,813,0,0,0,6.35258792e-05,79611.42,79611.42,-4.93840524e-10,438651,0.028148,0.0510336671,0.00179491693,0.253625791,0.055908958,0.000264833099,0.040411917,0.44372025
1136,568,1136,1.97114791,0.0353770802,0.106349952,1.36322028e-06,2,0,9179,44656,7864,1418,0,168,0,0,6.58828991e-10,6.44114762e-10,0,1,0,0,0,1,7864,179.5,2.98865516,4.15825543,4.15762242,2.66077807,-0.000152228934,0.39134668,-0.109707232,0,0,0.000261532721,0,2226,derived,0,0,0,0,0,0,0,0,0,0,0.000625729923,0,813,0,0,0,6.35258786e-05,79786.22,79786.22,-2.48868148e-10,438586,0.027348916,0.052391334,0.00180500001,0.254362292,0.0559825,0.000268332893,0.0411830001,0.446015625
1137,568.5,1137,1.95346726,0.0353455506,0.106233014,1.36080356e-06,2,0,9179,44656,7864,1418,0,168,0,0,6.58828769e-10,1.87504012e-10,0,1,0,0,0,1,7864,179.5,2.98862854,4.1582184,4.1575854,2.66075438,-0.000152228934,0.39134668,-0.109707232,0,0,0.000261532721,0,2226,derived,0,0,0,0,0,0,0,0,0,0,0.000625729923,0,813,0,0,0,6.35258781e-05,79961.2474,79961.2474,-1.37269085e-10,438601,0.027138959,0.051989625,0.00169966591,0.254644959,0.0562742919,0.000265917042,0.040600166,0.445127959
1138,569,1138,1.93580235,0.0353140902,0.106116357,1.35839327e-06,2,0,9179,44656,7864,1418,0,168,0,0,6.58828991e-10,2.47126875e-10,0,1,0,0,0,1,7864,179.5,2.98860416,4.15818448,4.15755148,2.66073267,-0.000152228934,0.391346682,-0.109707231,0,0,0.000261532721,0,2226,derived,0,0,0,0,0,0,0,0,0,0,0.000625729923,0,813,0,0,0,6.35258776e-05,80136.5024,80136.5024,-5.69183256e-10,438596,0.029414208,0.0523333751,0.00182341598,0.253790917,0.0560347909,0.000283750007,0.0410269169,0.447012541
1139,569.5,1139,1.91815316,0.0352826957,0.105999971,1.35598939e-06,2,0,9179,44656,7864,1418,0,168,0,0,6.58828769e-10,6.59871047e-10,0,1,0,0,0,1,7864,179.5,2.9885815,4.15815294,4.15751995,2.66071249,-0.000152228934,0.391346679,-0.109707232,0,0,0.000261532721,0,2226,derived,0,0,0,0,0,0,0,0,0,0,0.000625729923,0,813,0,0,0,6.35258771e-05,80311.985,80311.985,3.25710126e-10,438549,0.028107958,0.051752958,0.00169875007,0.255898125,0.055556542,0.000261166017,0.0408545421,0.447475416
1140,570,1140,1.90051965,0.0352513647,0.105883848,1.35359188e-06,2,0,9179,44656,7864,1418,0,168,0,0,6.58828991e-10,5.23342036e-10,0,1,0,0,0,1,7864,179.5,2.98856015,4.15812325,4.15749026,2.66069349,-0.000152228934,0.391346683,-0.10970723,0,0,0.000261532721,0,2226,derived,0,0,0,0,0,0,0,0,0,0,0.000625729923,0,813,0,0,0,6.35258765e-05,80487.6955,80487.6955,5.09676967e-10,438560,0.026957541,0.0521364999,0.00211562496,0.254476292,0.055474291,0.000258749933,0.040464791,0.444426208
1141,570.5,1141,1.88290178,0.0352201039,0.105768007,1.35120613e-06,2,0,9179,44656,7864,1418,0,168,0,0,6.58828991e-10,1.54098956e-10,0,1,0,0,0,1,7864,179.5,2.9885294,4.15808047,4.15744749,2.66066612,-0.000152228934,0.391346683,-0.10970723,0,0,0.000261532721,0,2226,derived,0,0,0,0,0,0,0,0,0,0,0.000625729923,0,813,0,0,0,6.3525876e-05,80663.2373,80663.2373,-4.11716217e-10,438509,0.0287123329,0.0519734999,0.00168850005,0.254685333,0.055433,0.000253582955,0.0422875,0.447644333
1142,571,1142,1.86529953,0.0351889185,0.105652465,1.34882685e-06,2,0,9179,44656,7864,1418,0,168,0,0,6.58828991e-10,1.93498439e-10,0,1,0,0,0,1,7864,179.5,2.98850174,4.15804197,4.157409,2.66064148,-0.000152228934,0.391346677,-0.109707234,0,0,0.000261532721,0,2226,derived,0,0,0,0,0,0,0,0,0,0,0.000625729923,0,813,0,0,0,6.35258755e-05,80838.9937,80838.9937,1.60937264e-10,438615,0.027322166,0.05225425,0.00177341606,0.255528125,0.055321042,0.000265542069,0.041008084,0.445958458
1143,571.5,1143,1.84771286,0.0351578037,0.105537206,1.34645385e-06,2,0,9179,44656,7864,1418,0,168,0,0,6.58828991e-10,5.19543519e-10,0,1,0,0,0,1,7864,179.5,2.9884767,4.15800713,4.15737416,2.66061919,-0.000152228934,0.391346677,-0.109707234,0,0,0.000261532721,0,2226,derived,0,0,0,0,0,0,0,0,0,0,0.000625729923,0,813,0,0,0,6.3525875e-05,81014.9771,81014.9771,-1.00356612e-10,438616,0.026773042,0.053033167,0.001742917,0.2551335,0.0551870831,0.000259042019,0.040454708,0.445148708
1144,572,1144,1.83014172,0.0351267555,0.105422219,1.34408713e-06,2,0,9179,44656,7864,1418,0,168,0,0,6.58828991e-10,7.50033591e-10,0,1,0,0,0,1,7864,179.5,2.98845366,4.15797509,4.15734213,2.66059869,-0.000152228934,0.391346685,-0.109707229,0,0,0.000261532721,0,2226,derived,0,0,0,0,0,0,0,0,0,0,0.000625729923,0,813,0,0,0,6.35258744e-05,81191.1876,81191.1876,-4.60413374e-10,438531,0.027355,0.052448084,0.00183945894,0.255034417,0.055869375,0.000273499987,0.041250333,0.446757708
1145,572.5,1145,1.81258609,0.035095771,0.105307494,1.34172665e-06,2,0,9179,44656,7864,1418,0,168,0,0,6.58828991e-10,4.66819694e-10,0,1,0,0,0,1,7864,179.5,2.98843219,4.1579452,4.15731224,2.66057956,-0.000152228934,0.391346678,-0.109707233,0,0,0.000261532721,0,2226,derived,0,0,0,0,0,0,0,0,0,0,0.000625729923,0,813,0,0,0,6.35258739e-05,81367.6253,81367.6253,-3.8225656e-10,438534,0.028456375,0.0519174171,0.00183554192,0.255728458,0.055357334,0.000259457971,0.0404090829,0.44648275
1146,573,1146,1.79504594,0.0350648488,0.105193027,1.33937392e-06,2,0,9179,44656,7864,1418,0,168,0,0,6.58828991e-10,2.04888329e-10,0,1,0,0,0,1,7864,179.5,2.98840858,4.15791236,4.15727941,2.66055855,-0.000152228934,0.391346684,-0.109707229,0,0,0.000261532721,0,2226,derived,0,0,0,0,0,0,0,0,0,0,0.000625729923,0,813,0,0,0,6.35258734e-05,81544.1747,81544.1747,-3.94537292e-10,438562,0.027057667,0.0523817081,0.00177129207,0.25488025,0.0560862081,0.000260917004,0.040794833,0.446308125
1147,573.5,1147,1.77752124,0.0350339994,0.105078848,1.33703129e-06,2,0,9179,44656,7864,1418,0,168,0,0,6.58828991e-10,3.58374441e-11,0,1,0,0,0,1,7864,179.5,2.98837943,4.1578718,4.15723885,2.6605326,-0.000152228934,0.391346678,-0.109707233,0,0,0.000261532721,0,2226,derived,0,0,0,0,0,0,0,0,0,0,0.000625729923,0,813,0,0,0,6.35258729e-05,81720.6569,81720.6569,3.95148803e-10,438617,0.026721459,0.051454791,0.00179408293,0.255173708,0.0558879171,0.000254624989,0.041096917,0.444736917
1148,574,1148,1.76001194,0.0350032224,0.104964957,1.33469481e-06,2,0,9179,44656,7864,1418,0,168,0,0,6.58828991e-10,2.55426125e-10,0,1,0,0,0,1,7864,179.5,2.98835338,4.15783559,4.15720264,2.66050942,-0.000152228934,0.391346688,-0.109707227,0,0,0.000261532721,0,2226,derived,0,0,0,0,0,0,0,0,0,0,0.000625729923,0,813,0,0,0,6.35258724e-05,81897.3655,81897.3655,-5.46757084e-11,438528,0.0276714171,0.0528038751,0.00173620798,0.255596208,0.0559636659,0.000268541044,0.0410996251,0.447950125
1149,574.5,1149,1.74251801,0.0349725132,0.104851339,1.33236446e-06,2,0,9179,44656,7864,1418,0,168,0,0,6.58828991e-10,4.53968751e-10,0,1,0,0,0,1,7864,179.5,2.98832974,4.15780269,4.15716975,2.66048837,-0.000152228934,0.391346688,-0.109707227,0,0,0.000261532721,0,2226,derived,0,0,0,0,0,0,0,0,0,0,0.000625729923,0,813,0,0,0,6.35258719e-05,82074.3005,82074.3005,3.52101459e-10,438585,0.0278785831,0.052305875,0.00178920804,0.254513625,0.0555291671,0.00028037501,0.040529208,0.445423708
1150,575,1150,1.72503941,0.0349418684,0.104737984,1.33004021e-06,2,0,9179,44656,7864,1418,0,168,0,0,6.58828991e-10,6.3155281e-10,0,1,0,0,0,1,7864,179.5,2.98830795,4.15777233,4.1571394,2.66046895,-0.000152228934,0.391346678,-0.109707233,0,0,0.000261532721,0,2226,derived,0,0,0,0,0,0,0,0,0,0,0.000625729923,0,813,0,0,0,6.35258714e-05,82251.4622,82251.4622,-1.82618587e-10,438567,0.025659208,0.0524557079,0.00201512501,0.253805,0.055406459,0.000253167003,0.040786625,0.443093291
1151,575.5,1151,1.70757613,0.0349112853,0.104624884,1.32772205e-06,2,0,9179,44656,7864,1418,0,168,0,0,6.58828991e-10,7.85895349e-10,0,1,0,0,0,1,7864,179.5,2.98828752,4.15774392,4.15711099,2.66045077,-0.000152228934,0.391346683,-0.10970723,0,0,0.000261532721,0,2226,derived,0,0,0,0,0,0,0,0,0,0,0.000625729923,0,813,0,0,0,6.35258708e-05,82428.8506,82428.8506,2.4029001e-11,438540,0.026934583,0.0522985409,0.00185216696,0.2543165,0.055401417,0.000254875049,0.042336541,0.445889042
1152,576,1152,1.69012812,0.0348807655,0.104512043,1.32541297e-06,2,0,9179,44656,7864,1418,0,168,0,0,6.58828769e-10,6.49968968e-10,0,1,0,0,0,1,7864,179.5,2.98826197,4.15770841,4.15707548,2.66042804,-0.000152228934,0.39134669,-0.109707225,0,0,0.000261532721,0,2226,derived,0,0,0,0,0,0,0,0,0,0,0.000625729923,0,813,0,0,0,6.35258703e-05,82606.2335,82606.2335,-9.42294021e-11,438605,0.0279625,0.0521853331,0.00178733305,0.253878917,0.056126875,0.000263415975,0.041769542,0.446725917
1153,576.5,1153,1.67269536,0.034850318,0.104399487,1.32311223e-06,2,0,9179,44656,7864,1418,0,168,0,0,6.58828769e-10,5.34761124e-10,0,1,0,0,0,1,7864,179.5,2.98823453,4.1576702,4.15703728,2.6604036,-0.000152228934,0.391346685,-0.109707229,0,0,0.000261532721,0,2226,derived,0,0,0,0,0,0,0,0,0,0,0.000625729923,0,813,0,0,0,6.35258698e-05,82783.6641,82783.6641,-6.03778472e-10,438582,0.0276983341,0.0521900411,0.00182624999,0.25339975,0.0553242911,0.000253458042,0.041287167,0.444812125
1154,577,1154,1.6552778,0.0348199403,0.104287208,1.32081749e-06,2,0,9179,44656,7864,1418,0,168,0,0,6.58828991e-10,4.40197656e-10,0,1,0,0,0,1,7864,179.5,2.98820993,4.15763599,4.15700308,2.66038171,-0.000152228934,0.391346686,-0.109707228,0,0,0.000261532721,0,2226,derived,0,0,0,0,0,0,0,0,0,0,0.000625729923,0,813,0,0,0,6.35258693e-05,82961.3204,82961.3204,5.54015722e-10,438571,0.026829542,0.0521405831,0.00173649995,0.255516042,0.05525675,0.000264749979,0.040247792,0.444272083
1155,577.5,1155,1.63787541,0.034789628,0.104175195,1.31852872e-06,2,0,9179,44656,7864,1418,0,168,0,0,6.58828991e-10,3.66190855e-10,0,1,0,0,0,1,7864,179.5,2.98818754,4.15760482,4.15697191,2.66036176,-0.000152228934,0.39134668,-0.109707232,0,0,0.000261532721,0,2226,derived,0,0,0,0,0,0,0,0,0,0,0.000625729923,0,813,0,0,0,6.35258688e-05,83139.2028,83139.2028,5.33604716e-10,438566,0.0277495419,0.0528619171,0.00201958301,0.255366042,0.055871542,0.000256458996,0.0407025421,0.447420083
1156,578,1156,1.62048816,0.0347593781,0.104063436,1.3162459e-06,2,0,9179,44656,7864,1418,0,168,0,0,6.58828991e-10,3.12655235e-10,0,1,0,0,0,1,7864,179.5,2.98816681,4.15757597,4.15694307,2.6603433,-0.000152228934,0.391346677,-0.109707234,0,0,0.000261532721,0,2226,derived,0,0,0,0,0,0,0,0,0,0,0.000625729923,0,813,0,0,0,6.35258683e-05,83317.3114,83317.3114,-9.49448298e-11,438493,0.028439959,0.052450417,0.00169595901,0.254593917,0.055534916,0.000276540988,0.040651292,0.446684875
1157,578.5,1157,1.60311602,0.034729188,0.103951925,1.31396901e-06,2,0,9179,44656,7864,1418,0,168,0,0,6.58828769e-10,2.79507306e-10,0,1,0,0,0,1,7864,179.5,2.98814734,4.1575489,4.156916,2.66032598,-0.000152228934,0.391346688,-0.109707227,0,0,0.000261532721,0,2226,derived,0,0,0,0,0,0,0,0,0,0,0.000625729923,0,813,0,0,0,6.35258678e-05,83495.6462,83495.6462,2.7354119e-10,438486,0.0270854171,0.052409125,0.00179466605,0.255203,0.055456167,0.000262415968,0.040072958,0.444951584
1158,579,1158,1.58575896,0.0346990621,0.103840673,1.31170233e-06,2,0,9179,44656,7864,1418,0,168,0,0,6.58828991e-10,2.6666469e-10,0,1,0,0,0,1,7864,179.5,2.98812016,4.15751107,4.15687818,2.66030177,-0.000152228934,0.391346683,-0.10970723,0,0,0.000261532721,0,2226,derived,0,0,0,0,0,0,0,0,0,0,0.000625729923,0,813,0,0,0,6.35258673e-05,83673.8694,83673.8694,3.11302095e-10,438511,0.027574875,0.052437166,0.00216050004,0.254931875,0.0556235829,0.000270207995,0.0413438331,0.446974375
1159,579.5,1159,1.56841695,0.0346690081,0.103729703,1.30944245e-06,2,0,9179,44656,7864,1418,0,168,0,0,6.58828991e-10,2.74070322e-10,0,1,0,0,0,1,7864,179.5,2.98809426,4.15747502,4.15684213,2.66027871,-0.000152228934,0.391346679,-0.109707233,0,0,0.000261532721,0,2226,derived,0,0,0,0,0,0,0,0,0,0,0.000625729923,0,813,0,0,0,6.35258668e-05,83852.244,83852.244,1.86864302e-10,438455,0.026815375,0.052368833,0.00173016707,0.254978625,0.055209334,0.000254749903,0.0400877499,0.444419542
1160,580,1160,1.55108995,0.0346390213,0.103619002,1.30718841e-06,2,0,9179,44656,7864,1418,0,168,0,0,6.58828991e-10,3.01642489e-10,0,1,0,0,0,1,7864,179.5,2.98807097,4.15744264,4.15680976,2.66025799,-0.000152228934,0.391346685,-0.109707229,0,0,0.000261532721,0,2226,derived,0,0,0,0,0,0,0,0,0,0,0.000625729923,0,813,0,0,0,6.35258663e-05,84030.844,84030.844,-2.49290033e-10,438411,0.026932916,0.052831459,0.00188191596,0.255237791,0.055655167,0.000269791926,0.0412675421,0.446626375
1161,580.5,1161,1.53377792,0.0346090978,0.103508558,1.3049402e-06,2,0,9179,44656,7864,1418,0,168,0,0,6.58828991e-10,3.4929637e-10,0,1,0,0,0,1,7864,179.5,2.98804971,4.15741306,4.15678018,2.66023906,-0.000152228934,0.391346685,-0.109707228,0,0,0.000261532721,0,2226,derived,0,0,0,0,0,0,0,0,0,0,0.000625729923,0,813,0,0,0,6.35258658e-05,84209.6695,84209.6695,-3.07570414e-10,438445,0.028010042,0.0520638339,0.00184287503,0.254021458,0.055793292,0.000253208098,0.04089375,0.445671959
1162,581,1162,1.51648084,0.0345792347,0.103398361,1.30269779e-06,2,0,9179,44656,7864,1418,0,168,0,0,6.58828991e-10,4.16949586e-10,0,1,0,0,0,1,7864,179.5,2.98802999,4.15738561,4.15675274,2.6602215,-0.000152228934,0.39134668,-0.109707232,0,0,0.000261532721,0,2226,derived,0,0,0,0,0,0,0,0,0,0,0.000625729923,0,813,0,0,0,6.35258653e-05,84388.7206,84388.7206,5.04472686e-10,438448,0.028081959,0.052054042,0.00181883399,0.25437925,0.0554267501,0.000311832991,0.040613708,0.445110084
1163,581.5,1163,1.49919868,0.0345494298,0.103288405,1.3004614e-06,2,0,9179,44656,7864,1418,0,168,0,0,6.58828991e-10,5.04522202e-10,0,1,0,0,0,1,7864,179.5,2.9880109,4.15735905,4.15672618,2.6602045,-0.000152228934,0.391346678,-0.109707233,0,0,0.000261532721,0,2226,derived,0,0,0,0,0,0,0,0,0,0,0.000625729923,0,813,0,0,0,6.35258648e-05,84567.9785,84567.9785,-2.51284438e-10,438458,0.0269695,0.0525512501,0.00196329202,0.255822166,0.055736125,0.000252166996,0.040691875,0.446542666
1164,582,1164,1.48193141,0.034519691,0.103178712,1.29823566e-06,2,0,9179,44656,7864,1418,0,168,0,0,6.58828769e-10,6.11935613e-10,0,1,0,0,0,1,7864,179.5,2.98798313,4.1573204,4.15668753,2.66017977,-0.000152228934,0.391346677,-0.109707234,0,0,0.000261532721,0,2226,derived,0,0,0,0,0,0,0,0,0,0,0.000625729923,0,813,0,0,0,6.35258643e-05,84747.0681,84747.0681,4.53544979e-10,438477,0.028675584,0.051480209,0.00187020807,0.253394166,0.055661625,0.000550042023,0.040810334,0.444916709
1165,582.5,1165,1.46467898,0.0344900219,0.103069294,1.29601564e-06,2,0,9179,44656,7864,1418,0,168,0,0,6.58828991e-10,7.39137418e-10,0,1,0,0,0,1,7864,179.5,2.98795857,4.15728624,4.15665338,2.66015791,-0.000152228934,0.391346683,-0.10970723,0,0,0.000261532721,0,2226,derived,0,0,0,0,0,0,0,0,0,0,0.000625729923,0,813,0,0,0,6.35258638e-05,84926.3825,84926.3825,3.5428438e-10,438483,0.026671209,0.052183167,0.00186854205,0.256398792,0.055374083,0.000253833947,0.040639125,0.445855584
1166,583,1166,1.44744138,0.0344604177,0.102960136,1.29380131e-06,2,0,9179,44656,7864,1418,0,168,0,0,6.58828991e-10,6.88118784e-10,0,1,0,0,0,1,7864,179.5,2.98793647,4.15725549,4.15662264,2.66013824,-0.000152228934,0.391346681,-0.109707231,0,0,0.000261532721,0,2226,derived,0,0,0,0,0,0,0,0,0,0,0.000625729923,0,813,0,0,0,6.35258634e-05,85105.9218,85105.9218,3.09355874e-10,438424,0.029115792,0.0516972081,0.00180454203,0.25518825,0.0557259161,0.000260917004,0.04130175,0.44779725
1167,583.5,1167,1.43021856,0.0344308749,0.102851226,1.29159267e-06,2,0,9179,44656,7864,1418,0,168,0,0,6.58828991e-10,5.21590771e-10,0,1,0,0,0,1,7864,179.5,2.98791622,4.15722734,4.15659449,2.66012022,-0.000152228934,0.391346689,-0.109707226,0,0,0.000261532721,0,2226,derived,0,0,0,0,0,0,0,0,0,0,0.000625729923,0,813,0,0,0,6.35258629e-05,85285.6862,85285.6862,-2.38591258e-10,438502,0.026682958,0.051829625,0.00213020807,0.255909416,0.0552989159,0.000253167003,0.0404889999,0.445152333
1168,584,1168,1.41301049,0.0344013908,0.102742558,1.28938968e-06,2,0,9179,44656,7864,1418,0,168,0,0,6.58828991e-10,3.35519945e-10,0,1,0,0,0,1,7864,179.5,2.98789743,4.15720117,4.15656832,2.66010347,-0.000152228934,0.39134668,-0.109707232,0,0,0.000261532721,0,2226,derived,0,0,0,0,0,0,0,0,0,0,0.000625729923,0,813,0,0,0,6.35258624e-05,85465.6757,85465.6757,3.22001981e-10,438457,0.028228708,0.051788583,0.00183099997,0.256607958,0.0557524581,0.000252166996,0.04090875,0.448102375
1169,584.5,1169,1.39581716,0.0343719638,0.102634125,1.28719356e-06,2,0,9179,44656,7864,1418,0,168,0,0,6.58828991e-10,1.29984357e-10,0,1,0,0,0,1,7864,179.5,2.98787694,4.15717268,4.15653984,2.66008524,-0.000152228934,0.391346687,-0.109707227,0,0,0.000261532721,0,2226,derived,0,0,0,0,0,0,0,0,0,0,0.000625729923,0,813,0,0,0,6.35258619e-05,85645.7899,85645.7899,6.08477713e-11,438344,0.027077083,0.050923167,0.00174654194,0.254017833,0.055582958,0.000253082952,0.040467334,0.442502875
1170,585,1170,1.37863852,0.034342604,0.102525957,1.28500685e-06,2,0,9179,44656,7864,1418,0,168,0,0,6.58828991e-10,9.49464951e-11,0,1,0,0,0,1,7864,179.5,2.98785059,4.15713601,4.15650317,2.66006178,-0.000152228934,0.391346681,-0.109707231,0,0,0.000261532721,0,2226,derived,0,0,0,0,0,0,0,0,0,0,0.000625729923,0,813,0,0,0,6.35258614e-05,85825.8156,85825.8156,3.27956995e-10,438324,0.0268785,0.0517445829,0.00181575003,0.255280291,0.05825775,0.000255499966,0.041912542,0.448806958
1171,585.5,1171,1.36147455,0.0343133116,0.102418055,1.28282571e-06,2,0,9179,44656,7864,1418,0,168,0,0,6.58828769e-10,3.3921399e-10,0,1,0,0,0,1,7864,179.5,2.98782725,4.15710354,4.15647071,2.660041,-0.000152228934,0.391346685,-0.109707229,0,0,0.000261532721,0,2226,derived,0,0,0,0,0,0,0,0,0,0,0.000625729923,0,813,0,0,0,6.35258609e-05,86006.0656,86006.0656,1.8404922e-10,438386,0.027019041,0.052341125,0.00187350006,0.256140917,0.0552831249,0.000270250021,0.04137775,0.446920833
1172,586,1172,1.3443252,0.0342840821,0.102310406,1.28065014e-06,2,0,9179,44656,7864,1418,0,168,0,0,6.58828991e-10,6.02736971e-10,0,1,0,0,0,1,7864,179.5,2.98780619,4.15707426,4.15644143,2.66002227,-0.000152228934,0.39134669,-0.109707225,0,0,0.000261532721,0,2226,derived,0,0,0,0,0,0,0,0,0,0,0.000625729923,0,813,0,0,0,6.35258604e-05,86186.54,86186.54,4.07068601e-10,438410,0.0285294161,0.0519397079,0.00182783301,0.2543285,0.055440833,0.000260290923,0.04073875,0.4460685
1173,586.5,1173,1.32719046,0.0342549123,0.102202999,1.2784801e-06,2,0,9179,44656,7864,1418,0,168,0,0,6.58828991e-10,6.88724633e-10,0,1,0,0,0,1,7864,179.5,2.98778689,4.1570474,4.15641458,2.66000508,-0.000152228934,0.391346689,-0.109707226,0,0,0.000261532721,0,2226,derived,0,0,0,0,0,0,0,0,0,0,0.000625729923,0,813,0,0,0,6.352586e-05,86367.239,86367.239,3.92050836e-10,438311,0.0273329581,0.052153458,0.00187470892,0.25483675,0.0558051671,0.00025199994,0.041311625,0.445907125
1174,587,1174,1.31007028,0.0342257995,0.102095826,1.27631558e-06,2,0,9179,44656,7864,1418,0,168,0,0,6.58828769e-10,3.86923715e-10,0,1,0,0,0,1,7864,179.5,2.98776893,4.15702239,4.15638958,2.65998908,-0.000152228934,0.391346683,-0.10970723,0,0,0.000261532721,0,2226,derived,0,0,0,0,0,0,0,0,0,0,0.000625729923,0,813,0,0,0,6.35258595e-05,86548.1627,86548.1627,5.29361888e-10,438339,0.027043291,0.0519410829,0.00185991602,0.255415708,0.0556145001,0.000263041002,0.0408998331,0.445591708
1175,587.5,1175,1.29296465,0.0341967435,0.101988886,1.27415859e-06,2,0,9179,44656,7864,1418,0,168,0,0,6.58828769e-10,6.60989041e-11,0,1,0,0,0,1,7864,179.5,2.98774749,4.15699255,4.15635973,2.65996998,-0.000152228934,0.391346678,-0.109707233,0,0,0.000261532721,0,2226,derived,0,0,0,0,0,0,0,0,0,0,0.000625729923,0,813,0,0,0,6.3525859e-05,86729.1406,86729.1406,-1.6685997e-10,438347,0.028603458,0.052005958,0.001819917,0.254740917,0.0557215,0.000258707907,0.0411905,0.447316583
1176,588,1176,1.27587353,0.0341677547,0.10188221,1.27200996e-06,2,0,9179,44656,7864,1418,0,168,0,0,6.58828991e-10,2.73687517e-10,0,1,0,0,0,1,7864,179.5,2.98772237,4.15695762,4.15632481,2.65994763,-0.000152228934,0.391346689,-0.109707226,0,0,0.000261532721,0,2226,derived,0,0,0,0,0,0,0,0,0,0,0.000625729923,0,813,0,0,0,6.35258585e-05,86910.0982,86910.0982,-5.17856868e-11,438468,0.027410667,0.051601375,0.00180133292,0.254960666,0.0557404159,0.000254375045,0.0405302499,0.444844333
1177,588.5,1177,1.25879689,0.0341388311,0.101775792,1.26986678e-06,2,0,9179,44656,7864,1418,0,168,0,0,6.58828991e-10,6.32373709e-10,0,1,0,0,0,1,7864,179.5,2.98770012,4.15692666,4.15629386,2.65992782,-0.000152228934,0.391346685,-0.109707228,0,0,0.000261532721,0,2226,derived,0,0,0,0,0,0,0,0,0,0,0.000625729923,0,813,0,0,0,6.3525858e-05,87091.2796,87091.2796,-1.39670497e-11,438353,0.027375875,0.052837083,0.00173354195,0.253369959,0.0551718749,0.000252292026,0.040889958,0.444194833
1178,589,1178,1.24173469,0.0341099687,0.101669619,1.26772902e-06,2,0,9179,44656,7864,1418,0,168,0,0,6.58828991e-10,5.64281177e-10,0,1,0,0,0,1,7864,179.5,2.98768005,4.15689871,4.15626591,2.65990994,-0.000152228934,0.391346677,-0.109707233,0,0,0.000261532721,0,2226,derived,0,0,0,0,0,0,0,0,0,0,0.000625729923,0,813,0,0,0,6.35258576e-05,87272.685,87272.685,-4.88140972e-10,438254,0.0296523749,0.052197875,0.00184445898,0.25562775,0.055572417,0.000259292079,0.042034333,0.449660041
1179,589.5,1179,1.22468691,0.0340811644,0.101563682,1.26559665e-06,2,0,9179,44656,7864,1418,0,168,0,0,6.58828769e-10,1.68028147e-10,0,1,0,0,0,1,7864,179.5,2.98766158,4.15687304,4.15624024,2.65989351,-0.000152228934,0.391346685,-0.109707228,0,0,0.000261532721,0,2226,derived,0,0,0,0,0,0,0,0,0,0,0.000625729923,0,813,0,0,0,6.35258571e-05,87454.3144,87454.3144,1.75074621e-10,438284,0.0273904999,0.0521647091,0.00184441602,0.257874541,0.055731292,0.000330375042,0.040440875,0.448044
1180,590,1180,1.20765352,0.0340524156,0.101457974,1.26346967e-06,2,0,9179,44656,7864,1418,0,168,0,0,6.58828991e-10,2.46894949e-10,0,1,0,0,0,1,7864,179.5,2.9876444,4.15684911,4.15621631,2.6598782,-0.000152228934,0.391346679,-0.109707232,0,0,0.000261532721,0,2226,derived,0,0,0,0,0,0,0,0,0,0,0.000625729923,0,813,0,0,0,6.35258566e-05,87636.1681,87636.1681,3.3666181e-11,438437,0.027134042,0.052039459,0.00174670806,0.255986917,0.054994208,0.000268250005,0.0406690419,0.445551833
1181,590.5,1181,1.19063449,0.034023724,0.101352497,1.26135072e-06,2,0,9179,44656,7864,1418,0,168,0,0,6.58828991e-10,6.80415724e-10,0,1,0,0,0,1,7864,179.5,2.98762242,4.15681853,4.15618574,2.65985863,-0.000152228934,0.391346677,-0.109707234,0,0,0.000261532721,0,2226,derived,0,0,0,0,0,0,0,0,0,0,0.000625729923,0,813,0,0,0,6.35258561e-05,87818.0171,87818.0171,5.07172082e-12,438353,0.027719458,0.051976417,0.00184199994,0.25554925,0.055508209,0.00027541595,0.0404357091,0.445929791
1182,591,1182,1.17362979,0.0339950983,0.10124728,1.25923927e-06,2,0,9179,44656,7864,1418,0,168,0,0,6.58828991e-10,4.41685688e-10,0,1,0,0,0,1,7864,179.5,2.98759839,4.15678511,4.15615232,2.65983725,-0.000152228934,0.391346681,-0.109707231,0,0,0.000261532721,0,2226,derived,0,0,0,0,0,0,0,0,0,0,0.000625729923,0,813,0,0,0,6.35258557e-05,87999.9024,87999.9024,5.62213165e-10,438271,0.027887334,0.0524543329,0.00187491695,0.255273333,0.055754125,0.000258542015,0.040892625,0.447197834
1183,591.5,1183,1.15663939,0.033966536,0.101142313,1.25713312e-06,2,0,9179,44656,7864,1418,0,168,0,0,6.58828991e-10,2.88509217e-11,0,1,0,0,0,1,7864,179.5,2.9875771,4.15675548,4.1561227,2.65981828,-0.000152228934,0.391346679,-0.109707233,0,0,0.000261532721,0,2226,derived,0,0,0,0,0,0,0,0,0,0,0.000625729923,0,813,0,0,0,6.35258552e-05,88182.0111,88182.0111,1.82776905e-10,438350,0.028285583,0.051469167,0.00185374997,0.255092666,0.054952625,0.000258957967,0.040777333,0.445282625
1184,592,1184,1.13966325,0.0339380333,0.101037585,1.25503227e-06,2,0,9179,44656,7864,1418,0,168,0,0,6.58828991e-10,5.17788035e-10,0,1,0,0,0,1,7864,179.5,2.98755786,4.15672871,4.15609593,2.65980116,-0.000152228934,0.391346679,-0.109707233,0,0,0.000261532721,0,2226,derived,0,0,0,0,0,0,0,0,0,0,0.000625729923,0,813,0,0,0,6.35258547e-05,88364.3433,88364.3433,-4.70090411e-10,438339,0.0283654999,0.0524692921,0.0018475001,0.2551655,0.0556372079,0.000273208017,0.040960417,0.447193958
1185,592.5,1185,1.12270135,0.0339095871,0.100933088,1.25293668e-06,2,0,9179,44656,7864,1418,0,168,0,0,6.58828991e-10,5.49110757e-10,0,1,0,0,0,1,7864,179.5,2.98754017,4.15670411,4.15607134,2.65978542,-0.000152228934,0.391346685,-0.109707228,0,0,0.000261532721,0,2226,derived,0,0,0,0,0,0,0,0,0,0,0.000625729923,0,813,0,0,0,6.35258543e-05,88546.899,88546.899,1.94302574e-10,438369,0.0270201671,0.0518959591,0.00185300002,0.2548035,0.0555862921,0.000337583013,0.040452667,0.444845792
1186,593,1186,1.10575365,0.0338811952,0.100828813,1.25084634e-06,2,0,9179,44656,7864,1418,0,168,0,0,6.58828991e-10,2.35931275e-11,0,1,0,0,0,1,7864,179.5,2.98752366,4.15668116,4.15604839,2.65977073,-0.000152228934,0.39134669,-0.109707226,0,0,0.000261532721,0,2226,derived,0,0,0,0,0,0,0,0,0,0,0.000625729923,0,813,0,0,0,6.35258538e-05,88729.6785,88729.6785,2.26577868e-10,438339,0.02680625,0.052112792,0.00182812498,0.253868459,0.055462959,0.000255750027,0.041759458,0.444563167
1187,593.5,1187,1.08882014,0.0338528596,0.100724767,1.24876436e-06,2,0,9179,44656,7864,1418,0,168,0,0,6.58828991e-10,5.20108623e-10,0,1,0,0,0,1,7864,179.5,2.98750124,4.15664996,4.1560172,2.65975077,-0.000152228934,0.39134669,-0.109707225,0,0,0.000261532721,0,2226,derived,0,0,0,0,0,0,0,0,0,0,0.000625729923,0,813,0,0,0,6.35258533e-05,88912.4063,88912.4063,3.9973358e-10,438392,0.027379583,0.0518128329,0.00178812502,0.254296875,0.0556876251,0.000260500005,0.0421095,0.445736958
1188,594,1188,1.07190079,0.0338245898,0.100620977,1.2466892e-06,2,0,9179,44656,7864,1418,0,168,0,0,6.58828991e-10,4.92221819e-10,0,1,0,0,0,1,7864,179.5,2.98747825,4.15661795,4.15598519,2.65973028,-0.000152228934,0.391346679,-0.109707233,0,0,0.000261532721,0,2226,derived,0,0,0,0,0,0,0,0,0,0,0.000625729923,0,813,0,0,0,6.35258529e-05,89095.2153,89095.2153,-6.77662371e-11,438329,0.0274785,0.052180625,0.00179354195,0.254556584,0.0559340831,0.000320166931,0.041230125,0.445871666
1189,594.5,1189,1.05499555,0.0337963817,0.100517432,1.24461921e-06,2,0,9179,44656,7864,1418,0,168,0,0,6.58828991e-10,8.76752004e-11,0,1,0,0,0,1,7864,179.5,2.98745783,4.15658955,4.1559568,2.65971211,-0.000152228934,0.391346688,-0.109707226,0,0,0.000261532721,0,2226,derived,0,0,0,0,0,0,0,0,0,0,0.000625729923,0,813,0,0,0,6.35258524e-05,89278.2471,89278.2471,-8.5885743e-11,438336,0.026918167,0.052231084,0.00200033304,0.25504225,0.0558170419,0.00026662508,0.0408062501,0.446084959
1190,595,1190,1.0381044,0.0337682316,0.10041412,1.24255438e-06,2,0,9179,44656,7864,1418,0,168,0,0,6.58828991e-10,6.85563384e-10,0,1,0,0,0,1,7864,179.5,2.98743939,4.15656389,4.15593114,2.65969569,-0.000152228934,0.391346686,-0.109707228,0,0,0.000261532721,0,2226,derived,0,0,0,0,0,0,0,0,0,0,0.000625729923,0,813,0,0,0,6.35258519e-05,89461.5019,89461.5019,-1.66028413e-10,438336,0.027421667,0.0520009169,0.00184020808,0.255564917,0.0555645,0.000252833008,0.040268417,0.445514333
1191,595.5,1191,1.02122731,0.0337401368,0.100311032,1.24049469e-06,2,0,9179,44656,7864,1418,0,168,0,0,6.58828991e-10,2.72790124e-10,0,1,0,0,0,1,7864,179.5,2.98742244,4.1565403,4.15590756,2.6596806,-0.000152228934,0.391346684,-0.109707229,0,0,0.000261532721,0,2226,derived,0,0,0,0,0,0,0,0,0,0,0.000625729923,0,813,0,0,0,6.35258515e-05,89644.9798,89644.9798,1.1357959e-10,438351,0.030091,0.0523394169,0.00170050003,0.256042375,0.0555233749,0.000259499997,0.0412196671,0.450454709
1192,596,1192,1.00436425,0.0337120949,0.100208162,1.23844013e-06,2,0,9179,44656,7864,1418,0,168,0,0,6.58828991e-10,3.60868668e-10,0,1,0,0,0,1,7864,179.5,2.98740662,4.15651829,4.15588554,2.65966651,-0.000152228934,0.391346682,-0.10970723,0,0,0.000261532721,0,2226,derived,0,0,0,0,0,0,0,0,0,0,0.000625729923,0,813,0,0,0,6.3525851e-05,89828.681,89828.681,-8.14528445e-11,438302,0.0272475419,0.0524740829,0.00182699994,0.256630208,0.055416,0.000257208012,0.040508667,0.446819125
1193,596.5,1193,0.987515207,0.0336841091,0.100105518,1.23639412e-06,2,0,9179,44656,7864,1418,0,168,0,0,6.58828991e-10,5.61852675e-10,0,1,0,0,0,1,7864,179.5,2.98738417,4.15648704,4.15585431,2.65964652,-0.000152228934,0.391346681,-0.109707231,0,0,0.000261532721,0,2226,derived,0,0,0,0,0,0,0,0,0,0,0.000625729923,0,813,0,0,0,6.35258506e-05,90012.2955,90012.2955,-4.74516759e-10,438340,0.02759925,0.052401208,0.001807792,0.256282625,0.055589542,0.000262459042,0.040368416,0.446911875
1194,597,1194,0.970680137,0.0336561878,0.100003126,1.23435438e-06,2,0,9179,44656,7864,1418,0,168,0,0,6.58828991e-10,1.07320375e-10,0,1,0,0,0,1,7864,179.5,2.98736201,4.15645624,4.1558235,2.65962681,-0.000152228934,0.391346686,-0.109707228,0,0,0.000261532721,0,2226,derived,0,0,0,0,0,0,0,0,0,0,0.000625729923,0,813,0,0,0,6.35258501e-05,90196.0239,90196.0239,3.24587912e-10,438355,0.027277875,0.0521994591,0.00169779209,0.25521575,0.0555325,0.000292874989,0.040837166,0.445263375
1195,597.5,1195,0.953859012,0.0336283268,0.0999009718,1.23231969e-06,2,0,9179,44656,7864,1418,0,168,0,0,6.58828769e-10,7.80002618e-10,0,1,0,0,0,1,7864,179.5,2.98734239,4.15642893,4.1557962,2.65960933,-0.000152228934,0.391346686,-0.109707228,0,0,0.000261532721,0,2226,derived,0,0,0,0,0,0,0,0,0,0,0.000625729923,0,813,0,0,0,6.35258497e-05,90379.9748,90379.9748,-4.42461734e-10,438268,0.027201083,0.0515416671,0.00178445794,0.256548125,0.0554314579,0.00026166602,0.0411277501,0.446175208
1196,598,1196,0.937051803,0.0336005224,0.0997990456,1.23029004e-06,2,0,9179,44656,7864,1418,0,168,0,0,6.58828769e-10,7.55684404e-11,0,1,0,0,0,1,7864,179.5,2.98732466,4.15640426,4.15577153,2.65959355,-0.000152228934,0.391346682,-0.10970723,0,0,0.000261532721,0,2226,derived,0,0,0,0,0,0,0,0,0,0,0.000625729923,0,813,0,0,0,6.35258492e-05,90564.1481,90564.1481,1.33677514e-11,438236,0.02843025,0.051336708,0.00182533404,0.25621225,0.05548075,0.000253999955,0.0405852081,0.446843417
1197,598.5,1197,0.920258483,0.033572772,0.0996973385,1.2282654e-06,2,0,9179,44656,7864,1418,0,168,0,0,6.58828769e-10,6.46392717e-10,0,1,0,0,0,1,7864,179.5,2.98730837,4.15638159,4.15574886,2.65957904,-0.000152228934,0.391346682,-0.10970723,0,0,0.000261532721,0,2226,derived,0,0,0,0,0,0,0,0,0,0,0.000625729923,0,813,0,0,0,6.35258487e-05,90748.5441,90748.5441,-1.28771882e-10,438269,0.02782125,0.051544958,0.00186433294,0.253848458,0.0556019581,0.000255209045,0.040896167,0.444319875
1198,599,1198,0.903479025,0.0335450733,0.0995958443,1.22624577e-06,2,0,9179,44656,7864,1418,0,168,0,0,6.58828769e-10,1.88350446e-10,0,1,0,0,0,1,7864,179.5,2.98729314,4.15636042,4.15572771,2.6595655,-0.000152228934,0.39134669,-0.109707225,0,0,0.000261532721,0,2226,derived,0,0,0,0,0,0,0,0,0,0,0.000625729923,0,813,0,0,0,6.35258483e-05,90933.1628,90933.1628,4.89336127e-10,438340,0.02753175,0.052730041,0.00170879206,0.254929458,0.055618666,0.000266999938,0.040995416,0.446310625
1199,599.5,1199,0.886713404,0.0335174303,0.0994945733,1.22423473e-06,2,0,9179,44656,7864,1418,0,168,0,0,6.58828991e-10,5.68460612e-10,0,1,0,0,0,1,7864,179.5,2.9872709,4.15632946,4.15569675,2.65954569,-0.000152228934,0.391346685,-0.109707229,0,0,0.000261532721,0,2226,derived,0,0,0,0,0,0,0,0,0,0,0.000625729923,0,813,0,0,0,6.35258478e-05,91117.672,91117.672,-5.27914712e-10,438281,0.026935334,0.0514917501,0.00169558299,0.254064791,0.055410416,0.000252458034,0.0415518751,0.443715125
1200,600,1200,0.869961587,0.0334898505,0.0993935485,1.22222958e-06,2,0,9179,44656,7864,1418,0,168,0,0,6.58828991e-10,2.31545561e-10,0,1,0,0,0,1,7864,179.5,2.98724952,4.15629971,4.155667,2.65952665,-0.000152228934,0.391346684,-0.109707229,0,0,0.000261532721,0,2226,derived,0,0,0,0,0,0,0,0,0,0,0.000625729923,0,813,0,0,0,6.35258474e-05,91302.3159,91302.3159,-3.72043951e-10,438297,0.0266815,0.0521152499,0.00167883304,0.254661333,0.055297166,0.000253416016,0.041762709,0.444963458
1201,600.5,1201,0.853223546,0.0334623297,0.0992927571,1.22022937e-06,2,0,9179,44656,7864,1418,0,168,0,0,6.58828769e-10,5.59890578e-10,0,1,0,0,0,1,7864,179.5,2.98723057,4.15627337,4.15564067,2.6595098,-0.000152228934,0.39134669,-0.109707226,0,0,0.000261532721,0,2226,derived,0,0,0,0,0,0,0,0,0,0,0.000625729923,0,813,0,0,0,6.35258469e-05,91487.1817,91487.1817,-4.91633956e-10,438267,0.0270486249,0.052097125,0.00180433295,0.255934084,0.055405375,0.000253750011,0.0410139159,0.446588584
1202,601,1202,0.836499251,0.0334348644,0.0991921882,1.21823407e-06,2,0,9179,44656,7864,1418,0,168,0,0,6.58828991e-10,2.05625295e-10,0,1,0,0,0,1,7864,179.5,2.98721351,4.1562496,4.1556169,2.65949459,-0.000152228934,0.391346682,-0.10970723,0,0,0.000261532721,0,2226,derived,0,0,0,0,0,0,0,0,0,0,0.000625729923,0,813,0,0,0,6.35258465e-05,91672.2695,91672.2695,-3.44810624e-10,438250,0.0272035,0.05275725,0.00182195904,0.254524083,0.055834833,0.00026166602,0.040738083,0.445884375
1203,601.5,1203,0.819788675,0.0334074517,0.0990918337,1.21624366e-06,2,0,9179,44656,7864,1418,0,168,0,0,6.58828769e-10,6.20164808e-10,0,1,0,0,0,1,7864,179.5,2.9871978,4.15622777,4.15559507,2.65948062,-0.000152228934,0.391346686,-0.109707228,0,0,0.000261532721,0,2226,derived,0,0,0,0,0,0,0,0,0,0,0.000625729923,0,813,0,0,0,6.3525846e-05,91857.5794,91857.5794,4.31549463e-10,438282,0.027477167,0.051563166,0.00179000001,0.254582875,0.0554409579,0.000263290945,0.0416392081,0.445354417
1204,602,1204,0.803091793,0.0333800898,0.0989916874,1.21425813e-06,2,0,9179,44656,7864,1418,0,168,0,0,6.58828991e-10,1.11129217e-10,0,1,0,0,0,1,7864,179.5,2.98718317,4.1562074,4.15557471,2.65946758,-0.000152228934,0.391346683,-0.10970723,0,0,0.000261532721,0,2226,derived,0,0,0,0,0,0,0,0,0,0,0.000625729923,0,813,0,0,0,6.35258456e-05,92043.1117,92043.1117,-1.05183195e-10,438221,0.027504708,0.052091292,0.00170341693,0.254966583,0.0553182081,0.000333999982,0.0414477501,0.446095125
1205,602.5,1205,0.786408579,0.0333527827,0.0988917606,1.21228112e-06,2,0,9179,44656,7864,1418,0,168,0,0,6.58828991e-10,7.48752171e-10,0,1,0,0,0,1,7864,179.5,2.98716135,4.15617704,4.15554435,2.65944815,-0.000152228934,0.391346684,-0.109707229,0,0,0.000261532721,0,2226,derived,0,0,0,0,0,0,0,0,0,0,0.000625729923,0,813,0,0,0,6.35258451e-05,92228.5236,92228.5236,-6.17894624e-11,438247,0.027391584,0.052328667,0.00201458402,0.254517333,0.05579775,0.00027262501,0.0406505839,0.445697625
1206,603,1206,0.769739003,0.0333255377,0.0987920751,1.21030976e-06,2,0,9179,44656,7864,1418,0,168,0,0,6.58828991e-10,5.14399634e-11,0,1,0,0,0,1,7864,179.5,2.98714062,4.15614821,4.15551552,2.65942971,-0.000152228934,0.391346687,-0.109707227,0,0,0.000261532721,0,2226,derived,0,0,0,0,0,0,0,0,0,0,0.000625729923,0,813,0,0,0,6.35258447e-05,92414.0789,92414.0789,6.5052852e-11,438223,0.0282042499,0.052315625,0.00179612497,0.254473458,0.055881375,0.000261334004,0.0409121671,0.446552958
1207,603.5,1207,0.753083035,0.0332983505,0.098692618,1.20834321e-06,2,0,9179,44656,7864,1418,0,168,0,0,6.58828769e-10,6.28967989e-10,0,1,0,0,0,1,7864,179.5,2.9871223,4.15612273,4.15549004,2.6594134,-0.000152228934,0.391346689,-0.109707226,0,0,0.000261532721,0,2226,derived,0,0,0,0,0,0,0,0,0,0,0.000625729923,0,813,0,0,0,6.35258443e-05,92599.8556,92599.8556,6.64823752e-11,438248,0.0289901251,0.052007292,0.00185875001,0.255267833,0.055623375,0.000258707907,0.0403116669,0.446954542
1208,604,1208,0.736440646,0.0332712176,0.0985933788,1.20638146e-06,2,0,9179,44656,7864,1418,0,168,0,0,6.58828769e-10,2.81623613e-10,0,1,0,0,0,1,7864,179.5,2.9871058,4.15609977,4.15546709,2.65939871,-0.000152228934,0.39134669,-0.109707225,0,0,0.000261532721,0,2226,derived,0,0,0,0,0,0,0,0,0,0,0.000625729923,0,813,0,0,0,6.35258438e-05,92785.8538,92785.8538,4.59598803e-10,438223,0.027017083,0.0527850421,0.00173741695,0.254692459,0.055570459,0.000269833021,0.041203958,0.445837041
1209,604.5,1209,0.719811811,0.0332441363,0.0984943496,1.20442449e-06,2,0,9179,44656,7864,1418,0,168,0,0,6.58828769e-10,3.65174335e-10,0,1,0,0,0,1,7864,179.5,2.98709066,4.1560787,4.15544603,2.65938523,-0.000152228934,0.391346689,-0.109707226,0,0,0.000261532721,0,2226,derived,0,0,0,0,0,0,0,0,0,0,0.000625729923,0,813,0,0,0,6.35258434e-05,92972.0737,92972.0737,5.109273e-10,438215,0.0280848329,0.052274542,0.00183983298,0.254600334,0.055279083,0.000255124993,0.0409931249,0.445874167
1210,605,1210,0.703196504,0.0332171048,0.0983955242,1.20247228e-06,2,0,9179,44656,7864,1418,0,168,0,0,6.58828991e-10,5.78898707e-10,0,1,0,0,0,1,7864,179.5,2.98707657,4.15605907,4.1554264,2.65937267,-0.000152228934,0.391346683,-0.109707229,0,0,0.000261532721,0,2226,derived,0,0,0,0,0,0,0,0,0,0,0.000625729923,0,813,0,0,0,6.35258429e-05,93158.5154,93158.5154,4.390599e-10,438184,0.026934583,0.0518001249,0.00225766702,0.255387959,0.055202791,0.000271874946,0.039963708,0.4445615
1211,605.5,1211,0.6865947,0.033190127,0.0982969136,1.20052836e-06,2,0,9179,44656,7864,1418,0,168,0,0,6.58828991e-10,3.45449225e-11,0,1,0,0,0,1,7864,179.5,2.98705539,4.15602962,4.15539695,2.65935382,-0.000152228934,0.391346684,-0.109707229,0,0,0.000261532721,0,2226,derived,0,0,0,0,0,0,0,0,0,0,0.000625729923,0,813,0,0,0,6.35258425e-05,93344.8385,93344.8385,-5.06726994e-10,438251,0.027081833,0.051675958,0.00179291703,0.255962083,0.0561190831,0.000257208012,0.040219583,0.44541925
1212,606,1212,0.67000637,0.0331632101,0.0981985396,1.19859e-06,2,0,9179,44656,7864,1418,0,168,0,0,6.58828991e-10,6.31386388e-10,0,1,0,0,0,1,7864,179.5,2.98703523,4.15600158,4.15536891,2.65933588,-0.000152228934,0.391346687,-0.109707227,0,0,0.000261532721,0,2226,derived,0,0,0,0,0,0,0,0,0,0,0.000625729923,0,813,0,0,0,6.35258421e-05,93531.3011,93531.3011,4.75832262e-10,438186,0.0280112091,0.0521463341,0.00183049997,0.256718292,0.055537584,0.000253582955,0.040394875,0.447425959
1213,606.5,1213,0.653431483,0.03313635,0.0981003897,1.19665634e-06,2,0,9179,44656,7864,1418,0,168,0,0,6.58828991e-10,3.62474495e-10,0,1,0,0,0,1,7864,179.5,2.98701748,4.15597685,4.15534419,2.65932006,-0.000152228934,0.391346679,-0.109707232,0,0,0.000261532721,0,2226,derived,0,0,0,0,0,0,0,0,0,0,0.000625729923,0,813,0,0,0,6.35258416e-05,93717.9847,93717.9847,3.83407972e-10,438228,0.0285887499,0.052434834,0.00231408305,0.257849,0.055501209,0.00026220805,0.040624625,0.450719208
1214,607,1214,0.636870013,0.0331095432,0.0980024534,1.19472736e-06,2,0,9179,44656,7864,1418,0,168,0,0,6.58828991e-10,2.01351269e-10,0,1,0,0,0,1,7864,179.5,2.98700148,4.15595462,4.15532196,2.65930583,-0.000152228934,0.391346687,-0.109707227,0,0,0.000261532721,0,2226,derived,0,0,0,0,0,0,0,0,0,0,0.000625729923,0,813,0,0,0,6.35258412e-05,93904.8894,93904.8894,-2.78613022e-10,438175,0.0269183329,0.0525671249,0.00184566702,0.255176875,0.0557285829,0.000260749948,0.041106416,0.446250375
1215,607.5,1215,0.620321934,0.0330827871,0.0979047228,1.19280305e-06,2,0,9179,44656,7864,1418,0,168,0,0,6.58828991e-10,7.48765716e-10,0,1,0,0,0,1,7864,179.5,2.98698685,4.15593426,4.1553016,2.6592928,-0.000152228934,0.391346687,-0.109707227,0,0,0.000261532721,0,2226,derived,0,0,0,0,0,0,0,0,0,0,0.000625729923,0,813,0,0,0,6.35258408e-05,94092.0152,94092.0152,-1.15011001e-10,438301,0.0270405,0.054341583,0.00193479203,0.255030208,0.055735208,0.000267750002,0.040378208,0.447182375
1216,608,1216,0.603787221,0.0330560798,0.097807192,1.19088339e-06,2,0,9179,44656,7864,1418,0,168,0,0,6.58828769e-10,2.9433278e-10,0,1,0,0,0,1,7864,179.5,2.98697323,4.15591531,4.15528266,2.65928068,-0.000152228934,0.391346689,-0.109707226,0,0,0.000261532721,0,2226,derived,0,0,0,0,0,0,0,0,0,0,0.000625729923,0,813,0,0,0,6.35258403e-05,94279.3623,94279.3623,1.15858434e-11,438178,0.026815166,0.053219458,0.00205412495,0.255291333,0.056533417,0.000273499987,0.043275041,0.450015166
1217,608.5,1217,0.587265848,0.0330294247,0.0977098704,1.18897168e-06,2,0,9179,44656,7864,1418,0,168,0,0,6.58828991e-10,2.20442109e-10,0,1,0,0,0,1,7864,179.5,2.98695295,4.15588707,4.15525443,2.65926261,-0.000152228934,0.391346681,-0.109707231,0,0,0.000261532721,0,2226,derived,0,0,0,0,0,0,0,0,0,0,0.000625729923,0,813,0,0,0,6.35258399e-05,94466.6049,94466.6049,-1.42740264e-10,438209,0.0268549169,0.051607583,0.0018555409,0.255132916,0.0556298329,0.000258290907,0.040167166,0.443859833
1218,609,1218,0.570757789,0.0330028295,0.0976127811,1.18706556e-06,2,0,9179,44656,7864,1418,0,168,0,0,6.58828769e-10,7.18971438e-10,0,1,0,0,0,1,7864,179.5,2.98693326,4.15585968,4.15522704,2.65924509,-0.000152228934,0.391346681,-0.109707231,0,0,0.000261532721,0,2226,derived,0,0,0,0,0,0,0,0,0,0,0.000625729923,0,813,0,0,0,6.35258395e-05,94653.971,94653.971,-3.35495853e-10,438189,0.026966166,0.0513615001,0.0018553749,0.255386833,0.0553955,0.000331416028,0.040616334,0.444800583
1219,609.5,1219,0.554263012,0.0329762902,0.0975159118,1.18516403e-06,2,0,9179,44656,7864,1418,0,168,0,0,6.58828991e-10,3.72849085e-10,0,1,0,0,0,1,7864,179.5,2.98691596,4.15583561,4.15520297,2.65922968,-0.000152228934,0.391346684,-0.109707229,0,0,0.000261532721,0,2226,derived,0,0,0,0,0,0,0,0,0,0,0.000625729923,0,813,0,0,0,6.3525839e-05,94841.5575,94841.5575,-4.3805537e-10,438171,0.0274603331,0.0522844581,0.001852958,0.254371416,0.055933209,0.000278457999,0.040585875,0.445425625
1220,610,1220,0.537781492,0.0329498034,0.0974192522,1.18326707e-06,2,0,9179,44656,7864,1418,0,168,0,0,6.58828769e-10,9.33705335e-11,0,1,0,0,0,1,7864,179.5,2.98690043,4.15581402,4.15518139,2.65921587,-0.000152228934,0.391346687,-0.109707227,0,0,0.000261532721,0,2226,derived,0,0,0,0,0,0,0,0,0,0,0.000625729923,0,813,0,0,0,6.35258386e-05,95029.3645,95029.3645,3.66793262e-11,438174,0.0272695,0.052409542,0.00175912492,0.255380375,0.0555063749,0.000252959086,0.039903208,0.445432125
1221,610.5,1221,0.521313203,0.0329233663,0.0973227944,1.18137467e-06,2,0,9179,44656,7864,1418,0,168,0,0,6.58828769e-10,5.43527778e-10,0,1,0,0,0,1,7864,179.5,2.98688628,4.15579431,4.15516167,2.65920325,-0.000152228934,0.391346679,-0.109707232,0,0,0.000261532721,0,2226,derived,0,0,0,0,0,0,0,0,0,0,0.000625729923,0,813,0,0,0,6.35258382e-05,95217.3922,95217.3922,3.53830298e-10,438177,0.0285915,0.051256625,0.00183979201,0.254207875,0.0556516671,0.000255124993,0.041139667,0.445608625
1222,611,1222,0.50485812,0.0328969772,0.0972265325,1.17948681e-06,2,0,9179,44656,7864,1418,0,168,0,0,6.58828991e-10,5.96478644e-10,0,1,0,0,0,1,7864,179.5,2.98687311,4.15577599,4.15514336,2.65919154,-0.000152228934,0.391346685,-0.109707229,0,0,0.000261532721,0,2226,derived,0,0,0,0,0,0,0,0,0,0,0.000625729923,0,813,0,0,0,6.35258377e-05,95405.6408,95405.6408,-3.41148665e-10,438180,0.0271803749,0.052602041,0.0018442499,0.255268083,0.055442083,0.000258957967,0.040708208,0.445998292
1223,611.5,1223,0.48841622,0.0328706385,0.0971304736,1.17760645e-06,2,0,9179,44656,7864,1418,0,168,0,0,6.58828769e-10,1.78264958e-10,0,1,0,0,0,1,7864,179.5,2.9868539,4.15574926,4.15511664,2.65917443,-0.000152228934,0.391346684,-0.109707229,0,0,0.000261532721,0,2226,derived,0,0,0,0,0,0,0,0,0,0,0.000625729923,0,813,0,0,0,6.35258373e-05,95593.8115,95593.8115,4.59366545e-10,438120,0.028978417,0.05234525,0.00188820797,0.255777125,0.055301584,0.000263541937,0.0409859171,0.448451542
1224,612,1224,0.471987475,0.0328443588,0.0970346426,1.17573183e-06,2,0,9179,44656,7864,1418,0,168,0,0,6.58828769e-10,2.24049113e-10,0,1,0,0,0,1,7864,179.5,2.9868346,4.1557224,4.15508978,2.65915724,-0.000152228934,0.391346681,-0.109707231,0,0,0.000261532721,0,2226,derived,0,0,0,0,0,0,0,0,0,0,0.000625729923,0,813,0,0,0,6.35258369e-05,95782.0771,95782.0771,-4.94816854e-10,438172,0.0274624589,0.0517562079,0.00182079093,0.255076292,0.056353709,0.000269416953,0.0405257921,0.445455875
1225,612.5,1225,0.455571855,0.0328181342,0.0969390281,1.1738617e-06,2,0,9179,44656,7864,1418,0,168,0,0,6.58828769e-10,6.1052019e-10,0,1,0,0,0,1,7864,179.5,2.98681768,4.15569888,4.15506627,2.65914219,-0.000152228934,0.391346689,-0.109707226,0,0,0.000261532721,0,2226,derived,0,0,0,0,0,0,0,0,0,0,0.000625729923,0,813,0,0,0,6.35258365e-05,95970.5625,95970.5625,-2.45853893e-10,438163,0.026797208,0.052007292,0.00179449993,0.254194667,0.05561425,0.000261583948,0.0413725,0.44491425
1226,613,1226,0.439169334,0.0327919613,0.0968436198,1.17199603e-06,2,0,9179,44656,7864,1418,0,168,0,0,6.58828769e-10,5.92952798e-10,0,1,0,0,0,1,7864,179.5,2.98680257,4.15567787,4.15504525,2.65912875,-0.000152228934,0.391346689,-0.109707226,0,0,0.000261532721,0,2226,derived,0,0,0,0,0,0,0,0,0,0,0.000625729923,0,813,0,0,0,6.3525836e-05,96159.268,96159.268,-3.98601152e-10,438143,0.027796875,0.0517472919,0.0018363751,0.254504584,0.055622709,0.000322415959,0.0404344171,0.44520325
1227,613.5,1227,0.422779888,0.0327658373,0.0967484096,1.1701348e-06,2,0,9179,44656,7864,1418,0,168,0,0,6.58828769e-10,2.37985187e-10,0,1,0,0,0,1,7864,179.5,2.98678883,4.15565873,4.15502611,2.6591165,-0.000152228934,0.39134668,-0.109707232,0,0,0.000261532721,0,2226,derived,0,0,0,0,0,0,0,0,0,0,0.000625729923,0,813,0,0,0,6.35258356e-05,96348.1936,96348.1936,3.99878797e-10,438209,0.0269350411,0.051097,0.00179262494,0.255199042,0.056162375,0.000335542019,0.0405709171,0.444810458
1228,614,1228,0.406403492,0.0327397605,0.0966533917,1.16827801e-06,2,0,9179,44656,7864,1418,0,168,0,0,6.58828769e-10,1.01319064e-10,0,1,0,0,0,1,7864,179.5,2.98677607,4.15564099,4.15500839,2.65910515,-0.000152228934,0.391346687,-0.109707228,0,0,0.000261532721,0,2226,derived,0,0,0,0,0,0,0,0,0,0,0.000625729923,0,813,0,0,0,6.35258352e-05,96537.3396,96537.3396,2.58417954e-10,438172,0.027418875,0.051287917,0.001804417,0.255339416,0.0556994999,0.000318042003,0.0404245,0.444957458
1229,614.5,1229,0.390040122,0.0327137327,0.0965585714,1.16642817e-06,2,0,9179,44656,7864,1418,0,168,0,0,6.58828991e-10,4.25017688e-10,0,1,0,0,0,1,7864,179.5,2.98675826,4.15561621,4.1549836,2.65908929,-0.000152228934,0.391346686,-0.109707228,0,0,0.000261532721,0,2226,derived,0,0,0,0,0,0,0,0,0,0,0.000625729923,0,813,0,0,0,6.35258348e-05,96726.4474,96726.4474,-4.07763046e-10,438140,0.0271770001,0.052834459,0.00173029199,0.254216375,0.055182,0.000255082967,0.041491333,0.445381666
1230,615,1230,0.373689752,0.0326877622,0.0964639728,1.16458434e-06,2,0,9179,44656,7864,1418,0,168,0,0,6.58828991e-10,7.33154426e-10,0,1,0,0,0,1,7864,179.5,2.98673923,4.15558971,4.15495711,2.65907234,-0.000152228934,0.39134668,-0.109707231,0,0,0.000261532721,0,2226,derived,0,0,0,0,0,0,0,0,0,0,0.000625729923,0,813,0,0,0,6.35258344e-05,96915.6084,96915.6084,-3.78415188e-10,438162,0.027251875,0.053568834,0.00194999995,0.253575375,0.05551775,0.000272540958,0.0408565421,0.445522458
1231,615.5,1231,0.357352353,0.0326618462,0.0963695877,1.16274489e-06,2,0,9179,44656,7864,1418,0,168,0,0,6.58828991e-10,5.48380674e-10,0,1,0,0,0,1,7864,179.5,2.98672264,4.15556662,4.15493403,2.65905756,-0.000152228934,0.391346679,-0.109707232,0,0,0.000261532721,0,2226,derived,0,0,0,0,0,0,0,0,0,0,0.000625729923,0,813,0,0,0,6.35258339e-05,97104.9888,97104.9888,-1.55711777e-10,438114,0.0274175,0.05269875,0.00198062509,0.256676042,0.055334625,0.00027120905,0.0413566671,0.448295291
1232,616,1232,0.3410279,0.0326359812,0.0962754056,1.16090979e-06,2,0,9179,44656,7864,1418,0,168,0,0,6.58828991e-10,2.71202838e-10,0,1,0,0,0,1,7864,179.5,2.98670786,4.15554608,4.15491348,2.65904442,-0.000152228934,0.391346686,-0.109707228,0,0,0.000261532721,0,2226,derived,0,0,0,0,0,0,0,0,0,0,0.000625729923,0,813,0,0,0,6.35258335e-05,97294.5888,97294.5888,-2.83915003e-10,438149,0.0289167081,0.0521564169,0.00184575003,0.254586292,0.055245167,0.000251666061,0.041002041,0.446689166
1233,616.5,1233,0.324716366,0.0326101645,0.0961814184,1.15907904e-06,2,0,9179,44656,7864,1418,0,168,0,0,6.58828991e-10,9.41646761e-12,0,1,0,0,0,1,7864,179.5,2.98669448,4.15552744,4.15489485,2.65903249,-0.000152228934,0.391346679,-0.109707233,0,0,0.000261532721,0,2226,derived,0,0,0,0,0,0,0,0,0,0,0.000625729923,0,813,0,0,0,6.35258331e-05,97484.4085,97484.4085,-4.48802662e-10,438133,0.0276504169,0.052737875,0.00173637492,0.254367125,0.0557625,0.000254624989,0.041064708,0.446146375
1234,617,1234,0.30841773,0.0325843941,0.0960876201,1.15725263e-06,2,0,9179,44656,7864,1418,0,168,0,0,6.58828991e-10,2.37036057e-10,0,1,0,0,0,1,7864,179.5,2.98668211,4.15551023,4.15487764,2.65902148,-0.000152228934,0.39134668,-0.109707232,0,0,0.000261532721,0,2226,derived,0,0,0,0,0,0,0,0,0,0,0.000625729923,0,813,0,0,0,6.35258327e-05,97674.448,97674.448,-4.6589077e-10,438078,0.027202958,0.0522575841,0.00172499998,0.253932708,0.055571916,0.000254333951,0.0408275831,0.444377667
1235,617.5,1235,0.292131967,0.0325586706,0.0959940114,1.15543249e-06,2,0,9179,44656,7864,1418,0,168,0,0,6.58828991e-10,4.68209804e-10,0,1,0,0,0,1,7864,179.5,2.98666575,4.15548751,4.15485492,2.65900694,-0.000152228934,0.39134669,-0.109707225,0,0,0.000261532721,0,2226,derived,0,0,0,0,0,0,0,0,0,0,0.000625729923,0,813,0,0,0,6.35258323e-05,97864.5016,97864.5016,-4.18821422e-10,438114,0.0265475831,0.051834709,0.00184329192,0.255126625,0.055067083,0.000257082982,0.04077825,0.444061167
1236,618,1236,0.275859052,0.0325330034,0.0959006207,1.15361875e-06,2,0,9179,44656,7864,1418,0,168,0,0,6.58828991e-10,6.84150181e-10,0,1,0,0,0,1,7864,179.5,2.98664693,4.15546129,4.15482871,2.65899016,-0.000152228934,0.39134668,-0.109707231,0,0,0.000261532721,0,2226,derived,0,0,0,0,0,0,0,0,0,0,0.000625729923,0,813,0,0,0,6.35258319e-05,98054.5541,98054.5541,4.55758542e-10,438177,0.0272562499,0.0529398749,0.00176712498,0.255269709,0.055535084,0.000266458024,0.0431341251,0.449083708
1237,618.5,1237,0.259598957,0.0325073903,0.0958074409,1.15180929e-06,2,0,9179,44656,7864,1418,0,168,0,0,6.58828769e-10,6.89258206e-10,0,1,0,0,0,1,7864,179.5,2.98663057,4.15543856,4.15480598,2.65897562,-0.000152228934,0.391346689,-0.109707226,0,0,0.000261532721,0,2226,derived,0,0,0,0,0,0,0,0,0,0,0.000625729923,0,813,0,0,0,6.35258314e-05,98244.8257,98244.8257,-4.95779306e-10,438068,0.0269202091,0.0522639999,0.00178537506,0.256575334,0.0557669579,0.000255041989,0.040706875,0.446783959
1238,619,1238,0.243351656,0.0324818276,0.095714461,1.15000408e-06,2,0,9179,44656,7864,1418,0,168,0,0,6.58828991e-10,5.03630693e-10,0,1,0,0,0,1,7864,179.5,2.98661612,4.15541843,4.15478586,2.65896274,-0.000152228934,0.391346683,-0.10970723,0,0,0.000261532721,0,2226,derived,0,0,0,0,0,0,0,0,0,0,0.000625729923,0,813,0,0,0,6.3525831e-05,98435.3162,98435.3162,2.76592305e-10,438126,0.0275319171,0.0525421669,0.00173895899,0.254514209,0.0555558329,0.000275499886,0.041116916,0.446061667
1239,619.5,1239,0.227117124,0.0324563126,0.0956216731,1.14820312e-06,2,0,9179,44656,7864,1418,0,168,0,0,6.58828991e-10,3.33073125e-10,0,1,0,0,0,1,7864,179.5,2.98660306,4.15540025,4.15476768,2.65895111,-0.000152228934,0.391346678,-0.109707233,0,0,0.000261532721,0,2226,derived,0,0,0,0,0,0,0,0,0,0,0.000625729923,0,813,0,0,0,6.35258306e-05,98626.026,98626.026,3.62005981e-11,438109,0.0289601659,0.052678375,0.00183762505,0.255574792,0.055735333,0.000260084053,0.040220125,0.447979791
1240,620,1240,0.210895338,0.0324308432,0.0955290709,1.14640639e-06,2,0,9179,44656,7864,1418,0,168,0,0,6.58828769e-10,1.77530657e-10,0,1,0,0,0,1,7864,179.5,2.98659102,4.15538353,4.15475096,2.6589404,-0.000152228934,0.391346689,-0.109707226,0,0,0.000261532721,0,2226,derived,0,0,0,0,0,0,0,0,0,0,0.000625729923,0,813,0,0,0,6.35258302e-05,98816.9551,98816.9551,-1.48356882e-11,438034,0.0272791249,0.0517952089,0.00182729203,0.256870542,0.05538375,0.000267541036,0.040527541,0.446628875
1241,620.5,1241,0.194686276,0.0324054189,0.0954366522,1.14461519e-06,2,0,9179,44656,7864,1418,0,168,0,0,6.58828991e-10,3.69482223e-11,0,1,0,0,0,1,7864,179.5,2.98657654,4.15536337,4.15473081,2.65892751,-0.000152228934,0.391346687,-0.109707227,0,0,0.000261532721,0,2226,derived,0,0,0,0,0,0,0,0,0,0,0.000625729923,0,813,0,0,0,6.35258298e-05,99007.9636,99007.9636,2.89353208e-10,438063,0.0272807081,0.052265667,0.00171995803,0.256040958,0.05525775,0.000269209035,0.041606167,0.446697041
1242,621,1242,0.178489912,0.0323800492,0.0953444446,1.14283086e-06,2,0,9179,44656,7864,1418,0,168,0,0,6.58828991e-10,8.87205864e-11,0,1,0,0,0,1,7864,179.5,2.98655778,4.15533726,4.15470469,2.6589108,-0.000152228934,0.391346684,-0.109707229,0,0,0.000261532721,0,2226,derived,0,0,0,0,0,0,0,0,0,0,0.000625729923,0,813,0,0,0,6.35258294e-05,99198.9039,99198.9039,1.99027683e-10,438126,0.0273032921,0.052873125,0.00188554195,0.261912167,0.0555431249,0.000457707909,0.042141542,0.454704958
1243,621.5,1243,0.16230622,0.0323547331,0.0952524457,1.14105071e-06,2,0,9179,44656,7864,1418,0,168,0,0,6.58828991e-10,1.99518513e-10,0,1,0,0,0,1,7864,179.5,2.9865416,4.15531476,4.1546822,2.6588964,-0.000152228934,0.391346687,-0.109707227,0,0,0.000261532721,0,2226,derived,0,0,0,0,0,0,0,0,0,0,0.000625729923,0,813,0,0,0,6.3525829e-05,99390.0626,99390.0626,3.09995363e-10,438097,0.027779875,0.052296708,0.00199633394,0.255479083,0.055467083,0.000263542053,0.0408508751,0.446651333
1244,622,1244,0.146135173,0.032329467,0.0951606443,1.13927472e-06,2,0,9179,44656,7864,1418,0,168,0,0,6.58828991e-10,2.95503066e-10,0,1,0,0,0,1,7864,179.5,2.98652738,4.15529495,4.15466239,2.65888373,-0.000152228934,0.391346677,-0.109707234,0,0,0.000261532721,0,2226,derived,0,0,0,0,0,0,0,0,0,0,0.000625729923,0,813,0,0,0,6.35258286e-05,99581.4399,99581.4399,1.24111388e-10,438109,0.028844708,0.051136083,0.00174099999,0.254902,0.05582725,0.000259250053,0.0404867501,0.4458775
1245,622.5,1245,0.129976748,0.032304248,0.0950690321,1.13750288e-06,2,0,9179,44656,7864,1418,0,168,0,0,6.58828769e-10,3.7672887e-10,0,1,0,0,0,1,7864,179.5,2.98651457,4.15527715,4.1546446,2.65887234,-0.000152228934,0.391346687,-0.109707227,0,0,0.000261532721,0,2226,derived,0,0,0,0,0,0,0,0,0,0,0.000625729923,0,813,0,0,0,6.35258282e-05,99773.0359,99773.0359,-3.41563444e-11,438068,0.029002417,0.0526562921,0.00174408301,0.255368375,0.0553952081,0.000258999993,0.0408013329,0.447931375
1246,623,1246,0.11383092,0.0322790741,0.0949776028,1.13573517e-06,2,0,9179,44656,7864,1418,0,168,0,0,6.58828769e-10,4.4325088e-10,0,1,0,0,0,1,7864,179.5,2.98650285,4.15526085,4.1546283,2.65886191,-0.000152228934,0.391346688,-0.109707226,0,0,0.000261532721,0,2226,derived,0,0,0,0,0,0,0,0,0,0,0.000625729923,0,813,0,0,0,6.35258278e-05,99964.8507,99964.8507,2.46302978e-11,438129,0.0274896669,0.052742625,0.00176445907,0.254991291,0.0551285411,0.000262417016,0.040936125,0.445891542
1247,623.5,1247,0.0976976688,0.0322539439,0.0948863519,1.13397215e-06,2,0,9179,44656,7864,1418,0,168,0,0,6.58828769e-10,4.95121721e-10,0,1,0,0,0,1,7864,179.5,2.98649051,4.15524367,4.15461112,2.65885091,-0.000152228934,0.391346684,-0.109707229,0,0,0.000261532721,0,2226,derived,0,0,0,0,0,0,0,0,0,0,0.000625729923,0,813,0,0,0,6.35258274e-05,100156.823,100156.823,3.53752694e-09,438056,0.0273357091,0.051626,0.00178654096,0.254185833,0.0555974169,0.00025416608,0.040958292,0.444193792
1248,624,1248,0.08157697,0.0322288657,0.0947953032,1.13221658e-06,2,0,9179,44656,7864,1418,0,168,0,0,6.58828991e-10,5.32390909e-10,0,1,0,0,0,1,7864,179.5,2.98647169,4.15521749,4.15458495,2.65883416,-0.000152228934,0.391346689,-0.109707226,0,0,0.000261532721,0,2226,derived,0,0,0,0,0,0,0,0,0,0,0.000625729923,0,813,0,0,0,6.3525827e-05,100348.647,100348.647,4.98247732e-09,438074,0.026823625,0.052129625,0.00178770802,0.254679875,0.055663958,0.000267083989,0.0416400831,0.4456425
1249,624.5,1249,0.0654687966,0.032203841,0.0947044617,1.13046509e-06,2,0,9179,44656,7864,1418,0,168,0,0,6.58828991e-10,5.55095081e-10,0,1,0,0,0,1,7864,179.5,2.9864556,4.1551951,4.15456256,2.65881983,-0.000152228934,0.391346685,-0.109707228,0,0,0.000261532721,0,2226,derived,0,0,0,0,0,0,0,0,0,0,0.000625729923,0,813,0,0,0,6.35258266e-05,100540.69,100540.69,-4.35936698e-09,438081,0.027754708,0.0520703329,0.00182954199,0.255107208,0.0555592909,0.000262291986,0.0407885,0.446263791
1250,625,1250,0.0493731231,0.0321788659,0.0946138156,1.12871767e-06,2,0,9179,44656,7864,1418,0,168,0,0,6.58828991e-10,5.63290303e-10,0,1,0,0,0,1,7864,179.5,2.98644153,4.15517551,4.15454298,2.6588073,-0.000152228934,0.391346681,-0.109707231,0,0,0.000261532721,0,2226,derived,0,0,0,0,0,0,0,0,0,0,0.000625729923,0,813,0,0,0,6.35258262e-05,100732.95,100732.95,-3.04974634e-09,438085,0.0257440831,0.05137325,0.00201079191,0.254894667,0.05537175,0.000254167011,0.04022275,0.442574708
1251,625.5,1251,0.0332899253,0.0321539376,0.0945233564,1.1269743e-06,2,0,9179,44656,7864,1418,0,168,0,0,6.58828769e-10,5.57030533e-10,0,1,0,0,0,1,7864,179.5,2.98642895,4.15515802,4.15452549,2.65879611,-0.000152228934,0.391346683,-0.109707229,0,0,0.000261532721,0,2226,derived,0,0,0,0,0,0,0,0,0,0,0.000625729923,0,813,0,0,0,6.35258258e-05,100925.428,100925.428,2.71288769e-10,438043,0.027113125,0.052687084,0.00193504198,0.254880708,0.055717667,0.000269457931,0.040970833,0.446134083
1252,626,1252,0.0172191805,0.0321290538,0.0944330773,1.12523498e-06,2,0,9179,44656,7864,1418,0,168,0,0,6.58828769e-10,5.36368838e-10,0,1,0,0,0,1,7864,179.5,2.98641751,4.15514209,4.15450956,2.65878591,-0.000152228934,0.391346682,-0.10970723,0,0,0.000261532721,0,2226,derived,0,0,0,0,0,0,0,0,0,0,0.000625729923,0,813,0,0,0,6.35258254e-05,101118.125,101118.125,-3.1100148e-09,438096,0.0289168749,0.052242583,0.00170266593,0.25550575,0.055666833,0.000262749963,0.040491625,0.447356166
1253,626.5,1253,0.00116086673,0.032104213,0.0943429735,1.12349967e-06,2,0,9179,44656,7864,1418,0,168,0,0,6.58828991e-10,5.01356401e-10,0,1,0,0,0,1,7864,179.5,2.98640689,4.15512732,4.15449479,2.65877647,-0.000152228934,0.391346684,-0.109707229,0,0,0.000261532721,0,2226,derived,0,0,0,0,0,0,0,0,0,0,0.000625729923,0,813,0,0,0,6.3525825e-05,101311.04,101311.04,-2.20382235e-09,438089,0.0273139169,0.052145708,0.00208466593,0.254719042,0.055708833,0.000263583031,0.041131208,0.445911833
1254,626.536,1254,0,0.0321024181,0.0943364637,1.12337433e-06,2,0,9179,44656,7864,1418,0,168,0,0,6.58828769e-10,4.52044735e-10,0,1,0,0,0,1,7864,179.5,2.98640615,4.15512628,4.15449375,2.6587758,-0.000152228934,0.391346682,-0.109707231,0,0,0.000261532721,0,2226,derived,0,0,0,0,0,0,0,0,0,0,0.000625729923,0,813,0,0,0,6.35258246e-05,101325,101325,-1.11022302e-16,438111,0.026852625,0.051822875,0.00179424998,0.255997708,0.055570584,0.000264999922,0.040804083,0.445850209
