time_s,altitude_km,velocity_kms,temperature_K,mass_kg,thick_mm,lat_deg,lon_deg,downrange_km,flight_path_deg,heading_deg,drag,lift,side,knudsen,mach,density_kgm3,dynamic_pressure_Pa,load_factor_g,convective_heat_W,radiative_heat_W,oxidation_heat_W,rad_cooling_W,integrated_heat_J,visibility_factor
0.0,115.0,7.5,300.0,0.184,25.0,29.546,-82.134,0.0,-0.95933,347.1683,2.059,0.0,0.0,40.95647,21.06051,3.649e-08,1.026,0.002296,12.024,0.0,0.0,-1.443,0.0,1.0
0.1,114.987,7.5,300.007,0.184,25.0,29.553,-82.136,0.74,-0.96007,347.16789,2.059,0.0,0.0,40.88632,21.06665,3.655e-08,1.027,0.0023,12.043,0.0,0.0,-1.443,1.204,1.0
0.55,114.931,7.5,300.036,0.184,25.0,29.582,-82.144,4.067,-0.96337,347.16605,2.059,0.0,0.0,40.56132,21.09523,3.685e-08,1.036,0.002319,12.129,0.0,0.0,-1.443,6.662,1.0
1.55,114.804,7.5,300.103,0.184,25.0,29.646,-82.161,11.463,-0.97071,347.16195,2.059,0.0,0.0,39.82073,21.16104,3.756e-08,1.055,0.002363,12.331,0.0,0.0,-1.444,18.993,1.0
2.55,114.677,7.5,300.172,0.184,25.0,29.711,-82.177,18.859,-0.97806,347.15783,2.058,0.0,0.0,39.03241,21.23219,3.834e-08,1.077,0.002411,12.553,0.0,0.0,-1.445,31.547,1.0
3.55,114.548,7.5,300.242,0.184,25.0,29.776,-82.194,26.255,-0.9854,347.1537,2.058,0.0,0.0,38.25142,21.30382,3.914e-08,1.099,0.002461,12.782,0.0,0.0,-1.446,44.329,1.0
4.55,114.419,7.501,300.313,0.184,25.0,29.841,-82.211,33.651,-0.99274,347.14955,2.058,0.0,0.0,37.47794,21.37592,3.997e-08,1.122,0.002512,13.017,0.0,0.0,-1.448,57.346,1.0
5.55,114.288,7.501,300.386,0.184,25.0,29.906,-82.228,41.047,-1.00008,347.14538,2.058,0.0,0.0,36.7121,21.44846,4.083e-08,1.146,0.002565,13.259,0.0,0.0,-1.449,70.604,1.0
6.55,114.157,7.501,300.46,0.184,25.0,29.97,-82.245,48.443,-1.00742,347.1412,2.058,0.0,0.0,35.95406,21.52145,4.171e-08,1.171,0.00262,13.507,0.0,0.0,-1.45,84.111,1.0
7.55,114.024,7.501,300.536,0.184,25.0,30.035,-82.262,55.84,-1.01476,347.137,2.057,0.0,0.0,35.20396,21.59487,4.262e-08,1.196,0.002676,13.762,0.0,0.0,-1.452,97.874,1.0
8.55,113.891,7.501,300.614,0.184,25.0,30.1,-82.279,63.237,-1.0221,347.13279,2.057,0.0,0.0,34.46192,21.66871,4.357e-08,1.222,0.002735,14.025,0.0,0.0,-1.453,111.899,1.0
9.55,113.757,7.501,300.693,0.184,25.0,30.165,-82.296,70.634,-1.02944,347.12856,2.057,0.0,0.0,33.72808,21.74294,4.454e-08,1.249,0.002795,14.295,0.0,0.0,-1.455,126.194,1.0
10.55,113.622,7.501,300.774,0.184,25.0,30.23,-82.313,78.031,-1.03678,347.12432,2.057,0.0,0.0,33.00255,21.81756,4.555e-08,1.277,0.002857,14.573,0.0,0.0,-1.456,140.767,1.0
11.55,113.485,7.502,300.857,0.184,25.0,30.294,-82.33,85.429,-1.04412,347.12005,2.056,0.0,0.0,32.28545,21.89256,4.659e-08,1.306,0.002921,14.859,0.0,0.0,-1.458,155.626,1.0
12.55,113.348,7.502,300.941,0.184,25.0,30.359,-82.347,92.827,-1.05145,347.11577,2.056,0.0,0.0,31.5769,21.96791,4.766e-08,1.336,0.002988,15.153,0.0,0.0,-1.46,170.779,1.0
13.55,113.21,7.502,301.027,0.184,25.0,30.424,-82.365,100.225,-1.05879,347.11148,2.056,0.0,0.0,30.87699,22.04361,4.877e-08,1.367,0.003056,15.455,0.0,0.0,-1.461,186.235,1.0
14.55,113.071,7.502,301.116,0.184,25.0,30.489,-82.382,107.623,-1.06613,347.10717,2.056,0.0,0.0,30.18583,22.11963,4.992e-08,1.399,0.003127,15.767,0.0,0.0,-1.463,202.001,1.0
15.55,112.931,7.502,301.206,0.184,25.0,30.554,-82.399,115.021,-1.07346,347.10284,2.055,0.0,0.0,29.5035,22.19597,5.11e-08,1.432,0.0032,16.087,0.0,0.0,-1.465,218.088,1.0
16.55,112.79,7.502,301.298,0.184,25.0,30.618,-82.416,122.42,-1.0808,347.09849,2.055,0.0,0.0,28.83009,22.2726,5.233e-08,1.466,0.003276,16.416,0.0,0.0,-1.466,234.504,1.0
17.55,112.648,7.502,301.392,0.184,25.0,30.683,-82.433,129.818,-1.08814,347.09413,2.055,0.0,0.0,28.16568,22.3495,5.36e-08,1.501,0.003354,16.755,0.0,0.0,-1.468,251.26,1.0
18.55,112.505,7.503,301.489,0.184,25.0,30.748,-82.45,137.217,-1.09547,347.08975,2.055,0.0,0.0,27.51035,22.42667,5.491e-08,1.537,0.003435,17.104,0.0,0.0,-1.47,268.364,1.0
19.55,112.361,7.503,301.587,0.184,25.0,30.813,-82.468,144.617,-1.1028,347.08535,2.055,0.0,0.0,26.86415,22.50409,5.626e-08,1.575,0.003519,17.464,0.0,0.0,-1.472,285.828,1.0
20.55,112.216,7.503,301.688,0.184,25.0,30.878,-82.485,152.016,-1.11014,347.08094,2.054,0.0,0.0,26.22717,22.58173,5.766e-08,1.614,0.003605,17.833,0.0,0.0,-1.474,303.661,1.0
21.55,112.07,7.503,301.791,0.184,25.0,30.942,-82.502,159.416,-1.11747,347.07651,2.054,0.0,0.0,25.59944,22.65957,5.912e-08,1.654,0.003695,18.214,0.0,0.0,-1.476,321.875,1.0
22.55,111.923,7.503,301.897,0.184,25.0,31.007,-82.519,166.816,-1.1248,347.07206,2.054,0.0,0.0,24.98102,22.73761,6.062e-08,1.696,0.003788,18.606,0.0,0.0,-1.478,340.481,1.0
23.55,111.776,7.503,302.005,0.184,25.0,31.072,-82.537,174.216,-1.13214,347.0676,2.054,0.0,0.0,24.37196,22.81582,6.217e-08,1.739,0.003883,19.009,0.0,0.0,-1.48,359.49,1.0
24.55,111.627,7.504,302.116,0.184,25.0,31.137,-82.554,181.616,-1.13947,347.06312,2.053,0.0,0.0,23.7723,22.89418,6.378e-08,1.784,0.003983,19.425,0.0,0.0,-1.482,378.915,1.0
25.55,111.477,7.504,302.229,0.184,25.0,31.202,-82.571,189.017,-1.1468,347.05862,2.053,0.0,0.0,23.18206,22.97267,6.545e-08,1.83,0.004086,19.853,0.0,0.0,-1.484,398.768,1.0
26.55,111.327,7.504,302.345,0.184,25.0,31.266,-82.589,196.417,-1.15413,347.0541,2.053,0.0,0.0,22.60128,23.05128,6.718e-08,1.878,0.004192,20.293,0.0,0.0,-1.486,419.061,1.0
27.55,111.175,7.504,302.464,0.184,25.0,31.331,-82.606,203.818,-1.16146,347.04956,2.053,0.0,0.0,22.02997,23.12997,6.896e-08,1.927,0.004302,20.747,0.0,0.0,-1.489,439.808,1.0
28.55,111.022,7.504,302.585,0.184,25.0,31.396,-82.623,211.22,-1.16879,347.04501,2.052,0.0,0.0,21.46816,23.20874,7.081e-08,1.979,0.004417,21.214,0.0,0.0,-1.491,461.022,1.0
29.55,110.869,7.504,302.71,0.184,25.0,31.461,-82.641,218.621,-1.17612,347.04044,2.052,0.0,0.0,20.91586,23.28755,7.273e-08,2.032,0.004535,21.696,0.0,0.0,-1.493,482.718,1.0
30.55,110.714,7.504,302.837,0.184,25.0,31.526,-82.658,226.023,-1.18345,347.03586,2.052,0.0,0.0,20.37306,23.36639,7.472e-08,2.087,0.004658,22.191,0.0,0.0,-1.496,504.909,1.0
31.55,110.559,7.505,302.968,0.184,25.0,31.591,-82.676,233.425,-1.19078,347.03125,2.052,0.0,0.0,19.83978,23.44524,7.678e-08,2.144,0.004785,22.702,0.0,0.0,-1.498,527.611,1.0
32.55,110.402,7.505,303.102,0.184,25.0,31.655,-82.693,240.827,-1.19811,347.02663,2.051,0.0,0.0,19.316,23.52407,7.892e-08,2.204,0.004916,23.228,0.0,0.0,-1.501,550.84,1.0
33.55,110.245,7.505,303.239,0.184,25.0,31.72,-82.71,248.229,-1.20543,347.02199,2.051,0.0,0.0,18.80172,23.60286,8.113e-08,2.265,0.005053,23.77,0.0,0.0,-1.504,574.61,1.0
34.55,110.087,7.505,303.379,0.184,25.0,31.785,-82.728,255.632,-1.21276,347.01733,2.051,0.0,0.0,18.29691,23.68159,8.343e-08,2.329,0.005195,24.329,0.0,0.0,-1.506,598.939,1.0
35.55,109.927,7.505,303.524,0.184,25.0,31.85,-82.745,263.035,-1.22009,347.01265,2.051,0.0,0.0,17.80157,23.76022,8.581e-08,2.395,0.005342,24.904,0.0,0.0,-1.509,623.844,1.0
36.55,109.767,7.505,303.671,0.184,25.0,31.915,-82.763,270.438,-1.22742,347.00795,2.05,0.0,0.0,17.31565,23.83876,8.827e-08,2.464,0.005494,25.497,0.0,0.0,-1.512,649.341,1.0
37.55,109.606,7.505,303.823,0.184,25.0,31.979,-82.78,277.841,-1.23474,347.00324,2.05,0.0,0.0,16.83911,23.91717,9.084e-08,2.535,0.005652,26.108,0.0,0.0,-1.515,675.449,1.0
38.55,109.444,7.506,303.978,0.184,25.0,32.044,-82.798,285.245,-1.24207,346.99851,2.05,0.0,0.0,16.3719,23.99544,9.349e-08,2.609,0.005816,26.738,0.0,0.0,-1.518,702.187,1.0
39.55,109.28,7.506,304.137,0.184,25.0,32.109,-82.816,292.649,-1.24939,346.99376,2.05,0.0,0.0,15.91396,24.07355,9.625e-08,2.686,0.005986,27.387,0.0,0.0,-1.521,729.574,1.0
40.55,109.116,7.506,304.301,0.184,25.0,32.174,-82.833,300.053,-1.25672,346.98899,2.049,0.0,0.0,15.46522,24.15149,9.911e-08,2.765,0.006163,28.056,0.0,0.0,-1.524,757.629,1.0
41.55,108.951,7.506,304.468,0.184,25.0,32.239,-82.851,307.457,-1.26405,346.9842,2.049,0.0,0.0,15.02564,24.22925,1.021e-07,2.848,0.006347,28.745,0.0,0.0,-1.528,786.374,1.0
42.55,108.785,7.506,304.64,0.184,25.0,32.304,-82.868,314.862,-1.27137,346.97939,2.049,0.0,0.0,14.59513,24.3068,1.052e-07,2.934,0.006537,29.455,0.0,0.0,-1.531,815.829,1.0
43.55,108.618,7.506,304.817,0.184,25.0,32.368,-82.886,322.266,-1.2787,346.97457,2.049,0.0,0.0,14.17364,24.38414,1.084e-07,3.023,0.006735,30.187,0.0,0.0,-1.534,846.016,1.0
44.55,108.45,7.506,304.998,0.184,25.0,32.433,-82.904,329.671,-1.28602,346.96973,2.049,0.0,0.0,13.7611,24.46123,1.117e-07,3.116,0.006941,30.942,0.0,0.0,-1.538,876.958,1.0
45.55,108.281,7.507,305.184,0.184,25.0,32.498,-82.922,337.077,-1.29335,346.96486,2.048,0.0,0.0,13.35742,24.53807,1.152e-07,3.212,0.007155,31.72,0.0,0.0,-1.542,908.678,1.0
46.55,108.111,7.507,305.374,0.184,25.0,32.563,-82.939,344.482,-1.30067,346.95998,2.048,0.0,0.0,12.96254,24.61463,1.187e-07,3.312,0.007377,32.522,0.0,0.0,-1.545,941.2,1.0
47.55,107.94,7.507,305.57,0.184,25.0,32.628,-82.957,351.888,-1.308,346.95508,2.048,0.0,0.0,12.57637,24.69089,1.225e-07,3.416,0.007608,33.348,0.0,0.0,-1.549,974.548,1.0
48.55,107.769,7.507,305.771,0.184,25.0,32.692,-82.975,359.294,-1.31532,346.95016,2.048,0.0,0.0,12.19883,24.76685,1.264e-07,3.524,0.007848,34.2,0.0,0.0,-1.553,1008.748,1.0
49.55,107.596,7.507,305.977,0.184,25.0,32.757,-82.993,366.7,-1.32265,346.94523,2.047,0.0,0.0,11.82984,24.84247,1.304e-07,3.637,0.008098,35.078,0.0,0.0,-1.557,1043.826,1.0
50.55,107.422,7.507,306.189,0.184,25.0,32.822,-83.01,374.107,-1.32997,346.94027,2.047,0.0,0.0,11.46931,24.91774,1.346e-07,3.754,0.008357,35.984,0.0,0.0,-1.561,1079.809,1.0
51.55,107.247,7.507,306.407,0.184,25.0,32.887,-83.028,381.513,-1.3373,346.93529,2.047,0.0,0.0,11.11714,24.99264,1.39e-07,3.876,0.008627,36.917,0.0,0.0,-1.566,1116.726,1.0
52.55,107.072,7.508,306.63,0.184,25.0,32.952,-83.046,388.92,-1.34462,346.93029,2.047,0.0,0.0,10.77326,25.06715,1.435e-07,4.002,0.008909,37.879,0.0,0.0,-1.57,1154.605,1.0
53.55,106.895,7.508,306.859,0.184,25.0,33.017,-83.064,396.327,-1.35195,346.92528,2.047,0.0,0.0,10.43756,25.14125,1.482e-07,4.134,0.009201,38.871,0.0,0.0,-1.575,1193.476,1.0
54.55,106.717,7.508,307.095,0.184,25.0,33.081,-83.082,403.735,-1.35927,346.92024,2.046,0.0,0.0,10.10995,25.21491,1.531e-07,4.272,0.009506,39.894,0.0,0.0,-1.58,1233.37,1.0
55.55,106.539,7.508,307.337,0.184,25.0,33.146,-83.1,411.142,-1.3666,346.91519,2.046,0.0,0.0,9.79032,25.28811,1.582e-07,4.414,0.009823,40.948,0.0,0.0,-1.584,1274.318,1.0
56.55,106.359,7.508,307.586,0.184,25.0,33.211,-83.118,418.55,-1.37392,346.91011,2.046,0.0,0.0,9.47859,25.36083,1.636e-07,4.563,0.01015,42.034,0.0,0.0,-1.589,1316.352,1.0
57.55,106.179,7.508,307.841,0.184,25.0,33.276,-83.136,425.958,-1.38125,346.90502,2.046,0.0,0.0,9.17464,25.43305,1.691e-07,4.718,0.0105,43.154,0.0,0.0,-1.595,1359.506,1.0
58.55,105.997,7.508,308.104,0.184,25.0,33.341,-83.153,433.367,-1.38858,346.89991,2.046,0.0,0.0,8.87838,25.50475,1.749e-07,4.879,0.01086,44.308,0.0,0.0,-1.6,1403.814,1.0
59.55,105.815,7.508,308.374,0.184,25.0,33.406,-83.171,440.775,-1.39591,346.89477,2.046,0.0,0.0,8.58969,25.57589,1.809e-07,5.048,0.01123,45.497,0.0,0.0,-1.605,1449.311,1.0
60.55,105.631,7.509,308.651,0.184,25.0,33.47,-83.189,448.184,-1.40323,346.88962,2.046,0.0,0.0,8.30848,25.64647,1.871e-07,5.223,0.01162,46.723,0.0,0.0,-1.611,1496.034,1.0
61.55,105.447,7.509,308.936,0.184,25.0,33.535,-83.208,455.593,-1.41056,346.88445,2.045,0.0,0.0,8.03462,25.71644,1.937e-07,5.405,0.01202,47.986,0.0,0.0,-1.617,1544.019,1.0
62.55,105.262,7.509,309.229,0.184,25.0,33.6,-83.226,463.002,-1.41789,346.87925,2.045,0.0,0.0,7.76802,25.78579,2.004e-07,5.595,0.01245,49.287,0.0,0.0,-1.623,1593.306,1.0
63.55,105.075,7.509,309.53,0.184,25.0,33.665,-83.244,470.412,-1.42522,346.87404,2.045,0.0,0.0,7.50856,25.85449,2.075e-07,5.794,0.01289,50.627,0.0,0.0,-1.629,1643.933,1.0
64.55,104.888,7.509,309.84,0.184,25.0,33.73,-83.262,477.822,-1.43255,346.8688,2.045,0.0,0.0,7.25613,25.92252,2.149e-07,6.0,0.01334,52.008,0.0,0.0,-1.635,1695.942,1.0
65.55,104.7,7.509,310.158,0.184,25.0,33.795,-83.28,485.231,-1.43988,346.86355,2.045,0.0,0.0,7.01061,25.98984,2.226e-07,6.216,0.01382,53.431,0.0,0.0,-1.642,1749.372,1.0
66.55,104.511,7.509,310.485,0.184,25.0,33.859,-83.298,492.642,-1.44721,346.85828,2.045,0.0,0.0,6.77189,26.05643,2.306e-07,6.441,0.01432,54.896,0.0,0.0,-1.649,1804.269,1.0
67.55,104.321,7.509,310.821,0.184,25.0,33.924,-83.316,500.052,-1.45455,346.85298,2.045,0.0,0.0,6.53985,26.12226,2.389e-07,6.675,0.01484,56.405,0.0,0.0,-1.656,1860.674,1.0
68.55,104.13,7.509,311.167,0.184,25.0,33.989,-83.334,507.463,-1.46188,346.84766,2.044,0.0,0.0,6.31438,26.1873,2.476e-07,6.92,0.01538,57.959,0.0,0.0,-1.663,1918.632,1.0
69.55,103.937,7.509,311.522,0.184,25.0,34.054,-83.353,514.873,-1.46922,346.84233,2.044,0.0,0.0,6.09537,26.25151,2.567e-07,7.175,0.01595,59.559,0.0,0.0,-1.67,1978.191,1.0
70.55,103.744,7.51,311.887,0.184,25.0,34.119,-83.371,522.284,-1.47655,346.83697,2.044,0.0,0.0,5.88268,26.31486,2.662e-07,7.441,0.01654,61.206,0.0,0.0,-1.678,2039.397,1.0
71.55,103.55,7.51,312.263,0.184,25.0,34.184,-83.389,529.695,-1.48389,346.83159,2.044,0.0,0.0,5.67621,26.37733,2.761e-07,7.718,0.01716,62.901,0.0,0.0,-1.686,2102.298,1.0
72.55,103.356,7.51,312.649,0.184,25.0,34.249,-83.407,537.107,-1.49123,346.8262,2.044,0.0,0.0,5.47584,26.43888,2.864e-07,8.008,0.0178,64.645,0.0,0.0,-1.694,2166.943,1.0
73.55,103.16,7.51,313.046,0.184,25.0,34.313,-83.426,544.518,-1.49857,346.82078,2.044,0.0,0.0,5.28144,26.49947,2.971e-07,8.311,0.01847,66.441,0.0,0.0,-1.702,2233.384,1.0
74.55,102.963,7.51,313.455,0.184,25.0,34.378,-83.444,551.93,-1.50591,346.81534,2.044,0.0,0.0,5.0929,26.55907,3.083e-07,8.626,0.01917,68.287,0.0,0.0,-1.711,2301.671,1.0
75.55,102.765,7.51,313.875,0.184,25.0,34.443,-83.462,559.342,-1.51326,346.80988,2.044,0.0,0.0,4.9101,26.61764,3.2e-07,8.956,0.0199,70.187,0.0,0.0,-1.72,2371.859,1.0
76.55,102.566,7.51,314.306,0.184,25.0,34.508,-83.481,566.754,-1.5206,346.80439,2.044,0.0,0.0,4.73292,26.67515,3.323e-07,9.3,0.02067,72.141,0.0,0.0,-1.729,2443.999,1.0
77.55,102.366,7.51,314.75,0.184,25.0,34.573,-83.499,574.166,-1.52795,346.79889,2.043,0.0,0.0,4.56124,26.73156,3.45e-07,9.659,0.02146,74.15,0.0,0.0,-1.739,2518.149,1.0
78.55,102.166,7.51,315.207,0.184,25.0,34.638,-83.517,581.579,-1.5353,346.79337,2.043,0.0,0.0,4.39495,26.78683,3.583e-07,10.03,0.0223,76.215,0.0,0.0,-1.748,2594.364,1.0
79.55,101.964,7.51,315.676,0.184,25.0,34.702,-83.536,588.992,-1.54266,346.78782,2.043,0.0,0.0,4.23392,26.84093,3.722e-07,10.43,0.02316,78.337,0.0,0.0,-1.759,2672.7,1.0
80.55,101.761,7.51,316.158,0.184,25.0,34.767,-83.554,596.404,-1.55001,346.78226,2.043,0.0,0.0,4.07803,26.89381,3.867e-07,10.83,0.02407,80.518,0.0,0.0,-1.769,2753.218,1.0
81.55,101.558,7.51,316.654,0.184,25.0,34.832,-83.573,603.817,-1.55737,346.77667,2.043,0.0,0.0,3.92718,26.94543,4.018e-07,11.26,0.02502,82.758,0.0,0.0,-1.78,2835.977,1.0
82.55,101.353,7.51,317.164,0.184,25.0,34.897,-83.591,611.23,-1.56473,346.77106,2.043,0.0,0.0,3.78123,26.99574,4.176e-07,11.71,0.02601,85.059,0.0,0.0,-1.791,2921.036,1.0
83.55,101.147,7.51,317.688,0.184,25.0,34.962,-83.61,618.644,-1.57209,346.76543,2.043,0.0,0.0,3.64009,27.04472,4.341e-07,12.17,0.02704,87.422,0.0,0.0,-1.803,3008.458,1.0
84.55,100.941,7.51,318.227,0.184,25.0,35.027,-83.628,626.057,-1.57946,346.75978,2.043,0.0,0.0,3.50362,27.09231,4.513e-07,12.66,0.02812,89.847,0.0,0.0,-1.815,3098.305,1.0
85.55,100.733,7.51,318.781,0.184,25.0,35.091,-83.647,633.47,-1.58683,346.7541,2.043,0.0,0.0,3.37172,27.13846,4.693e-07,13.17,0.02925,92.337,0.0,0.0,-1.827,3190.642,1.0
86.55,100.525,7.51,319.35,0.184,25.0,35.156,-83.665,640.884,-1.5942,346.74841,2.043,0.0,0.0,3.24427,27.18313,4.88e-07,13.7,0.03042,94.89,0.0,0.0,-1.84,3285.532,1.0
87.55,100.316,7.51,319.936,0.184,25.0,35.221,-83.684,648.298,-1.60158,346.74269,2.042,0.0,0.0,3.12116,27.22628,5.076e-07,14.25,0.03165,97.51,0.0,0.0,-1.853,3383.042,1.0
88.55,100.105,7.51,320.537,0.184,25.0,35.286,-83.703,655.711,-1.60896,346.73695,2.042,0.0,0.0,3.00228,27.26785,5.28e-07,14.83,0.03294,100.196,0.0,0.0,-1.866,3483.238,1.0
89.55,99.894,7.51,321.155,0.184,25.0,35.351,-83.721,663.125,-1.61635,346.73119,2.042,0.0,0.0,2.88752,27.3078,5.494e-07,15.43,0.03428,102.949,0.0,0.0,-1.881,3586.187,1.0
90.55,99.682,7.51,321.789,0.184,25.0,35.416,-83.74,670.539,-1.62374,346.72541,2.042,0.0,0.0,2.77676,27.34609,5.717e-07,16.06,0.03568,105.771,0.0,0.0,-1.895,3691.957,1.0
91.55,99.468,7.51,322.442,0.184,25.0,35.481,-83.759,677.953,-1.63113,346.71961,2.042,0.0,0.0,2.66989,27.3827,5.949e-07,16.72,0.03714,108.661,0.0,0.0,-1.91,3800.618,1.0
92.55,99.254,7.51,323.112,0.184,25.0,35.545,-83.777,685.367,-1.63853,346.71378,2.042,0.0,0.0,2.56678,27.41763,6.192e-07,17.41,0.03867,111.622,0.0,0.0,-1.926,3912.24,1.0
93.55,99.039,7.51,323.8,0.184,25.0,35.61,-83.796,692.781,-1.64594,346.70793,2.042,0.0,0.0,2.46734,27.45086,6.446e-07,18.13,0.04026,114.653,0.0,0.0,-1.942,4026.893,1.0
94.55,98.823,7.509,324.507,0.184,25.0,35.675,-83.815,700.195,-1.65335,346.70206,2.042,0.0,0.0,2.37144,27.48239,6.71e-07,18.88,0.04193,117.756,0.0,0.0,-1.958,4144.649,1.0
95.55,98.605,7.509,325.233,0.184,25.0,35.74,-83.834,707.609,-1.66076,346.69617,2.042,0.0,0.0,2.27897,27.51219,6.987e-07,19.66,0.04366,120.932,0.0,0.0,-1.975,4265.581,1.0
96.55,98.387,7.509,325.978,0.184,25.0,35.805,-83.852,715.023,-1.66818,346.69025,2.042,0.0,0.0,2.18984,27.54025,7.276e-07,20.48,0.04548,124.18,0.0,0.0,-1.993,4389.761,1.0
97.55,98.168,7.509,326.743,0.184,25.0,35.869,-83.871,722.437,-1.67561,346.68431,2.042,0.0,0.0,2.10392,27.56657,7.577e-07,21.34,0.04738,127.502,0.0,0.0,-2.012,4517.263,1.0
98.55,97.948,7.509,327.529,0.184,25.0,35.934,-83.89,729.851,-1.68305,346.67835,2.042,0.0,0.0,2.02114,27.59113,7.892e-07,22.23,0.04936,130.898,0.0,0.0,-2.03,4648.161,1.0
99.55,97.727,7.508,328.335,0.184,25.0,35.999,-83.909,737.265,-1.69049,346.67237,2.042,0.0,0.0,1.94137,27.61392,8.221e-07,23.16,0.05143,134.37,0.0,0.0,-2.05,4782.531,1.0
100.55,97.505,7.508,329.163,0.184,25.0,36.064,-83.928,744.679,-1.69794,346.66637,2.042,0.0,0.0,1.86454,27.63492,8.565e-07,24.14,0.05359,137.917,0.0,0.0,-2.07,4920.448,1.0
101.55,97.282,7.508,330.012,0.184,25.0,36.129,-83.947,752.093,-1.7054,346.66034,2.042,0.0,0.0,1.79053,27.65412,8.924e-07,25.16,0.05585,141.539,0.0,0.0,-2.091,5061.987,1.0
102.55,97.058,7.508,330.883,0.184,25.0,36.194,-83.966,759.506,-1.71286,346.65429,2.042,0.0,0.0,1.71927,27.6715,9.299e-07,26.22,0.05821,145.238,0.0,0.0,-2.113,5207.225,1.0
103.55,96.833,7.507,331.777,0.184,25.0,36.258,-83.985,766.92,-1.72034,346.64822,2.042,0.0,0.0,1.65065,27.68706,9.691e-07,27.33,0.06067,149.014,0.0,0.0,-2.135,5356.24,1.0
104.55,96.608,7.507,332.693,0.184,25.0,36.323,-84.004,774.333,-1.72782,346.64212,2.041,0.0,0.0,1.5846,27.70079,1.01e-06,28.49,0.06325,152.867,0.0,0.0,-2.159,5509.107,1.0
105.55,96.381,7.507,333.633,0.184,25.0,36.388,-84.023,781.746,-1.73531,346.636,2.041,0.0,0.0,1.52102,27.71266,1.053e-06,29.7,0.06593,156.798,0.0,0.0,-2.182,5665.905,1.0
106.55,96.153,7.506,334.597,0.184,25.0,36.453,-84.042,789.159,-1.74282,346.62986,2.041,0.0,0.0,1.45983,27.72267,1.098e-06,30.96,0.06874,160.806,0.0,0.0,-2.207,5826.711,1.0
107.55,95.924,7.506,335.585,0.184,25.0,36.518,-84.061,796.572,-1.75033,346.62369,2.041,0.0,0.0,1.40096,27.7308,1.144e-06,32.28,0.07167,164.892,0.0,0.0,-2.233,5991.602,1.0
108.55,95.694,7.506,336.598,0.184,25.0,36.582,-84.08,803.985,-1.75785,346.6175,2.041,0.0,0.0,1.34432,27.73705,1.193e-06,33.66,0.07473,169.055,0.0,0.0,-2.259,6160.658,1.0
109.55,95.464,7.505,337.636,0.184,25.0,36.647,-84.099,811.397,-1.76539,346.61129,2.041,0.0,0.0,1.28983,27.74139,1.244e-06,35.1,0.07793,173.297,0.0,0.0,-2.287,6333.955,1.0
110.55,95.232,7.505,338.699,0.184,25.0,36.712,-84.118,818.809,-1.77294,346.60505,2.041,0.0,0.0,1.23742,27.74382,1.297e-06,36.61,0.08126,177.617,0.0,0.0,-2.315,6511.571,1.0
111.55,94.999,7.504,339.789,0.184,25.0,36.777,-84.138,826.22,-1.7805,346.59879,2.041,0.0,0.0,1.18702,27.74434,1.353e-06,38.18,0.08475,182.014,0.0,0.0,-2.344,6693.585,1.0
112.55,94.766,7.503,340.905,0.184,25.0,36.842,-84.157,833.631,-1.78807,346.59251,2.041,0.0,0.0,1.13856,27.74292,1.411e-06,39.81,0.08839,186.49,0.0,0.0,-2.375,6880.075,1.0
113.55,94.531,7.503,342.047,0.184,25.0,36.906,-84.176,841.042,-1.79566,346.5862,2.041,0.0,0.0,1.09197,27.73962,1.472e-06,41.53,0.09219,191.044,0.0,0.0,-2.406,7071.119,1.0
114.55,94.295,7.502,343.217,0.184,25.0,36.971,-84.195,848.452,-1.80326,346.57987,2.041,0.0,0.0,1.04718,27.73449,1.536e-06,43.31,0.09616,195.678,0.0,0.0,-2.438,7266.797,1.0
115.55,94.059,7.502,344.415,0.184,25.0,37.036,-84.214,855.862,-1.81088,346.57351,2.041,0.0,0.0,1.00412,27.72758,1.602e-06,45.18,0.1003,200.394,0.0,0.0,-2.472,7467.191,1.0
116.55,93.821,7.501,345.643,0.184,25.0,37.101,-84.234,863.271,-1.81852,346.56713,2.041,0.0,0.0,0.96275,27.71895,1.672e-06,47.13,0.1046,205.499,0.0,0.0,-2.507,7672.691,1.0
117.55,93.583,7.5,346.906,0.184,25.0,37.165,-84.253,870.68,-1.82617,346.56073,2.04,0.0,0.0,0.92298,27.70866,1.745e-06,49.17,0.1091,211.475,0.0,0.0,-2.543,7884.165,1.0
118.55,93.343,7.499,348.209,0.184,25.0,37.23,-84.272,878.088,-1.83384,346.5543,2.039,0.0,0.0,0.88478,27.69678,1.821e-06,51.29,0.1137,218.384,0.0,0.0,-2.58,8102.55,1.0
119.55,93.103,7.498,349.56,0.184,25.0,37.295,-84.292,885.496,-1.84153,346.54784,2.036,0.0,0.0,0.84807,27.68337,1.9e-06,53.51,0.1185,226.291,0.0,0.0,-2.619,8328.84,1.0
120.55,92.861,7.498,350.963,0.184,25.0,37.36,-84.311,892.903,-1.84924,346.54136,2.033,0.0,0.0,0.8128,27.66851,1.983e-06,55.84,0.1235,235.257,0.0,0.0,-2.66,8564.097,1.0
121.55,92.619,7.497,352.427,0.184,25.0,37.424,-84.331,900.309,-1.85696,346.53485,2.029,0.0,0.0,0.77893,27.65226,2.07e-06,58.26,0.1286,245.348,0.0,0.0,-2.703,8809.445,1.0
122.55,92.376,7.496,353.957,0.184,25.0,37.489,-84.35,907.714,-1.86471,346.52832,2.025,0.0,0.0,0.7464,27.6347,2.161e-06,60.8,0.1339,256.629,0.0,0.0,-2.748,9066.074,1.0
123.55,92.131,7.495,355.561,0.184,25.0,37.554,-84.37,915.119,-1.87249,346.52177,2.02,0.0,0.0,0.71515,27.6159,2.257e-06,63.45,0.1394,269.168,0.0,0.0,-2.796,9335.242,1.0
124.55,91.886,7.494,357.246,0.184,25.0,37.618,-84.389,922.522,-1.88028,346.51518,2.014,0.0,0.0,0.68515,27.59596,2.356e-06,66.22,0.145,283.032,0.0,0.0,-2.847,9618.274,1.0
125.55,91.639,7.492,359.022,0.184,25.0,37.683,-84.409,929.925,-1.8881,346.50858,2.007,0.0,0.0,0.65634,27.57494,2.46e-06,69.11,0.1509,298.291,0.0,0.0,-2.902,9916.564,1.0
126.55,91.392,7.491,360.896,0.184,25.0,37.748,-84.428,937.327,-1.89594,346.50194,2.0,0.0,0.0,0.62867,27.55295,2.569e-06,72.14,0.1569,315.014,0.0,0.0,-2.96,10231.578,1.0
127.55,91.144,7.49,362.877,0.184,25.0,37.812,-84.448,944.727,-1.90382,346.49528,1.992,0.0,0.0,0.60212,27.53005,2.683e-06,75.31,0.1631,333.273,0.0,0.0,-3.022,10564.851,1.0
128.55,90.894,7.489,364.974,0.184,25.0,37.877,-84.467,952.127,-1.91171,346.4886,1.983,0.0,0.0,0.57662,27.50636,2.803e-06,78.62,0.1696,353.141,0.0,0.0,-3.089,10917.992,1.0
129.55,90.644,7.487,367.198,0.184,25.0,37.942,-84.487,959.525,-1.91964,346.48189,1.974,0.0,0.0,0.55215,27.48195,2.928e-06,82.08,0.1762,374.69,0.0,0.0,-3.161,11292.682,1.0
130.55,90.393,7.486,369.558,0.184,25.0,38.006,-84.506,966.922,-1.9276,346.47515,1.964,0.0,0.0,0.52866,27.45693,3.058e-06,85.71,0.1831,397.996,0.0,0.0,-3.239,11690.678,1.0
131.55,90.141,7.484,372.064,0.184,25.0,38.071,-84.526,974.318,-1.93559,346.46839,1.954,0.0,0.0,0.50612,27.4314,3.195e-06,89.5,0.1901,423.135,0.0,0.0,-3.323,12113.813,1.0
132.55,89.887,7.483,374.728,0.184,25.0,38.135,-84.546,981.713,-1.94361,346.46161,1.942,0.0,0.0,0.48448,27.40547,3.339e-06,93.47,0.1974,450.184,0.0,0.0,-3.414,12563.996,1.0
133.55,89.633,7.481,377.559,0.184,25.0,38.2,-84.566,989.106,-1.95167,346.4548,1.93,0.0,0.0,0.46372,27.37918,3.489e-06,97.63,0.205,479.219,0.0,0.0,-3.513,13043.215,1.0
134.55,89.378,7.479,380.57,0.184,25.0,38.265,-84.585,996.497,-1.95976,346.44796,1.918,0.0,0.0,0.4438,27.35253,3.646e-06,102.0,0.2127,510.313,0.0,0.0,-3.62,13553.529,1.0
135.55,89.121,7.477,383.77,0.184,25.0,38.329,-84.605,1003.887,-1.96788,346.4411,1.905,0.0,0.0,0.42469,27.3255,3.811e-06,106.5,0.2207,543.539,0.0,0.0,-3.737,14097.068,1.0
136.55,88.864,7.476,387.173,0.184,25.0,38.394,-84.625,1011.275,-1.97605,346.43422,1.891,0.0,0.0,0.40636,27.29807,3.984e-06,111.3,0.2289,578.968,0.0,0.0,-3.864,14676.036,1.0
137.55,88.606,7.474,390.79,0.184,25.0,38.458,-84.645,1018.662,-1.98425,346.42731,1.877,0.0,0.0,0.38878,27.27021,4.165e-06,116.3,0.2374,616.668,0.0,0.0,-4.003,15292.704,1.0
138.55,88.347,7.472,394.634,0.184,25.0,38.523,-84.664,1026.047,-1.9925,346.42038,1.862,0.0,0.0,0.37192,27.24191,4.354e-06,121.5,0.2461,656.71,0.0,0.0,-4.155,15949.415,1.0
139.55,88.086,7.469,398.716,0.184,25.0,38.587,-84.684,1033.43,-2.00079,346.41343,1.847,0.0,0.0,0.35576,27.21315,4.552e-06,127.0,0.2551,699.16,0.0,0.0,-4.321,16648.575,1.0
140.55,87.825,7.467,403.048,0.184,25.0,38.652,-84.704,1040.811,-2.00912,346.40646,1.831,0.0,0.0,0.34027,27.1839,4.76e-06,132.8,0.2643,744.083,0.0,0.0,-4.502,17392.657,1.0
141.55,87.563,7.465,407.643,0.184,25.0,38.716,-84.724,1048.19,-2.0175,346.39946,1.815,0.0,0.0,0.32542,27.15414,4.978e-06,138.8,0.2738,791.542,0.0,0.0,-4.701,18184.2,1.0
142.55,87.299,7.462,412.513,0.184,25.0,38.781,-84.744,1055.566,-2.02593,346.39244,1.798,0.0,0.0,0.31119,27.12385,5.206e-06,145.1,0.2836,841.599,0.0,0.0,-4.919,19025.798,1.0
143.55,87.035,7.46,417.671,0.184,25.0,38.845,-84.764,1062.941,-2.03441,346.3854,1.781,0.0,0.0,0.29755,27.09301,5.446e-06,151.6,0.2936,894.31,0.0,0.0,-5.158,19920.108,1.0
144.55,86.77,7.457,423.133,0.184,25.0,38.909,-84.784,1070.313,-2.04293,346.37834,1.763,0.0,0.0,0.28449,27.0616,5.696e-06,158.5,0.304,949.73,0.0,0.0,-5.421,20869.838,1.0
145.55,86.503,7.455,428.91,0.184,25.0,38.974,-84.804,1077.683,-2.05152,346.37126,1.745,0.0,0.0,0.27197,27.02958,5.959e-06,165.8,0.3145,1007.912,0.0,0.0,-5.711,21877.75,1.0
146.55,86.236,7.452,435.017,0.184,25.0,39.038,-84.824,1085.05,-2.06015,346.36416,1.727,0.0,0.0,0.25998,26.99694,6.234e-06,173.3,0.3254,1068.903,0.0,0.0,-6.029,22946.653,1.0
147.55,85.968,7.449,441.461,0.184,25.0,39.102,-84.844,1092.414,-2.06885,346.35704,1.708,0.0,0.0,0.2485,26.96365,6.523e-06,181.2,0.3366,1132.746,0.0,0.0,-6.38,24079.4,1.0
148.55,85.698,7.446,448.243,0.184,25.0,39.167,-84.864,1099.776,-2.0776,346.3499,1.689,0.0,0.0,0.23751,26.92969,6.825e-06,189.5,0.3481,1199.482,0.0,0.0,-6.766,25278.882,1.0
149.55,85.428,7.443,455.373,0.184,25.0,39.231,-84.884,1107.135,-2.08642,346.34274,1.67,0.0,0.0,0.22698,26.89502,7.142e-06,198.2,0.3598,1269.146,0.0,0.0,-7.192,26548.027,1.0
150.55,85.156,7.44,462.843,0.184,25.0,39.295,-84.904,1114.491,-2.0953,346.33556,1.65,0.0,0.0,0.2169,26.85962,7.475e-06,207.2,0.3719,1341.767,0.0,0.0,-7.66,27889.795,1.0
151.55,84.884,7.436,470.623,0.184,25.0,39.359,-84.924,1121.844,-2.10425,346.32836,1.63,0.0,0.0,0.20725,26.82346,7.823e-06,216.7,0.3843,1417.372,0.0,0.0,-8.175,29307.167,1.0
152.55,84.61,7.433,478.716,0.184,25.0,39.423,-84.944,1129.194,-2.11326,346.32115,1.61,0.0,0.0,0.19802,26.78653,8.189e-06,226.7,0.397,1495.984,0.0,0.0,-8.739,30803.15,1.0
153.55,84.336,7.429,487.055,0.184,25.0,39.488,-84.964,1136.54,-2.12235,346.31391,1.59,0.0,0.0,0.18918,26.74882,8.572e-06,237.1,0.41,1577.623,0.0,0.0,-9.356,32380.773,1.0
154.55,84.06,7.425,495.61,0.184,25.0,39.552,-84.984,1143.883,-2.13151,346.30665,1.57,0.0,0.0,0.18072,26.71033,8.973e-06,248.0,0.4234,1662.309,0.0,0.0,-10.025,34043.082,1.0
155.55,83.783,7.421,504.41,0.184,25.0,39.616,-85.005,1151.222,-2.14074,346.29938,1.55,0.0,0.0,0.17263,26.67108,9.394e-06,259.4,0.4371,1750.056,0.0,0.0,-10.748,35793.138,1.0
156.55,83.505,7.417,513.523,0.184,25.0,39.68,-85.025,1158.558,-2.15006,346.29208,1.529,0.0,0.0,0.16488,26.63106,9.836e-06,271.3,0.4512,1840.87,0.0,0.0,-11.532,37634.008,1.0
157.55,83.227,7.413,522.964,0.184,25.0,39.744,-85.045,1165.889,-2.15945,346.28477,1.509,0.0,0.0,0.15747,26.59028,1.03e-05,283.8,0.4657,1934.748,0.0,0.0,-12.388,39568.756,1.0
158.55,82.947,7.409,532.97,0.184,25.0,39.808,-85.065,1173.217,-2.16893,346.27743,1.489,0.0,0.0,0.15039,26.54873,1.079e-05,296.8,0.4805,2031.683,0.0,0.0,-13.325,41600.439,1.0
159.55,82.666,7.404,543.572,0.184,25.0,39.872,-85.086,1180.541,-2.17849,346.27008,1.468,0.0,0.0,0.14361,26.50643,1.129e-05,310.5,0.4958,2131.648,0.0,0.0,-14.374,43732.088,1.0
160.55,82.384,7.4,554.878,0.184,25.0,39.936,-85.106,1187.86,-2.18815,346.26271,1.448,0.0,0.0,0.13713,26.46337,1.183e-05,324.8,0.5114,2234.622,0.0,0.0,-15.553,45966.71,1.0
161.55,82.101,7.395,566.91,0.184,25.0,39.999,-85.126,1195.175,-2.19789,346.25532,1.428,0.0,0.0,0.13092,26.41954,1.239e-05,339.8,0.5275,2340.57,0.0,0.0,-16.887,48307.28,1.0
162.55,81.817,7.39,579.549,0.184,25.0,40.063,-85.146,1202.485,-2.20774,346.2479,1.407,0.0,0.0,0.125,26.37496,1.298e-05,355.5,0.5441,2449.459,0.0,0.0,-18.4,50756.739,1.0
163.55,81.531,7.385,592.636,0.184,25.0,40.127,-85.167,1209.791,-2.21768,346.24047,1.387,0.0,0.0,0.11933,26.32962,1.359e-05,371.9,0.5611,2561.261,0.0,0.0,-20.097,53318.0,1.0
164.55,81.245,7.38,605.996,0.184,25.0,40.191,-85.187,1217.092,-2.22772,346.23302,1.368,0.0,0.0,0.1139,26.28351,1.424e-05,389.1,0.5786,2675.947,0.0,0.0,-21.975,55993.947,1.0
165.55,80.958,7.375,619.594,0.184,25.0,40.254,-85.207,1224.387,-2.23786,346.22555,1.348,0.0,0.0,0.10872,26.23664,1.492e-05,407.0,0.5967,2793.49,0.0,0.0,-24.024,58787.437,1.0
166.55,80.669,7.369,633.431,0.184,25.0,40.318,-85.228,1231.678,-2.24812,346.21805,1.329,0.0,0.0,0.10377,26.189,1.563e-05,425.8,0.6153,2913.84,0.0,0.0,-26.254,61701.277,1.0
167.55,80.38,7.363,647.512,0.184,25.0,40.382,-85.248,1238.963,-2.25849,346.21054,1.309,0.0,0.0,0.09903,26.14059,1.638e-05,445.5,0.6344,3036.94,0.0,0.0,-28.679,64738.217,1.0
168.55,80.089,7.357,661.829,0.184,25.0,40.445,-85.269,1246.242,-2.26897,346.20301,1.29,0.0,0.0,0.0945,26.0914,1.717e-05,466.1,0.6542,3162.725,0.0,0.0,-31.316,67900.942,1.0
169.55,79.797,7.351,676.399,0.184,25.0,40.508,-85.289,1253.516,-2.27957,346.19545,1.272,0.0,0.0,0.09018,26.04142,1.799e-05,487.7,0.6746,3291.127,0.0,0.0,-34.179,71192.069,1.0
170.55,79.504,7.345,691.248,0.184,25.0,40.572,-85.309,1260.783,-2.2903,346.18788,1.254,0.0,0.0,0.08604,25.99065,1.886e-05,510.3,0.6957,3422.063,0.0,0.0,-37.289,74614.132,1.0
171.55,79.21,7.338,706.43,0.184,25.0,40.635,-85.33,1268.045,-2.30115,346.18028,1.236,0.0,0.0,0.08209,25.93906,1.977e-05,533.9,0.7175,3555.442,0.0,0.0,-40.673,78169.574,1.0
172.55,78.915,7.331,722.171,0.184,25.0,40.699,-85.35,1275.3,-2.31214,346.17267,1.218,0.0,0.0,0.07831,25.88664,2.072e-05,558.6,0.7401,3691.159,0.0,0.0,-44.366,81860.733,1.0
173.55,78.618,7.324,739.476,0.184,25.0,40.762,-85.371,1282.548,-2.32326,346.16503,1.201,0.0,0.0,0.0747,25.83336,2.172e-05,584.5,0.7634,3829.076,0.0,0.0,-48.454,85689.809,1.0
174.55,78.321,7.317,758.952,0.184,25.0,40.825,-85.391,1289.789,-2.33452,346.15737,1.184,0.0,0.0,0.07125,25.77919,2.277e-05,611.6,0.7877,3968.926,0.0,0.0,-53.268,89658.735,1.0
175.55,78.022,7.31,779.523,0.184,25.0,40.888,-85.412,1297.024,-2.34593,346.14968,1.168,0.0,0.0,0.06796,25.72412,2.388e-05,639.9,0.8128,4110.471,0.0,0.0,-59.106,93769.206,1.0
176.55,77.723,7.302,800.736,0.184,25.0,40.951,-85.432,1304.251,-2.35749,346.14198,1.152,0.0,0.0,0.06481,25.6681,2.504e-05,669.6,0.8389,4253.725,0.0,0.0,-65.779,98022.931,1.0
177.55,77.422,7.294,822.468,0.184,25.0,41.014,-85.453,1311.47,-2.3692,346.13426,1.137,0.0,0.0,0.06181,25.61113,2.626e-05,700.6,0.866,4398.617,0.0,0.0,-73.237,102421.548,1.0
178.55,77.12,7.286,844.689,0.184,25.0,41.077,-85.473,1318.682,-2.38108,346.12651,1.122,0.0,0.0,0.05893,25.55316,2.754e-05,733.0,0.8943,4545.017,0.0,0.0,-81.517,106966.565,1.0
179.55,76.816,7.277,866.997,0.184,25.0,41.14,-85.494,1325.886,-2.39312,346.11874,1.107,0.0,0.0,0.05619,25.49416,2.888e-05,767.0,0.9237,4692.776,0.0,0.0,-90.69,111659.341,1.0
180.55,76.512,7.268,889.754,0.184,25.0,41.203,-85.514,1333.081,-2.40533,346.11095,1.093,0.0,0.0,0.05357,25.43409,3.03e-05,802.5,0.9543,4841.808,0.0,0.0,-100.657,116501.148,1.0
181.55,76.206,7.259,913.179,0.184,25.0,41.265,-85.535,1340.267,-2.41772,346.10314,1.08,0.0,0.0,0.05107,25.37292,3.178e-05,839.6,0.9862,4991.88,0.0,0.0,-111.648,121493.028,1.0
182.55,75.899,7.25,937.268,0.184,25.0,41.328,-85.555,1347.445,-2.43029,346.0953,1.067,0.0,0.0,0.04868,25.31061,3.334e-05,878.5,1.02,5142.772,0.0,0.0,-123.878,126635.8,1.0
183.55,75.591,7.24,962.021,0.184,25.0,41.39,-85.576,1354.613,-2.44305,346.08744,1.055,0.0,0.0,0.0464,25.24711,3.498e-05,919.1,1.054,5294.297,0.0,0.0,-137.476,131930.098,1.0
184.55,75.282,7.23,987.429,0.184,25.0,41.453,-85.597,1361.771,-2.45602,346.07956,1.043,0.0,0.0,0.04422,25.18238,3.671e-05,961.6,1.091,5446.26,0.0,0.0,-152.584,137376.358,1.0
185.55,74.972,7.219,1013.488,0.184,25.0,41.515,-85.617,1368.919,-2.46918,346.07166,1.032,0.0,0.0,0.04214,25.11637,3.852e-05,1006.0,1.129,5598.459,0.0,0.0,-169.354,142974.817,1.0
186.55,74.66,7.208,1040.189,0.184,25.0,41.577,-85.638,1376.057,-2.48256,346.06374,1.021,0.0,0.0,0.04015,25.04904,4.043e-05,1052.0,1.169,5750.69,0.0,0.0,-187.952,148725.507,1.0
187.55,74.347,7.197,1067.52,0.184,25.0,41.64,-85.658,1383.184,-2.49616,346.0558,1.011,0.0,0.0,0.03825,24.98035,4.243e-05,1101.0,1.211,5902.762,0.0,0.0,-208.555,154628.269,1.0
188.55,74.033,7.185,1095.47,0.184,25.0,41.702,-85.679,1390.3,-2.50999,346.04783,1.002,0.0,0.0,0.03644,24.91028,4.454e-05,1152.0,1.255,6054.486,0.0,0.0,-231.354,160682.755,1.0
189.55,73.718,7.173,1124.025,0.184,25.0,41.764,-85.699,1397.405,-2.52406,346.03985,0.993,0.0,0.0,0.03471,24.83882,4.676e-05,1205.0,1.301,6205.669,0.0,0.0,-256.551,166888.425,1.0
190.55,73.402,7.16,1153.169,0.184,25.0,41.825,-85.72,1404.497,-2.53837,346.03185,0.984,0.0,0.0,0.03306,24.76594,4.909e-05,1260.0,1.349,6356.118,0.0,0.0,-284.365,173244.543,1.0
191.55,73.084,7.147,1182.883,0.184,25.0,41.887,-85.74,1411.577,-2.55294,346.02382,0.976,0.0,0.0,0.03149,24.69159,5.155e-05,1318.0,1.399,6505.638,0.0,0.0,-315.024,179750.182,1.0
192.55,72.765,7.134,1213.147,0.184,25.0,41.949,-85.761,1418.644,-2.56777,346.01578,0.969,0.0,0.0,0.02999,24.61576,5.413e-05,1379.0,1.453,6654.032,0.0,0.0,-348.77,186404.213,1.0
193.55,72.445,7.119,1243.938,0.184,25.0,42.01,-85.782,1425.697,-2.58289,346.00772,0.962,0.0,0.0,0.02855,24.53839,5.685e-05,1442.0,1.509,6800.812,0.0,0.0,-385.857,193205.025,1.0
194.55,72.123,7.105,1275.232,0.184,25.0,42.072,-85.802,1432.736,-2.59829,345.99964,0.956,0.0,0.0,0.02719,24.45846,5.971e-05,1508.0,1.567,6946.234,0.0,0.0,-426.547,200151.26,1.0
195.55,71.8,7.089,1306.998,0.184,25.0,42.133,-85.823,1439.76,-2.61399,345.99154,0.95,0.0,0.0,0.02589,24.37501,6.271e-05,1576.0,1.629,7089.264,0.0,0.0,-471.117,207240.524,1.0
196.55,71.476,7.073,1339.204,0.184,25.0,42.194,-85.843,1446.769,-2.63001,345.98343,0.945,0.0,0.0,0.02465,24.28802,6.586e-05,1648.0,1.693,7229.672,0.0,0.0,-519.842,214470.195,1.0
197.55,71.151,7.057,1371.816,0.184,25.0,42.255,-85.864,1453.763,-2.64636,345.97531,0.94,0.0,0.0,0.02347,24.19748,6.916e-05,1722.0,1.761,7367.232,0.0,0.0,-573.006,221837.427,1.0
198.55,70.825,7.04,1404.795,0.184,25.0,42.316,-85.884,1460.739,-2.66304,345.96716,0.936,0.0,0.0,0.02235,24.10338,7.262e-05,1799.0,1.831,7501.722,0.0,0.0,-630.892,229339.149,1.0
199.55,70.497,7.022,1438.102,0.184,25.0,42.376,-85.904,1467.699,-2.68008,345.95901,0.932,0.0,0.0,0.02129,24.00572,7.626e-05,1879.0,1.905,7632.926,0.0,0.0,-693.782,236972.075,1.0
200.55,70.168,7.003,1471.694,0.184,25.0,42.437,-85.925,1474.64,-2.6975,345.95084,0.929,0.0,0.0,0.02028,23.90446,8.006e-05,1962.0,1.982,7760.63,0.0,0.0,-761.956,244732.705,1.0
201.55,69.838,6.984,1505.528,0.184,25.0,42.497,-85.945,1481.563,-2.7153,345.94266,0.926,0.0,0.0,0.01932,23.7996,8.405e-05,2048.0,2.062,7884.629,0.0,0.0,-835.684,252617.334,1.0
202.55,69.506,6.963,1539.557,0.184,25.0,42.557,-85.966,1488.467,-2.7335,345.93448,0.923,0.0,0.0,0.0184,23.69111,8.823e-05,2137.0,2.146,8004.697,0.0,0.0,-915.224,260622.031,1.0
203.55,69.174,6.942,1573.731,0.184,25.0,42.617,-85.986,1495.35,-2.75213,345.92628,0.921,0.0,0.0,0.01753,23.5789,9.261e-05,2230.0,2.234,8120.574,0.0,0.0,-1000.817,268742.605,1.0
204.55,68.84,6.92,1607.998,0.184,25.0,42.677,-86.006,1502.211,-2.7712,345.91808,0.919,0.0,0.0,0.01671,23.46291,9.72e-05,2325.0,2.325,8232.002,0.0,0.0,-1092.681,276974.606,1.0
205.55,68.505,6.897,1642.306,0.184,25.0,42.737,-86.027,1509.051,-2.79074,345.90988,0.918,0.0,0.0,0.01592,23.34307,0.000102,2424.0,2.419,8338.722,0.0,0.0,-1191.007,285313.329,1.0
206.55,68.168,6.873,1676.599,0.184,25.0,42.796,-86.047,1515.868,-2.81075,345.90167,0.917,0.0,0.0,0.01517,23.21931,0.000107,2526.0,2.518,8440.481,0.0,0.0,-1295.951,293753.81,1.0
207.55,67.831,6.849,1710.819,0.184,25.0,42.855,-86.067,1522.661,-2.83127,345.89346,0.916,0.0,0.0,0.01446,23.09155,0.0001123,2631.0,2.62,8537.027,0.0,0.0,-1407.631,302290.837,1.0
208.55,67.492,6.823,1744.908,0.184,25.0,42.914,-86.087,1529.429,-2.85232,345.88526,0.915,0.0,0.0,0.01378,22.95975,0.0001178,2739.0,2.725,8628.112,0.0,0.0,-1526.119,310918.95,1.0
209.55,67.152,6.796,1778.805,0.184,25.0,42.973,-86.107,1536.171,-2.87392,345.87705,0.914,0.0,0.0,0.01314,22.82382,0.0001236,2851.0,2.835,8713.494,0.0,0.0,-1651.436,319632.444,1.0
210.55,66.81,6.768,1812.449,0.184,25.0,43.032,-86.127,1542.886,-2.8961,345.86886,0.914,0.0,0.0,0.01253,22.68372,0.0001296,2966.0,2.947,8792.936,0.0,0.0,-1783.549,328425.38,1.0
211.55,66.468,6.739,1845.778,0.184,25.0,43.09,-86.147,1549.573,-2.91887,345.86067,0.913,0.0,0.0,0.01195,22.5394,0.0001359,3084.0,3.064,8866.207,0.0,0.0,-1922.361,337291.587,1.0
212.55,66.124,6.708,1878.731,0.184,25.0,43.148,-86.167,1556.23,-2.94228,345.8525,0.913,0.0,0.0,0.01139,22.39079,0.0001425,3205.0,3.183,8933.086,0.0,0.0,-2067.712,346224.673,1.0
213.55,65.779,6.677,1911.245,0.184,25.0,43.206,-86.187,1562.857,-2.96634,345.84434,0.913,0.0,0.0,0.01087,22.23788,0.0001494,3329.0,3.306,8993.358,0.0,0.0,-2219.374,355218.031,1.0
214.55,65.433,6.644,1943.259,0.184,25.0,43.263,-86.207,1569.453,-2.99109,345.83619,0.913,0.0,0.0,0.01037,22.08061,0.0001567,3456.0,3.432,9046.819,0.0,0.0,-2377.046,364264.85,1.0
215.55,65.086,6.61,1974.712,0.184,25.0,43.32,-86.227,1576.016,-3.01656,345.82807,0.913,0.0,0.0,0.00989,21.91897,0.0001642,3586.0,3.561,9093.275,0.0,0.0,-2540.358,373358.125,1.0
216.55,64.737,6.575,2005.545,0.184,25.0,43.377,-86.246,1582.544,-3.04278,345.81997,0.913,0.0,0.0,0.00944,21.75294,0.0001721,3719.0,3.693,9132.487,0.0,0.0,-2708.865,382490.611,1.0
217.55,64.388,6.538,2035.698,0.184,25.0,43.434,-86.266,1589.037,-3.06977,345.81189,0.913,0.0,0.0,0.00901,21.58252,0.0001803,3854.0,3.827,9164.137,0.0,0.0,-2882.049,391654.748,1.0
218.55,64.037,6.501,2065.114,0.184,25.0,43.49,-86.286,1595.494,-3.09758,345.80384,0.913,0.0,0.0,0.0086,21.40776,0.000189,3992.0,3.964,9187.926,0.0,0.0,-3059.323,400842.674,1.0
219.55,63.685,6.461,2093.739,0.184,25.0,43.546,-86.305,1601.912,-3.12624,345.79583,0.913,0.0,0.0,0.0082,21.22869,0.000198,4132.0,4.104,9203.574,0.0,0.0,-3240.025,410046.248,1.0
220.55,63.332,6.421,2121.517,0.184,25.0,43.601,-86.324,1608.291,-3.15579,345.78785,0.913,0.0,0.0,0.00783,21.04536,0.0002074,4275.0,4.245,9210.814,0.0,0.0,-3423.433,419257.062,1.0
221.55,62.978,6.379,2148.4,0.184,25.0,43.657,-86.344,1614.63,-3.18626,345.77991,0.913,0.0,0.0,0.00748,20.85782,0.0002172,4419.0,4.389,9209.402,0.0,0.0,-3608.762,428466.464,1.0
222.55,62.623,6.335,2174.338,0.184,25.0,43.711,-86.363,1620.926,-3.21769,345.77201,0.913,0.0,0.0,0.00714,20.66614,0.0002275,4566.0,4.534,9199.117,0.0,0.0,-3795.178,437665.581,1.0
223.55,62.267,6.291,2199.285,0.184,25.0,43.766,-86.382,1627.178,-3.25012,345.76416,0.913,0.0,0.0,0.00682,20.47025,0.0002382,4714.0,4.681,9179.225,0.0,0.0,-3981.804,446844.806,1.0
224.55,61.91,6.244,2223.197,0.184,25.0,43.82,-86.401,1633.386,-3.2836,345.75637,0.913,0.0,0.0,0.00652,20.27027,0.0002493,4862.0,4.828,9149.658,0.0,0.0,-4167.712,455994.464,1.0
225.55,61.552,6.197,2246.039,0.184,25.0,43.874,-86.42,1639.547,-3.31817,345.74863,0.913,0.0,0.0,0.00623,20.06641,0.0002609,5012.0,4.977,9110.77,0.0,0.0,-4351.95,465105.234,1.0
226.55,61.192,6.148,2267.777,0.184,25.0,43.927,-86.438,1645.66,-3.35386,345.74096,0.913,0.0,0.0,0.00595,19.85875,0.0002731,5163.0,5.127,9062.456,0.0,0.0,-4533.578,474167.69,1.0
227.55,60.832,6.097,2288.383,0.184,25.0,43.98,-86.457,1651.724,-3.39073,345.73337,0.913,0.0,0.0,0.00568,19.64739,0.0002858,5315.0,5.277,9004.648,0.0,0.0,-4711.653,483172.338,1.0
228.55,60.471,6.045,2307.832,0.184,25.0,44.032,-86.475,1657.737,-3.42883,345.72585,0.913,0.0,0.0,0.00543,19.43244,0.000299,5467.0,5.428,8937.303,0.0,0.0,-4885.247,492109.641,1.0
229.55,60.109,5.991,2326.105,0.184,25.0,44.084,-86.494,1663.697,-3.4682,345.71843,0.913,0.0,0.0,0.00519,19.21401,0.0003128,5620.0,5.579,8860.419,0.0,0.0,-5053.459,500970.06,1.0
230.55,59.746,5.936,2343.186,0.184,25.0,44.135,-86.512,1669.604,-3.50889,345.7111,0.913,0.0,0.0,0.00496,18.99221,0.0003272,5772.0,5.731,8774.024,0.0,0.0,-5215.418,509744.085,1.0
231.55,59.383,5.88,2359.063,0.184,25.0,44.186,-86.53,1675.456,-3.55095,345.70387,0.913,0.0,0.0,0.00475,18.76716,0.0003423,5925.0,5.882,8678.161,0.0,0.0,-5370.303,518422.246,1.0
232.55,59.018,5.822,2373.729,0.184,25.0,44.237,-86.548,1681.251,-3.59445,345.69677,0.913,0.0,0.0,0.00454,18.53896,0.000358,6076.0,6.032,8572.889,0.0,0.0,-5517.344,526995.134,1.0
233.55,58.653,5.762,2387.181,0.184,25.0,44.287,-86.566,1686.988,-3.63942,345.68979,0.913,0.0,0.0,0.00434,18.30771,0.0003745,6227.0,6.182,8458.305,0.0,0.0,-5655.833,535453.44,1.0
234.55,58.287,5.701,2399.418,0.184,25.0,44.336,-86.583,1692.665,-3.68594,345.68296,0.913,0.0,0.0,0.00415,18.07353,0.0003916,6377.0,6.33,8334.548,0.0,0.0,-5785.129,543787.987,1.0
235.55,57.92,5.639,2410.443,0.184,25.0,44.385,-86.6,1698.281,-3.73406,345.67628,0.913,0.0,0.0,0.00397,17.83655,0.0004096,6526.0,6.477,8201.793,0.0,0.0,-5904.664,551989.78,1.0
236.55,57.552,5.575,2420.265,0.184,25.0,44.433,-86.618,1703.834,-3.78384,345.66977,0.913,0.0,0.0,0.00379,17.59689,0.0004283,6672.0,6.623,8060.256,0.0,0.0,-6013.948,560050.036,1.0
237.55,57.184,5.51,2428.894,0.184,25.0,44.481,-86.635,1709.324,-3.83534,345.66344,0.913,0.0,0.0,0.00363,17.35468,0.0004479,6817.0,6.766,7910.193,0.0,0.0,-6112.571,567960.229,1.0
238.55,56.815,5.443,2436.342,0.184,25.0,44.528,-86.652,1714.748,-3.88864,345.65731,0.913,0.0,0.0,0.00347,17.11007,0.0004683,6959.0,6.907,7751.898,0.0,0.0,-6200.204,575712.127,1.0
239.55,56.446,5.375,2442.625,0.184,25.0,44.575,-86.668,1720.106,-3.94379,345.6514,0.913,0.0,0.0,0.00332,16.86319,0.0004897,7098.0,7.045,7585.703,0.0,0.0,-6276.603,583297.83,1.0
240.55,56.076,5.306,2447.763,0.184,25.0,44.621,-86.685,1725.395,-4.00086,345.64573,0.913,0.0,0.0,0.00317,16.61419,0.0005121,7235.0,7.18,7411.976,0.0,0.0,-6341.605,590709.806,1.0
241.55,55.705,5.236,2451.775,0.184,25.0,44.667,-86.701,1730.616,-4.05993,345.64032,0.913,0.0,0.0,0.00303,16.36322,0.0005355,7367.0,7.311,7231.121,0.0,0.0,-6395.128,597940.927,1.0
242.55,55.334,5.164,2454.686,0.184,25.0,44.711,-86.717,1735.765,-4.12108,345.63518,0.912,0.0,0.0,0.0029,16.11043,0.0005601,7497.0,7.439,7043.575,0.0,0.0,-6437.166,604984.502,1.0
243.55,54.963,5.091,2456.52,0.184,25.0,44.756,-86.733,1740.843,-4.18437,345.63035,0.912,0.0,0.0,0.00277,15.85598,0.0005857,7622.0,7.563,6849.804,0.0,0.0,-6467.788,611834.306,1.0
244.55,54.591,5.017,2457.303,0.184,25.0,44.799,-86.749,1745.848,-4.24989,345.62585,0.912,0.0,0.0,0.00265,15.60002,0.0006126,7743.0,7.683,6650.311,0.0,0.0,-6487.135,618484.617,1.0
245.55,54.219,4.941,2457.064,0.184,25.0,44.842,-86.764,1750.778,-4.31772,345.62171,0.912,0.0,0.0,0.00254,15.34269,0.0006407,7859.0,7.798,6445.64,0.0,0.0,-6495.412,624930.256,1.0
246.55,53.847,4.865,2455.833,0.184,25.0,44.884,-86.779,1755.633,-4.38794,345.61795,0.912,0.0,0.0,0.00242,15.08411,0.0006702,7970.0,7.908,6236.365,0.0,0.0,-6492.887,631166.621,1.0
247.55,53.475,4.787,2453.64,0.184,25.0,44.926,-86.794,1760.412,-4.46065,345.61461,0.912,0.0,0.0,0.00232,14.82443,0.0007011,8076.0,8.012,6023.089,0.0,0.0,-6479.882,637189.71,1.0
248.55,53.103,4.709,2450.519,0.184,25.0,44.967,-86.809,1765.114,-4.53593,345.61171,0.912,0.0,0.0,0.00221,14.56382,0.0007334,8176.0,8.11,5806.443,0.0,0.0,-6456.772,642996.153,1.0
249.55,52.73,4.63,2446.502,0.184,25.0,45.007,-86.824,1769.737,-4.61387,345.6093,0.912,0.0,0.0,0.00212,14.30242,0.0007674,8271.0,8.203,5587.051,0.0,0.0,-6423.978,648583.204,1.0
250.55,52.358,4.549,2441.623,0.184,25.0,45.047,-86.838,1774.28,-4.69458,345.60741,0.912,0.0,0.0,0.00202,14.04037,0.0008029,8359.0,8.29,5365.548,0.0,0.0,-6381.958,653948.752,1.0
251.55,51.986,4.468,2435.918,0.184,25.0,45.085,-86.852,1778.744,-4.77816,345.60606,0.912,0.0,0.0,0.00193,13.77785,0.0008402,8441.0,8.37,5142.574,0.0,0.0,-6331.205,659091.326,1.0
252.55,51.613,4.387,2429.421,0.184,25.0,45.124,-86.866,1783.127,-4.86472,345.60531,0.912,0.0,0.0,0.00185,13.515,0.0008793,8516.0,8.443,4918.768,0.0,0.0,-6272.236,664010.094,1.0
253.55,51.242,4.304,2422.17,0.184,25.0,45.161,-86.88,1787.428,-4.95435,345.60519,0.912,0.0,0.0,0.00176,13.25198,0.0009204,8584.0,8.509,4694.769,0.0,0.0,-6205.592,668704.862,1.0
254.55,50.87,4.221,2414.199,0.184,25.0,45.198,-86.893,1791.647,-5.04719,345.60575,0.911,0.0,0.0,0.00169,12.98898,0.0009634,8645.0,8.569,4471.209,0.0,0.0,-6131.829,673176.071,1.0
255.55,50.499,4.138,2405.546,0.184,25.0,45.234,-86.906,1795.783,-5.14335,345.60702,0.911,0.0,0.0,0.00161,12.72614,0.001008,8698.0,8.621,4248.709,0.0,0.0,-6051.514,677424.78,1.0
256.55,50.128,4.054,2396.247,0.184,25.0,45.269,-86.919,1799.836,-5.24296,345.60905,0.911,0.0,0.0,0.00154,12.46365,0.001056,8744.0,8.665,4027.877,0.0,0.0,-5965.217,681452.658,1.0
257.55,49.758,3.97,2386.339,0.184,25.0,45.304,-86.931,1803.806,-5.34614,345.61188,0.911,0.0,0.0,0.00147,12.20168,0.001106,8782.0,8.702,3809.3,0.0,0.0,-5873.513,685261.958,1.0
258.55,49.388,3.885,2375.858,0.184,25.0,45.337,-86.944,1807.691,-5.45304,345.61558,0.911,0.0,0.0,0.0014,11.94036,0.001158,8812.0,8.731,3593.513,0.0,0.0,-5776.972,688855.47,1.0
259.55,49.02,3.8,2364.842,0.184,25.0,45.37,-86.956,1811.492,-5.56379,345.62017,0.911,0.0,0.0,0.00134,11.67984,0.001212,8834.0,8.751,3381.005,0.0,0.0,-5676.153,692236.476,1.0
260.55,48.652,3.715,2353.325,0.184,25.0,45.403,-86.967,1815.208,-5.67855,345.62572,0.911,0.0,0.0,0.00128,11.42023,0.00127,8848.0,8.764,3172.247,0.0,0.0,-5571.606,695408.723,1.0
261.55,48.284,3.63,2341.344,0.184,25.0,45.434,-86.979,1818.84,-5.79748,345.63225,0.911,0.0,0.0,0.00122,11.16168,0.00133,8853.0,8.768,2967.686,0.0,0.0,-5463.863,698376.409,1.0
262.55,47.918,3.545,2328.933,0.184,25.0,45.465,-86.99,1822.387,-5.92072,345.63982,0.911,0.0,0.0,0.00117,10.90432,0.001393,8850.0,8.764,2767.745,0.0,0.0,-5353.439,701144.154,1.0
263.55,47.553,3.46,2316.127,0.184,25.0,45.495,-87.001,1825.85,-6.04847,345.64845,0.91,0.0,0.0,0.00111,10.64829,0.00146,8838.0,8.751,2572.819,0.0,0.0,-5240.829,703716.973,1.0
264.55,47.189,3.376,2302.96,0.184,25.0,45.525,-87.012,1829.228,-6.18088,345.65818,0.91,0.0,0.0,0.00106,10.39373,0.001529,8818.0,8.73,2383.274,0.0,0.0,-5126.505,706100.247,1.0
265.55,46.826,3.291,2289.465,0.184,25.0,45.553,-87.022,1832.522,-6.31815,345.66904,0.91,0.0,0.0,0.00101,10.14079,0.001603,8788.0,8.7,2199.443,0.0,0.0,-5010.919,708299.69,1.0
266.55,46.465,3.207,2275.676,0.184,25.0,45.581,-87.032,1835.732,-6.46047,345.68104,0.91,0.0,0.0,0.00097,9.88963,0.001679,8750.0,8.659,2021.638,0.0,0.0,-4894.497,710321.328,1.0
267.55,46.104,3.124,2261.625,0.184,25.0,45.609,-87.042,1838.859,-6.60803,345.69419,0.909,0.0,0.0,0.00092,9.64047,0.00176,8704.0,8.608,1850.202,0.0,0.0,-4777.641,712171.53,1.0
268.55,45.746,3.041,2247.343,0.184,25.0,45.635,-87.052,1841.903,-6.76105,345.7085,0.909,0.0,0.0,0.00088,9.39349,0.001844,8649.0,8.548,1685.361,0.0,0.0,-4660.73,713856.891,1.0
269.55,45.388,2.959,2232.863,0.184,25.0,45.661,-87.061,1844.864,-6.91973,345.72395,0.908,0.0,0.0,0.00084,9.14882,0.001933,8586.0,8.481,1527.284,0.0,0.0,-4544.117,715384.175,1.0
270.55,45.033,2.877,2218.214,0.184,25.0,45.686,-87.07,1847.744,-7.0843,345.74053,0.908,0.0,0.0,0.0008,8.9066,0.002026,8515.0,8.406,1376.101,0.0,0.0,-4428.127,716760.276,1.0
271.55,44.679,2.796,2203.424,0.184,25.0,45.71,-87.079,1850.542,-7.25499,345.7582,0.907,0.0,0.0,0.00076,8.66695,0.002124,8436.0,8.323,1231.911,0.0,0.0,-4313.058,717992.187,1.0
272.55,44.327,2.717,2188.524,0.184,25.0,45.734,-87.088,1853.261,-7.43205,345.77693,0.907,0.0,0.0,0.00073,8.43002,0.002227,8349.0,8.232,1094.789,0.0,0.0,-4199.181,719086.976,1.0
273.55,43.976,2.638,2173.539,0.184,25.0,45.757,-87.096,1855.9,-7.61572,345.79667,0.906,0.0,0.0,0.0007,8.19594,0.002335,8255.0,8.135,964.781,0.0,0.0,-4086.74,720051.757,1.0
274.55,43.627,2.56,2158.496,0.184,25.0,45.779,-87.104,1858.461,-7.80626,345.81738,0.906,0.0,0.0,0.00066,7.96486,0.002448,8154.0,8.03,841.891,0.0,0.0,-3975.956,720893.648,1.0
275.55,43.281,2.483,2143.42,0.184,25.0,45.801,-87.112,1860.945,-8.00396,345.83903,0.905,0.0,0.0,0.00063,7.73692,0.002566,8046.0,7.919,726.089,0.0,0.0,-3867.023,721619.737,1.0
276.55,42.936,2.408,2128.335,0.184,25.0,45.822,-87.12,1863.353,-8.20908,345.86157,0.905,0.0,0.0,0.0006,7.51226,0.00269,7931.0,7.802,617.304,0.0,0.0,-3760.112,722237.041,1.0
277.55,42.593,2.333,2113.263,0.184,25.0,45.842,-87.127,1865.686,-8.42193,345.88496,0.904,0.0,0.0,0.00058,7.291,0.00282,7811.0,7.679,515.434,0.0,0.0,-3655.372,722752.476,1.0
278.55,42.252,2.26,2098.227,0.184,25.0,45.862,-87.134,1867.945,-8.64281,345.90918,0.904,0.0,0.0,0.00055,7.07328,0.002956,7684.0,7.551,420.345,0.0,0.0,-3552.928,723172.821,1.0
279.55,41.914,2.188,2083.247,0.184,25.0,45.881,-87.141,1870.132,-8.87205,345.93419,0.903,0.0,0.0,0.00052,6.85923,0.003099,7553.0,7.417,331.874,0.0,0.0,-3452.885,723504.694,1.0
280.55,41.577,2.118,2068.341,0.184,25.0,45.899,-87.147,1872.247,-9.10997,345.95997,0.903,0.0,0.0,0.0005,6.64896,0.003248,7416.0,7.279,249.83,0.0,0.0,-3355.328,723754.524,1.0
281.55,41.243,2.049,2053.527,0.184,25.0,45.917,-87.154,1874.293,-9.35692,345.9865,0.902,0.0,0.0,0.00048,6.4426,0.003404,7275.0,7.137,174.003,0.0,0.0,-3260.322,723928.527,1.0
282.55,40.911,1.982,2038.822,0.184,25.0,45.935,-87.16,1876.27,-9.61325,346.01377,0.902,0.0,0.0,0.00046,6.24023,0.003568,7131.0,6.992,104.159,0.0,0.0,-3167.916,724032.686,1.0
283.55,40.581,1.916,2024.239,0.184,25.0,45.951,-87.166,1878.181,-9.87934,346.04179,0.901,0.0,0.0,0.00043,6.04197,0.003739,6982.0,6.843,40.051,0.0,0.0,-3078.143,724072.738,1.0
284.55,40.254,1.851,2009.883,0.184,25.0,45.967,-87.172,1880.026,-10.15556,346.07056,0.901,0.0,0.0,0.00041,5.8479,0.003917,6831.0,6.692,0.0,0.0,0.0,-2991.019,724072.738,1.0
285.55,39.929,1.788,1995.929,0.184,25.0,45.983,-87.177,1881.808,-10.44231,346.10012,0.9,0.0,0.0,0.0004,5.65809,0.004104,6678.0,6.538,0.0,0.0,0.0,-2907.065,724072.738,1.0
286.55,39.606,1.727,1982.359,0.184,25.0,45.998,-87.182,1883.526,-10.74001,346.13049,0.9,0.0,0.0,0.00038,5.47263,0.004299,6523.0,6.383,0.0,0.0,0.0,-2827.173,724072.738,1.0
287.55,39.285,1.667,1969.154,0.184,25.0,46.012,-87.188,1885.184,-11.04907,346.16173,0.899,0.0,0.0,0.00036,5.29156,0.004502,6366.0,6.227,0.0,0.0,0.0,-2751.067,724072.738,1.0
288.55,38.967,1.609,1956.298,0.184,25.0,46.026,-87.192,1886.783,-11.36994,346.19388,0.899,0.0,0.0,0.00034,5.11492,0.004714,6208.0,6.07,0.0,0.0,0.0,-2678.496,724072.738,1.0
289.55,38.651,1.552,1943.774,0.184,25.0,46.04,-87.197,1888.324,-11.70305,346.22698,0.899,0.0,0.0,0.00033,4.94276,0.004936,6049.0,5.913,0.0,0.0,0.0,-2609.227,724072.738,1.0
290.55,38.337,1.497,1931.568,0.184,25.0,46.053,-87.202,1889.809,-12.04889,346.2611,0.899,0.0,0.0,0.00031,4.77503,0.005167,5890.0,5.758,0.0,0.0,0.0,-2543.051,724072.738,1.0
291.55,38.026,1.444,1919.665,0.184,25.0,46.065,-87.206,1891.239,-12.40792,346.29627,0.899,0.0,0.0,0.0003,4.61176,0.005408,5732.0,5.603,0.0,0.0,0.0,-2479.772,724072.738,1.0
292.55,37.717,1.392,1908.053,0.184,25.0,46.077,-87.21,1892.616,-12.78065,346.33254,0.899,0.0,0.0,0.00029,4.45295,0.005659,5574.0,5.448,0.0,0.0,0.0,-2419.212,724072.738,1.0
293.55,37.41,1.341,1896.72,0.184,25.0,46.089,-87.214,1893.941,-13.16758,346.36996,0.899,0.0,0.0,0.00027,4.29861,0.005921,5416.0,5.294,0.0,0.0,0.0,-2361.206,724072.738,1.0
294.55,37.106,1.293,1885.653,0.184,25.0,46.1,-87.218,1895.217,-13.56922,346.40856,0.899,0.0,0.0,0.00026,4.14874,0.006193,5260.0,5.142,0.0,0.0,0.0,-2305.604,724072.738,1.0
295.55,36.804,1.245,1874.843,0.184,25.0,46.111,-87.222,1896.444,-13.98611,346.44838,0.899,0.0,0.0,0.00025,4.00333,0.006476,5106.0,4.991,0.0,0.0,0.0,-2252.264,724072.738,1.0
296.55,36.504,1.2,1864.278,0.184,25.0,46.121,-87.226,1897.624,-14.41878,346.48947,0.899,0.0,0.0,0.00024,3.86235,0.006772,4954.0,4.842,0.0,0.0,0.0,-2201.057,724072.738,1.0
297.55,36.206,1.156,1853.949,0.184,25.0,46.131,-87.229,1898.758,-14.86778,346.53185,0.899,0.0,0.0,0.00023,3.72578,0.007079,4804.0,4.695,0.0,0.0,0.0,-2151.863,724072.738,1.0
298.55,35.911,1.113,1843.848,0.184,25.0,46.14,-87.232,1899.848,-15.33367,346.57555,0.899,0.0,0.0,0.00022,3.59358,0.007398,4656.0,4.551,0.0,0.0,0.0,-2104.57,724072.738,1.0
299.55,35.617,1.072,1833.964,0.184,25.0,46.149,-87.235,1900.896,-15.81701,346.6206,0.899,0.0,0.0,0.00021,3.46571,0.00773,4511.0,4.41,0.0,0.0,0.0,-2059.074,724072.738,1.0
300.55,35.326,1.032,1824.291,0.184,25.0,46.158,-87.238,1901.903,-16.31836,346.66703,0.899,0.0,0.0,0.0002,3.3421,0.008075,4370.0,4.271,0.0,0.0,0.0,-2015.28,724072.738,1.0
301.55,35.037,0.994,1814.821,0.184,25.0,46.167,-87.241,1902.87,-16.8383,346.71484,0.899,0.0,0.0,0.00019,3.22271,0.008433,4231.0,4.136,0.0,0.0,0.0,-1973.098,724072.738,1.0
302.55,34.75,0.957,1805.545,0.184,25.0,46.175,-87.244,1903.798,-17.37739,346.76405,0.899,0.0,0.0,0.00018,3.10746,0.008806,4096.0,4.003,0.0,0.0,0.0,-1932.444,724072.738,1.0
303.55,34.466,0.922,1796.458,0.184,25.0,46.183,-87.247,1904.689,-17.93621,346.81467,0.899,0.0,0.0,0.00018,2.99629,0.009192,3964.0,3.875,0.0,0.0,0.0,-1893.239,724072.738,1.0
304.55,34.183,0.887,1787.552,0.184,25.0,46.19,-87.249,1905.545,-18.51532,346.86672,0.899,0.0,0.0,0.00017,2.88911,0.009594,3836.0,3.749,0.0,0.0,0.0,-1855.411,724072.738,1.0
305.55,33.902,0.854,1778.822,0.184,25.0,46.197,-87.252,1906.366,-19.11528,346.92021,0.899,0.0,0.0,0.00016,2.78582,0.01001,3711.0,3.628,0.0,0.0,0.0,-1818.892,724072.738,1.0
306.55,33.623,0.823,1770.261,0.184,25.0,46.204,-87.254,1907.153,-19.73662,346.9752,0.899,0.0,0.0,0.00016,2.68636,0.01044,3591.0,3.51,0.0,0.0,0.0,-1783.617,724072.738,1.0
307.55,33.346,0.792,1761.863,0.184,25.0,46.211,-87.256,1907.909,-20.37987,347.03173,0.899,0.0,0.0,0.00015,2.59061,0.01089,3474.0,3.396,0.0,0.0,0.0,-1749.528,724072.738,1.0
308.55,33.071,0.763,1753.624,0.184,25.0,46.217,-87.258,1908.633,-21.04554,347.08987,0.899,0.0,0.0,0.00014,2.4985,0.01135,3361.0,3.285,0.0,0.0,0.0,-1716.567,724072.738,1.0
309.55,32.798,0.735,1745.538,0.184,25.0,46.223,-87.26,1909.328,-21.7341,347.1497,0.899,0.0,0.0,0.00014,2.40992,0.01184,3252.0,3.178,0.0,0.0,0.0,-1684.681,724072.738,1.0
310.55,32.527,0.708,1737.6,0.184,25.0,46.229,-87.262,1909.995,-22.44599,347.21132,0.899,0.0,0.0,0.00013,2.32479,0.01234,3146.0,3.075,0.0,0.0,0.0,-1653.822,724072.738,1.0
311.55,32.257,0.683,1729.805,0.184,25.0,46.235,-87.264,1910.633,-23.18162,347.27486,0.899,0.0,0.0,0.00013,2.24302,0.01285,3045.0,2.976,0.0,0.0,0.0,-1623.943,724072.738,1.0
312.55,31.989,0.658,1722.149,0.184,25.0,46.24,-87.266,1911.245,-23.94135,347.34046,0.899,0.0,0.0,0.00012,2.16457,0.01339,2947.0,2.881,0.0,0.0,0.0,-1594.999,724072.738,1.0
313.55,31.723,0.634,1714.628,0.184,25.0,46.245,-87.267,1911.832,-24.72549,347.4083,0.899,0.0,0.0,0.00012,2.08934,0.01395,2854.0,2.79,0.0,0.0,0.0,-1566.949,724072.738,1.0
314.55,31.459,0.611,1707.237,0.184,25.0,46.25,-87.269,1912.393,-25.5343,347.4786,0.899,0.0,0.0,0.00011,2.01721,0.01452,2764.0,2.702,0.0,0.0,0.0,-1539.755,724072.738,1.0
315.55,31.196,0.59,1699.973,0.184,25.0,46.255,-87.27,1912.931,-26.36798,347.55159,0.899,0.0,0.0,0.00011,1.94809,0.01512,2678.0,2.618,0.0,0.0,0.0,-1513.378,724072.738,1.0
316.55,30.935,0.569,1692.832,0.184,25.0,46.259,-87.272,1913.447,-27.22665,347.62756,0.899,0.0,0.0,0.0001,1.88187,0.01574,2596.0,2.538,0.0,0.0,0.0,-1487.786,724072.738,1.0
317.55,30.676,0.549,1685.81,0.184,25.0,46.264,-87.273,1913.94,-28.11036,347.70683,0.899,0.0,0.0,0.0001,1.81846,0.01639,2518.0,2.461,0.0,0.0,0.0,-1462.943,724072.738,1.0
318.55,30.418,0.53,1678.904,0.184,25.0,46.268,-87.274,1914.412,-29.01909,347.78977,0.899,0.0,0.0,0.0001,1.75775,0.01705,2443.0,2.388,0.0,0.0,0.0,-1438.821,724072.738,1.0
319.55,30.161,0.512,1672.11,0.184,25.0,46.272,-87.276,1914.864,-29.9527,347.87681,0.899,0.0,0.0,9e-05,1.69966,0.01775,2372.0,2.318,0.0,0.0,0.0,-1415.388,724072.738,1.0
320.55,29.906,0.494,1665.426,0.184,25.0,46.276,-87.277,1915.296,-30.91096,347.96844,0.899,0.0,0.0,9e-05,1.64407,0.01846,2304.0,2.252,0.0,0.0,0.0,-1392.617,724072.738,1.0
321.55,29.653,0.478,1658.848,0.184,25.0,46.279,-87.278,1915.71,-31.89356,348.06521,0.899,0.0,0.0,8e-05,1.59091,0.01921,2239.0,2.189,0.0,0.0,0.0,-1370.482,724072.738,1.0
322.55,29.402,0.462,1652.373,0.184,25.0,46.283,-87.279,1916.105,-32.90005,348.16771,0.899,0.0,0.0,8e-05,1.54007,0.01998,2178.0,2.129,0.0,0.0,0.0,-1348.957,724072.738,1.0
323.55,29.151,0.447,1645.999,0.184,25.0,46.286,-87.28,1916.483,-33.92986,348.27652,0.899,0.0,0.0,8e-05,1.49148,0.02078,2120.0,2.072,0.0,0.0,0.0,-1328.019,724072.738,1.0
324.55,28.903,0.432,1639.722,0.184,25.0,46.289,-87.281,1916.845,-34.98233,348.39227,0.899,0.0,0.0,8e-05,1.44505,0.0216,2065.0,2.018,0.0,0.0,0.0,-1307.645,724072.738,1.0
325.55,28.656,0.418,1633.541,0.184,25.0,46.292,-87.282,1917.19,-36.05663,348.5156,0.899,0.0,0.0,7e-05,1.40068,0.02246,2012.0,1.967,0.0,0.0,0.0,-1287.814,724072.738,1.0
326.55,28.41,0.405,1627.452,0.184,25.0,46.295,-87.283,1917.519,-37.15185,348.64717,0.899,0.0,0.0,7e-05,1.3583,0.02335,1963.0,1.919,0.0,0.0,0.0,-1268.505,724072.738,1.0
327.55,28.166,0.393,1621.454,0.184,25.0,46.298,-87.284,1917.834,-38.26691,348.78762,0.899,0.0,0.0,7e-05,1.31783,0.02427,1916.0,1.873,0.0,0.0,0.0,-1249.698,724072.738,1.0
328.55,27.924,0.381,1615.619,0.184,25.0,46.301,-87.284,1918.134,-39.40062,348.93766,0.899,0.0,0.0,6e-05,1.27918,0.02522,1872.0,1.83,15.78,0.0,0.0,-1231.375,724088.518,1.0
329.55,27.683,0.369,1609.864,0.184,25.0,46.303,-87.285,1918.421,-40.55165,349.09796,0.899,0.0,0.0,6e-05,1.24229,0.02621,1831.0,1.79,14.618,0.0,0.0,-1213.747,724103.136,1.0
330.55,27.444,0.358,1604.186,0.184,25.0,46.306,-87.286,1918.694,-41.71855,349.26921,0.899,0.0,0.0,6e-05,1.20707,0.02723,1792.0,1.751,13.562,0.0,0.0,-1196.543,724116.698,1.0
331.55,27.206,0.348,1598.583,0.184,25.0,46.308,-87.286,1918.954,-42.89974,349.4521,0.899,0.0,0.0,6e-05,1.17344,0.02828,1755.0,1.716,12.602,0.0,0.0,-1179.751,724129.3,1.0
332.55,26.97,0.338,1593.056,0.184,25.0,46.31,-87.287,1919.202,-44.09353,349.64733,0.899,0.0,0.0,6e-05,1.14135,0.02937,1721.0,1.682,11.728,0.0,0.0,-1163.357,724141.028,1.0
333.55,26.735,0.329,1587.601,0.184,25.0,46.312,-87.287,1919.439,-45.29812,349.85555,0.899,0.0,0.0,5e-05,1.11071,0.0305,1688.0,1.65,10.931,0.0,0.0,-1147.35,724151.959,1.0
334.55,26.503,0.32,1582.218,0.184,25.0,46.314,-87.288,1919.664,-46.51161,350.07742,0.899,0.0,0.0,5e-05,1.08146,0.03167,1658.0,1.621,10.205,0.0,0.0,-1131.716,724162.164,1.0
335.55,26.272,0.311,1576.905,0.184,25.0,46.316,-87.288,1919.878,-47.73201,350.31354,0.899,0.0,0.0,5e-05,1.05353,0.03287,1630.0,1.593,9.541,0.0,0.0,-1116.444,724171.705,1.0
336.55,26.042,0.303,1571.661,0.184,25.0,46.318,-87.289,1920.081,-48.95728,350.56449,0.899,0.0,0.0,5e-05,1.02686,0.03412,1604.0,1.568,8.935,0.0,0.0,-1101.524,724180.64,1.0
336.75,25.997,0.301,1570.626,0.184,25.0,46.318,-87.289,1920.121,-49.20273,350.61651,0.899,0.0,0.0,5e-05,1.01909,0.0345,1596.0,1.56,8.763,0.0,0.0,-1086.944,724182.392,1.0
336.93,25.955,0.3,1569.697,0.184,25.0,46.318,-87.289,1920.156,-49.42371,350.66385,0.899,0.0,0.0,5e-05,1.01442,0.03474,1592.0,1.556,8.661,0.0,0.0,-1084.083,724183.951,1.0
337.092,25.919,0.299,1568.862,0.184,25.0,46.319,-87.289,1920.187,-49.62266,350.70688,0.899,0.0,0.0,5e-05,1.01025,0.03495,1588.0,1.552,8.57,0.0,0.0,-1081.52,724185.339,1.0
337.238,25.885,0.298,1568.113,0.184,25.0,46.319,-87.289,1920.215,-49.80174,350.74596,0.899,0.0,0.0,5e-05,1.00652,0.03514,1584.0,1.548,8.49,0.0,0.0,-1079.223,724186.577,1.0
337.428,25.842,0.296,1567.138,0.184,25.0,46.319,-87.289,1920.251,-50.03519,350.7974,0.899,0.0,0.0,5e-05,1.00191,0.03538,1580.0,1.544,8.391,0.0,0.0,-1077.162,724188.172,1.0
337.46,25.835,0.296,1566.972,0.184,25.0,46.319,-87.289,1920.258,-50.0751,350.80625,0.899,0.0,0.0,5e-05,1.00061,0.03545,1578.0,1.543,8.363,0.0,0.0,-1074.486,724188.443,1.0
337.477,25.831,0.296,1566.887,0.184,25.0,46.319,-87.289,1920.261,-50.09559,350.8108,0.899,0.0,0.0,5e-05,1.00014,0.03547,1578.0,1.542,8.353,0.0,0.0,-1074.031,724188.583,1.0
337.483,25.83,0.296,1566.858,0.184,25.0,46.319,-87.289,1920.262,-50.10246,350.81211,0.449,0.0,0.0,5e-05,0.99998,0.03548,1578.0,0.7711,4.175,0.0,0.0,-1073.797,724188.606,1.0
337.488,25.829,0.296,1566.829,0.184,25.0,46.319,-87.289,1920.263,-50.10929,350.81291,0.449,0.0,0.0,5e-05,1.0,0.03549,1578.0,0.7713,4.175,0.0,0.0,-1073.718,724188.63,1.0
337.496,25.827,0.296,1566.79,0.184,25.0,46.319,-87.289,1920.264,-50.11853,350.814,0.449,0.0,0.0,5e-05,1.0,0.0355,1579.0,0.7715,4.176,0.0,0.0,-1073.639,724188.661,1.0
337.499,25.826,0.296,1566.771,0.184,25.0,46.319,-87.289,1920.265,-50.12295,350.81461,0.449,0.0,0.0,5e-05,0.99993,0.0355,1579.0,0.7715,4.175,0.0,0.0,-1073.532,724188.676,1.0
337.503,25.825,0.296,1566.753,0.184,25.0,46.319,-87.289,1920.266,-50.12737,350.81513,0.449,0.0,0.0,5e-05,0.99998,0.03551,1579.0,0.7717,4.176,0.0,0.0,-1073.481,724188.691,1.0
337.519,25.822,0.296,1566.669,0.184,25.0,46.319,-87.289,1920.269,-50.14721,350.81746,0.449,0.0,0.0,5e-05,0.99999,0.03553,1580.0,0.7721,4.177,0.0,0.0,-1073.43,724188.76,1.0
337.532,25.819,0.296,1566.607,0.184,25.0,46.319,-87.289,1920.271,-50.16208,350.81921,0.449,0.0,0.0,5e-05,1.0,0.03554,1580.0,0.7724,4.178,0.0,0.0,-1073.201,724188.811,1.0
337.542,25.816,0.296,1566.551,0.184,25.0,46.319,-87.289,1920.273,-50.1752,350.82132,0.449,0.0,0.0,5e-05,0.99998,0.03556,1581.0,0.7727,4.178,0.0,0.0,-1073.029,724188.855,1.0
337.56,25.812,0.296,1566.463,0.184,25.0,46.32,-87.289,1920.276,-50.19626,350.8238,0.449,0.0,0.0,5e-05,0.9999,0.03558,1582.0,0.773,4.179,0.0,0.0,-1072.878,724188.928,1.0
337.637,25.795,0.296,1566.063,0.184,25.0,46.32,-87.289,1920.291,-50.29089,350.83499,0.449,0.0,0.0,5e-05,0.99994,0.03567,1586.0,0.7749,4.183,0.0,0.0,-1072.635,724189.254,1.0
337.708,25.779,0.296,1565.7,0.184,25.0,46.32,-87.289,1920.304,-50.37687,350.84521,0.449,0.0,0.0,5e-05,0.99997,0.03577,1590.0,0.7769,4.188,0.0,0.0,-1071.542,724189.55,1.0
337.745,25.77,0.296,1565.51,0.184,25.0,46.32,-87.289,1920.311,-50.42177,350.85058,0.449,0.0,0.0,5e-05,0.99998,0.03582,1592.0,0.7781,4.191,0.0,0.0,-1070.548,724189.706,1.0
337.767,25.765,0.296,1565.402,0.184,25.0,46.32,-87.289,1920.315,-50.44739,350.85365,0.449,0.0,0.0,5e-05,0.99999,0.03585,1593.0,0.7787,4.193,0.0,0.0,-1070.029,724189.794,1.0
337.776,25.763,0.296,1565.352,0.184,25.0,46.32,-87.289,1920.317,-50.45929,350.85507,0.449,0.0,0.0,5e-05,1.0,0.03587,1594.0,0.779,4.193,0.0,0.0,-1069.734,724189.836,1.0
337.781,25.762,0.296,1565.326,0.184,25.0,46.32,-87.289,1920.318,-50.46529,350.85579,0.449,0.0,0.0,5e-05,0.99999,0.03588,1594.0,0.7792,4.194,0.0,0.0,-1069.596,724189.857,1.0
337.786,25.761,0.296,1565.301,0.184,25.0,46.32,-87.289,1920.319,-50.47129,350.85658,0.449,0.0,0.0,5e-05,0.99999,0.03588,1595.0,0.7793,4.194,0.0,0.0,-1069.527,724189.877,1.0
337.791,25.76,0.296,1565.276,0.184,25.0,46.32,-87.289,1920.32,-50.47729,350.8573,0.449,0.0,0.0,5e-05,0.99999,0.03589,1595.0,0.7794,4.194,0.0,0.0,-1069.457,724189.898,1.0
337.805,25.757,0.296,1565.206,0.184,25.0,46.32,-87.289,1920.322,-50.49379,350.85928,0.449,0.0,0.0,5e-05,1.0,0.03591,1596.0,0.7798,4.195,0.0,0.0,-1069.388,724189.955,1.0
337.812,25.755,0.296,1565.169,0.184,25.0,46.32,-87.289,1920.324,-50.50255,350.86033,0.449,0.0,0.0,5e-05,1.0,0.03592,1596.0,0.78,4.196,0.0,0.0,-1069.198,724189.986,1.0
337.816,25.754,0.296,1565.151,0.184,25.0,46.32,-87.289,1920.325,-50.50688,350.86095,0.449,0.0,0.0,5e-05,0.99993,0.03592,1596.0,0.78,4.195,0.0,0.0,-1069.096,724190.001,1.0
337.819,25.753,0.296,1565.132,0.184,25.0,46.32,-87.289,1920.325,-50.51119,350.86147,0.449,0.0,0.0,5e-05,0.99998,0.03593,1596.0,0.7802,4.196,0.0,0.0,-1069.046,724190.016,1.0
337.835,25.75,0.296,1565.05,0.184,25.0,46.32,-87.289,1920.328,-50.53062,350.86381,0.449,0.0,0.0,5e-05,0.99999,0.03595,1597.0,0.7806,4.197,0.0,0.0,-1068.996,724190.083,1.0
337.86,25.744,0.296,1564.924,0.184,25.0,46.32,-87.289,1920.333,-50.56048,350.86741,0.449,0.0,0.0,5e-05,1.0,0.03598,1599.0,0.7813,4.199,0.0,0.0,-1068.772,724190.187,1.0
337.866,25.743,0.296,1564.894,0.184,25.0,46.32,-87.289,1920.334,-50.56764,350.86828,0.449,0.0,0.0,5e-05,0.99999,0.03599,1599.0,0.7815,4.199,0.0,0.0,-1068.427,724190.212,1.0
337.871,25.741,0.296,1564.867,0.184,25.0,46.32,-87.289,1920.335,-50.57401,350.86911,0.449,0.0,0.0,5e-05,0.99999,0.036,1599.0,0.7816,4.199,0.0,0.0,-1068.344,724190.234,1.0
337.877,25.74,0.296,1564.84,0.184,25.0,46.32,-87.289,1920.336,-50.58038,350.86988,0.449,0.0,0.0,5e-05,0.99999,0.036,1600.0,0.7818,4.2,0.0,0.0,-1068.271,724190.256,1.0
337.9,25.735,0.296,1564.719,0.184,25.0,46.32,-87.289,1920.34,-50.60901,350.87335,0.449,0.0,0.0,5e-05,1.0,0.03603,1601.0,0.7824,4.201,0.0,0.0,-1068.197,724190.356,1.0
337.915,25.732,0.296,1564.646,0.184,25.0,46.32,-87.289,1920.343,-50.62634,350.87621,0.449,0.0,0.0,5e-05,0.99996,0.03605,1602.0,0.7827,4.202,0.0,0.0,-1067.866,724190.416,1.0
337.936,25.727,0.295,1564.535,0.184,25.0,46.32,-87.289,1920.347,-50.65243,350.87938,0.449,0.0,0.0,5e-05,0.99986,0.03608,1602.0,0.7831,4.202,0.0,0.0,-1067.667,724190.507,1.0
338.034,25.704,0.295,1564.038,0.184,25.0,46.32,-87.289,1920.365,-50.76967,350.89367,0.449,0.0,0.0,4e-05,0.99989,0.0362,1607.0,0.7856,4.208,0.0,0.0,-1067.365,724190.917,1.0
338.472,25.604,0.295,1561.805,0.184,25.0,46.321,-87.29,1920.446,-51.29377,350.95893,0.449,0.0,0.0,4e-05,0.99996,0.03674,1630.0,0.7967,4.234,0.0,0.0,-1066.01,724192.772,1.0
339.472,25.371,0.295,1556.738,0.184,25.0,46.323,-87.29,1920.628,-52.46888,351.11366,0.449,0.0,0.0,4e-05,0.99983,0.03806,1685.0,0.8233,4.293,0.0,0.0,-1059.935,724197.065,1.0
340.472,25.136,0.295,1551.737,0.184,25.0,46.324,-87.29,1920.805,-53.61549,351.27649,0.449,0.0,0.0,4e-05,0.99916,0.03955,1744.0,0.8525,4.351,0.0,0.0,-1046.247,724201.415,1.0
341.472,24.897,0.294,1546.801,0.184,25.0,46.326,-87.291,1920.977,-54.73438,351.44731,0.449,0.0,0.0,4e-05,0.9979,0.04113,1805.0,0.8821,4.402,0.0,0.0,-1032.867,724205.818,1.0
342.472,24.656,0.293,1541.927,0.184,25.0,46.327,-87.291,1921.144,-55.82636,351.62586,0.449,0.0,0.0,4e-05,0.99604,0.0428,1866.0,0.9122,4.447,0.0,0.0,-1019.786,724210.265,1.0
343.472,24.412,0.292,1537.115,0.184,25.0,46.329,-87.291,1921.305,-56.89225,351.81178,0.449,0.0,0.0,4e-05,0.99352,0.04455,1928.0,0.9425,4.483,0.0,0.0,-1006.995,724214.748,1.0
344.472,24.166,0.291,1532.363,0.184,25.0,46.33,-87.292,1921.462,-57.93284,352.00462,0.449,0.0,0.0,4e-05,0.99035,0.04641,1991.0,0.9728,4.511,0.0,0.0,-994.483,724219.259,1.0
345.472,23.919,0.29,1527.671,0.184,25.0,46.331,-87.292,1921.614,-58.94895,352.20385,0.449,0.0,0.0,3e-05,0.98649,0.04835,2053.0,1.003,4.53,0.0,0.0,-982.243,724223.789,1.0
346.472,23.67,0.288,1523.035,0.184,25.0,46.333,-87.292,1921.76,-59.94137,352.40887,0.449,0.0,0.0,3e-05,0.98195,0.0504,2114.0,1.033,4.539,0.0,0.0,-970.266,724228.327,1.0
347.472,23.421,0.286,1518.456,0.184,25.0,46.334,-87.292,1921.901,-60.91087,352.61902,0.449,0.0,0.0,3e-05,0.97671,0.05255,2175.0,1.063,4.538,0.0,0.0,-958.543,724232.865,1.0
348.472,23.171,0.284,1513.932,0.184,25.0,46.335,-87.293,1922.038,-61.85822,352.83357,0.449,0.0,0.0,3e-05,0.97077,0.05481,2235.0,1.092,4.526,0.0,0.0,-947.067,724237.391,1.0
349.472,22.92,0.282,1509.462,0.184,25.0,46.336,-87.293,1922.169,-62.78413,353.05174,0.449,0.0,0.0,3e-05,0.96415,0.05718,2293.0,1.121,4.504,0.0,0.0,-935.831,724241.895,1.0
350.472,22.67,0.279,1505.044,0.184,25.0,46.337,-87.293,1922.295,-63.68933,353.27276,0.449,0.0,0.0,3e-05,0.95685,0.05965,2350.0,1.148,4.472,0.0,0.0,-924.827,724246.367,1.0
351.472,22.419,0.277,1500.678,0.184,25.0,46.339,-87.293,1922.416,-64.57447,353.49581,0.449,0.0,0.0,3e-05,0.9489,0.06225,2404.0,1.175,4.429,0.0,0.0,-914.048,724250.796,1.0
352.472,22.17,0.274,1496.363,0.184,25.0,46.34,-87.293,1922.532,-65.4402,353.72014,0.449,0.0,0.0,3e-05,0.9403,0.06495,2456.0,1.2,4.376,0.0,0.0,-903.488,724255.172,1.0
353.472,21.922,0.271,1492.096,0.184,25.0,46.341,-87.293,1922.643,-66.28713,353.94502,0.449,0.0,0.0,2e-05,0.93109,0.06778,2506.0,1.225,4.314,0.0,0.0,-893.139,724259.486,1.0
354.472,21.674,0.268,1487.878,0.184,25.0,46.342,-87.294,1922.749,-67.11581,354.16984,0.449,0.0,0.0,2e-05,0.9213,0.07072,2552.0,1.247,4.243,0.0,0.0,-882.997,724263.729,1.0
355.472,21.429,0.264,1483.708,0.184,25.0,46.342,-87.294,1922.851,-67.92678,354.39415,0.449,0.0,0.0,2e-05,0.91097,0.07378,2596.0,1.269,4.163,0.0,0.0,-873.055,724267.892,1.0
356.472,21.185,0.261,1479.584,0.184,25.0,46.343,-87.294,1922.947,-68.72053,354.61768,0.449,0.0,0.0,2e-05,0.90013,0.07697,2636.0,1.288,4.075,0.0,0.0,-863.307,724271.967,1.0
357.472,20.943,0.257,1475.505,0.184,25.0,46.344,-87.294,1923.04,-69.49748,354.84043,0.449,0.0,0.0,2e-05,0.88882,0.08028,2672.0,1.306,3.98,0.0,0.0,-853.749,724275.947,1.0
358.472,20.703,0.253,1471.471,0.184,25.0,46.345,-87.294,1923.127,-70.25805,355.06276,0.449,0.0,0.0,2e-05,0.87709,0.08371,2705.0,1.322,3.879,0.0,0.0,-844.373,724279.826,1.0
359.472,20.466,0.249,1467.48,0.184,25.0,46.346,-87.294,1923.21,-71.00258,355.28544,0.449,0.0,0.0,2e-05,0.86499,0.08726,2735.0,1.337,3.773,0.0,0.0,-835.177,724283.599,1.0
360.472,20.231,0.246,1463.532,0.184,25.0,46.346,-87.294,1923.289,-71.73137,355.50976,0.449,0.0,0.0,2e-05,0.85257,0.09094,2760.0,1.349,3.663,0.0,0.0,-826.153,724287.262,1.0
361.472,20.0,0.241,1459.626,0.184,25.0,46.347,-87.294,1923.364,-72.44469,355.73764,0.449,0.0,0.0,2e-05,0.83987,0.09474,2782.0,1.36,3.549,0.0,0.0,-817.299,724290.811,1.0
362.472,19.771,0.237,1455.762,0.184,25.0,46.348,-87.294,1923.435,-73.14275,355.97174,0.449,0.0,0.0,2e-05,0.82694,0.09866,2800.0,1.369,3.432,0.0,0.0,-808.609,724294.243,1.0
363.472,19.545,0.233,1451.937,0.184,25.0,46.348,-87.294,1923.502,-73.82569,356.21533,0.449,0.0,0.0,2e-05,0.81382,0.1027,2815.0,1.376,3.314,0.0,0.0,-800.079,724297.557,1.0
364.472,19.323,0.229,1448.152,0.184,25.0,46.349,-87.294,1923.565,-74.49363,356.47207,0.449,0.0,0.0,2e-05,0.80055,0.1069,2826.0,1.381,3.195,0.0,0.0,-791.705,724300.753,1.0
365.472,19.104,0.225,1444.407,0.184,25.0,46.349,-87.295,1923.624,-75.14659,356.74605,0.449,0.0,0.0,1e-05,0.78717,0.1111,2833.0,1.385,3.076,0.0,0.0,-783.482,724303.829,1.0
366.472,18.888,0.221,1440.699,0.184,25.0,46.35,-87.295,1923.68,-75.78457,357.04181,0.449,0.0,0.0,1e-05,0.77372,0.1155,2837.0,1.387,2.958,0.0,0.0,-775.407,724306.786,1.0
367.472,18.676,0.217,1437.029,0.184,25.0,46.35,-87.295,1923.732,-76.40748,357.36436,0.449,0.0,0.0,1e-05,0.76024,0.12,2838.0,1.387,2.84,0.0,0.0,-767.476,724309.627,1.0
368.472,18.467,0.213,1433.396,0.184,25.0,46.351,-87.295,1923.782,-77.01521,357.71921,0.449,0.0,0.0,1e-05,0.74678,0.1245,2835.0,1.386,2.725,0.0,0.0,-759.685,724312.352,1.0
369.472,18.261,0.209,1429.798,0.184,25.0,46.351,-87.295,1923.828,-77.60758,358.11241,0.449,0.0,0.0,1e-05,0.73337,0.1292,2830.0,1.383,2.612,0.0,0.0,-752.032,724314.964,1.0
370.472,18.059,0.205,1426.237,0.184,25.0,46.352,-87.295,1923.871,-78.18436,358.5506,0.449,0.0,0.0,1e-05,0.72005,0.1339,2822.0,1.379,2.502,0.0,0.0,-744.511,724317.466,1.0
371.472,17.861,0.201,1422.71,0.184,25.0,46.352,-87.295,1923.911,-78.74529,359.041,0.449,0.0,0.0,1e-05,0.70686,0.1387,2812.0,1.374,2.395,0.0,0.0,-737.121,724319.861,1.0
372.472,17.666,0.197,1419.218,0.184,25.0,46.352,-87.295,1923.949,-79.29003,359.59147,0.449,0.0,0.0,1e-05,0.69383,0.1436,2800.0,1.368,2.292,0.0,0.0,-729.857,724322.154,1.0
373.472,17.474,0.193,1415.76,0.184,25.0,46.353,-87.295,1923.985,-79.81823,0.21053,0.449,0.0,0.0,1e-05,0.68098,0.1485,2786.0,1.362,2.193,0.0,0.0,-722.717,724324.347,1.0
374.472,17.286,0.189,1412.334,0.184,25.0,46.353,-87.295,1924.017,-80.32949,0.9074,0.449,0.0,0.0,1e-05,0.66835,0.1535,2770.0,1.354,2.098,0.0,0.0,-715.698,724326.445,1.0
375.472,17.101,0.186,1408.942,0.184,25.0,46.353,-87.295,1924.048,-80.82335,1.69194,0.449,0.0,0.0,1e-05,0.65596,0.1586,2753.0,1.346,2.007,0.0,0.0,-708.797,724328.452,1.0
376.472,16.919,0.182,1405.582,0.184,25.0,46.353,-87.295,1924.077,-81.29933,2.57469,0.449,0.0,0.0,1e-05,0.64383,0.1636,2735.0,1.337,1.92,0.0,0.0,-702.012,724330.372,1.0
377.472,16.741,0.179,1402.253,0.184,25.0,46.354,-87.295,1924.103,-81.7569,3.56679,0.449,0.0,0.0,1e-05,0.63196,0.1687,2716.0,1.328,1.837,0.0,0.0,-695.338,724332.21,1.0
378.472,16.565,0.175,1398.955,0.184,25.0,46.354,-87.295,1924.128,-82.19551,4.67987,0.449,0.0,0.0,1e-05,0.62039,0.1739,2697.0,1.318,1.759,0.0,0.0,-688.775,724333.969,1.0
379.472,16.393,0.172,1395.688,0.184,25.0,46.354,-87.295,1924.151,-82.61456,5.9259,0.449,0.0,0.0,1e-05,0.60911,0.179,2677.0,1.308,1.685,0.0,0.0,-682.319,724335.653,1.0
380.472,16.224,0.169,1392.452,0.184,25.0,46.354,-87.295,1924.172,-83.01343,7.31689,0.449,0.0,0.0,1e-05,0.59813,0.1842,2656.0,1.298,1.614,0.0,0.0,-675.967,724337.267,1.0
381.472,16.057,0.166,1389.244,0.184,25.0,46.354,-87.295,1924.192,-83.39147,8.8646,0.449,0.0,0.0,1e-05,0.58746,0.1894,2636.0,1.288,1.548,0.0,0.0,-669.719,724338.815,1.0
382.472,15.893,0.163,1386.067,0.184,25.0,46.355,-87.294,1924.21,-83.74803,10.57994,0.449,0.0,0.0,1e-05,0.57711,0.1946,2615.0,1.278,1.485,0.0,0.0,-663.57,724340.3,1.0
383.472,15.732,0.161,1382.917,0.184,25.0,46.355,-87.294,1924.228,-84.08245,12.47237,0.449,0.0,0.0,1e-05,0.56706,0.1998,2595.0,1.268,1.426,0.0,0.0,-657.519,724341.725,1.0
384.472,15.574,0.158,1379.797,0.184,25.0,46.355,-87.294,1924.244,-84.39412,14.54906,0.449,0.0,0.0,1e-05,0.55732,0.205,2574.0,1.258,1.37,0.0,0.0,-651.564,724343.095,1.0
385.472,15.418,0.155,1376.704,0.184,25.0,46.355,-87.294,1924.258,-84.68247,16.81387,0.449,0.0,0.0,1e-05,0.54788,0.2102,2554.0,1.248,1.317,0.0,0.0,-645.702,724344.412,1.0
386.472,15.264,0.153,1373.638,0.184,25.0,46.355,-87.294,1924.272,-84.94701,19.26632,0.449,0.0,0.0,1e-05,0.53875,0.2153,2535.0,1.239,1.268,0.0,0.0,-639.932,724345.68,1.0
387.472,15.113,0.151,1370.6,0.184,25.0,46.355,-87.294,1924.285,-85.18741,21.9004,0.449,0.0,0.0,1e-05,0.52991,0.2205,2516.0,1.229,1.221,0.0,0.0,-634.251,724346.901,1.0
388.472,14.964,0.148,1367.588,0.184,25.0,46.355,-87.294,1924.298,-85.40353,24.70372,0.449,0.0,0.0,1e-05,0.52136,0.2256,2497.0,1.22,1.178,0.0,0.0,-628.658,724348.079,1.0
389.472,14.817,0.146,1364.602,0.184,25.0,46.355,-87.294,1924.309,-85.59543,27.65685,0.449,0.0,0.0,1e-05,0.51309,0.2307,2478.0,1.211,1.136,0.0,0.0,-623.15,724349.215,1.0
390.472,14.672,0.144,1361.643,0.184,25.0,46.356,-87.294,1924.32,-85.7635,30.7338,0.449,0.0,0.0,1e-05,0.50509,0.2357,2461.0,1.203,1.098,0.0,0.0,-617.726,724350.313,1.0
391.472,14.53,0.142,1358.708,0.184,25.0,46.356,-87.294,1924.33,-85.90837,33.90281,0.449,0.0,0.0,1e-05,0.49738,0.2407,2444.0,1.194,1.062,0.0,0.0,-612.385,724351.375,1.0
392.472,14.389,0.14,1355.799,0.184,25.0,46.356,-87.294,1924.34,-86.031,37.12766,0.449,0.0,0.0,1e-05,0.48992,0.2457,2427.0,1.186,1.027,0.0,0.0,-607.123,724352.402,1.0
393.472,14.25,0.138,1352.915,0.184,25.0,46.356,-87.294,1924.35,-86.13263,40.36943,0.449,0.0,0.0,1e-05,0.48273,0.2507,2411.0,1.178,0.995,0.0,0.0,-601.94,724353.398,1.0
394.472,14.112,0.137,1350.055,0.184,25.0,46.356,-87.294,1924.359,-86.21478,43.5887,0.449,0.0,0.0,1e-05,0.47579,0.2556,2396.0,1.171,0.965,0.0,0.0,-596.834,724354.363,1.0
395.472,13.977,0.135,1347.218,0.184,25.0,46.356,-87.294,1924.368,-86.27916,46.74781,0.449,0.0,0.0,1e-05,0.46909,0.2605,2382.0,1.164,0.937,0.0,0.0,-591.803,724355.299,1.0
396.472,13.843,0.133,1344.406,0.184,25.0,46.356,-87.294,1924.376,-86.32764,49.81283,0.449,0.0,0.0,1e-05,0.46262,0.2653,2368.0,1.157,0.91,0.0,0.0,-586.846,724356.209,1.0
397.472,13.711,0.132,1341.617,0.184,25.0,46.356,-87.293,1924.385,-86.36218,52.75513,0.449,0.0,0.0,1e-05,0.45637,0.2702,2355.0,1.151,0.885,0.0,0.0,-581.961,724357.094,1.0
398.472,13.58,0.13,1338.851,0.184,25.0,46.356,-87.293,1924.393,-86.38475,55.55218,0.449,0.0,0.0,1e-05,0.45034,0.275,2343.0,1.145,0.861,0.0,0.0,-577.146,724357.955,1.0
399.472,13.45,0.129,1336.107,0.184,25.0,46.356,-87.293,1924.401,-86.39725,58.18785,0.449,0.0,0.0,1e-05,0.44451,0.2797,2331.0,1.139,0.839,0.0,0.0,-572.401,724358.794,1.0
400.472,13.322,0.128,1333.386,0.184,25.0,46.356,-87.293,1924.409,-86.4015,60.65211,0.449,0.0,0.0,1e-05,0.43888,0.2844,2320.0,1.134,0.817,0.0,0.0,-567.724,724359.611,1.0
401.472,13.196,0.126,1330.687,0.184,25.0,46.356,-87.293,1924.417,-86.39916,62.94028,0.449,0.0,0.0,1e-05,0.43343,0.2892,2309.0,1.128,0.797,0.0,0.0,-563.114,724360.409,1.0
402.472,13.07,0.125,1328.01,0.184,25.0,46.356,-87.293,1924.425,-86.39174,65.05223,0.449,0.0,0.0,1e-05,0.42816,0.2938,2299.0,1.124,0.778,0.0,0.0,-558.568,724361.187,1.0
403.472,12.946,0.124,1325.354,0.184,25.0,46.356,-87.293,1924.433,-86.38057,66.99134,0.449,0.0,0.0,1e-05,0.42306,0.2985,2289.0,1.119,0.76,0.0,0.0,-554.086,724361.947,1.0
404.472,12.823,0.123,1322.719,0.184,25.0,46.356,-87.293,1924.441,-86.3668,68.76363,0.449,0.0,0.0,1e-05,0.41812,0.3031,2281.0,1.115,0.743,0.0,0.0,-549.667,724362.691,1.0
405.472,12.702,0.121,1320.105,0.184,25.0,46.356,-87.293,1924.448,-86.3514,70.37694,0.449,0.0,0.0,1e-05,0.41334,0.3077,2272.0,1.11,0.727,0.0,0.0,-545.309,724363.418,1.0
406.472,12.581,0.12,1317.512,0.184,25.0,46.356,-87.293,1924.456,-86.33521,71.84023,0.449,0.0,0.0,1e-05,0.4087,0.3123,2264.0,1.107,0.712,0.0,0.0,-541.011,724364.129,1.0
407.472,12.461,0.119,1314.939,0.184,25.0,46.356,-87.293,1924.464,-86.31888,73.16305,0.449,0.0,0.0,1e-05,0.4042,0.3168,2257.0,1.103,0.697,0.0,0.0,-536.773,724364.826,1.0
408.472,12.343,0.118,1312.386,0.184,25.0,46.356,-87.292,1924.471,-86.30296,74.35519,0.449,0.0,0.0,1e-05,0.39984,0.3214,2249.0,1.099,0.683,0.0,0.0,-532.592,724365.51,1.0
409.472,12.225,0.117,1309.853,0.184,25.0,46.356,-87.292,1924.479,-86.28787,75.42629,0.449,0.0,0.0,0.0,0.3956,0.3259,2243.0,1.096,0.67,0.0,0.0,-528.467,724366.179,1.0
410.472,12.109,0.116,1307.339,0.184,25.0,46.356,-87.292,1924.487,-86.27393,76.38572,0.449,0.0,0.0,0.0,0.39149,0.3304,2236.0,1.093,0.657,0.0,0.0,-524.399,724366.836,1.0
411.472,11.993,0.115,1304.844,0.184,25.0,46.356,-87.292,1924.494,-86.26136,77.24243,0.449,0.0,0.0,0.0,0.38748,0.3348,2230.0,1.09,0.645,0.0,0.0,-520.384,724367.481,1.0
412.472,11.878,0.114,1302.368,0.184,25.0,46.356,-87.292,1924.502,-86.25032,78.00484,0.449,0.0,0.0,0.0,0.38359,0.3393,2225.0,1.087,0.633,0.0,0.0,-516.424,724368.114,1.0
413.472,11.765,0.114,1299.911,0.184,25.0,46.356,-87.292,1924.509,-86.24089,78.68085,0.449,0.0,0.0,0.0,0.37981,0.3437,2219.0,1.085,0.622,0.0,0.0,-512.516,724368.736,1.0
414.472,11.652,0.113,1297.473,0.184,25.0,46.356,-87.292,1924.516,-86.23311,79.27781,0.449,0.0,0.0,0.0,0.37612,0.3482,2214.0,1.082,0.611,0.0,0.0,-508.659,724369.347,1.0
415.472,11.539,0.112,1295.052,0.184,25.0,46.356,-87.292,1924.524,-86.22695,79.80254,0.449,0.0,0.0,0.0,0.37253,0.3526,2209.0,1.08,0.601,0.0,0.0,-504.853,724369.948,1.0
416.472,11.428,0.111,1292.65,0.184,25.0,46.356,-87.292,1924.531,-86.22236,80.26134,0.449,0.0,0.0,0.0,0.36904,0.357,2205.0,1.078,0.591,0.0,0.0,-501.096,724370.54,1.0
417.472,11.318,0.11,1290.265,0.184,25.0,46.356,-87.292,1924.538,-86.21925,80.66004,0.449,0.0,0.0,0.0,0.36563,0.3614,2201.0,1.075,0.582,0.0,0.0,-497.388,724371.121,1.0
418.472,11.208,0.11,1287.898,0.184,25.0,46.356,-87.292,1924.546,-86.21751,81.00404,0.449,0.0,0.0,0.0,0.3623,0.3658,2196.0,1.074,0.572,0.0,0.0,-493.728,724371.694,1.0
419.472,11.099,0.109,1285.549,0.184,25.0,46.356,-87.291,1924.553,-86.217,81.29833,0.449,0.0,0.0,0.0,0.35906,0.3702,2193.0,1.072,0.564,0.0,0.0,-490.115,724372.257,1.0
420.472,10.991,0.108,1283.216,0.184,25.0,46.356,-87.291,1924.56,-86.21756,81.54753,0.449,0.0,0.0,0.0,0.3559,0.3746,2189.0,1.07,0.555,0.0,0.0,-486.548,724372.812,1.0
421.472,10.883,0.107,1280.9,0.184,25.0,46.356,-87.291,1924.567,-86.21902,81.75594,0.449,0.0,0.0,0.0,0.35281,0.379,2186.0,1.068,0.547,0.0,0.0,-483.026,724373.359,1.0
422.472,10.776,0.107,1278.601,0.184,25.0,46.356,-87.291,1924.574,-86.2212,81.92756,0.449,0.0,0.0,0.0,0.34979,0.3834,2183.0,1.067,0.539,0.0,0.0,-479.549,724373.898,1.0
423.472,10.67,0.106,1276.318,0.184,25.0,46.356,-87.291,1924.581,-86.22392,82.06615,0.449,0.0,0.0,0.0,0.34684,0.3878,2180.0,1.065,0.531,0.0,0.0,-476.115,724374.429,1.0
424.472,10.565,0.105,1274.052,0.184,25.0,46.356,-87.291,1924.588,-86.22697,82.17521,0.449,0.0,0.0,0.0,0.34395,0.3922,2177.0,1.064,0.524,0.0,0.0,-472.724,724374.952,1.0
425.472,10.46,0.105,1271.801,0.184,25.0,46.356,-87.291,1924.595,-86.23015,82.25805,0.449,0.0,0.0,0.0,0.34113,0.3966,2174.0,1.063,0.516,0.0,0.0,-469.375,724375.469,1.0
426.472,10.356,0.104,1269.567,0.184,25.0,46.357,-87.291,1924.602,-86.23326,82.3178,0.449,0.0,0.0,0.0,0.33837,0.401,2172.0,1.061,0.509,0.0,0.0,-466.067,724375.978,1.0
427.472,10.252,0.103,1267.348,0.184,25.0,46.357,-87.291,1924.608,-86.23608,82.35742,0.449,0.0,0.0,0.0,0.33567,0.4055,2169.0,1.06,0.502,0.0,0.0,-462.8,724376.48,1.0
428.472,10.149,0.103,1265.144,0.184,25.0,46.357,-87.291,1924.615,-86.23843,82.37973,0.449,0.0,0.0,0.0,0.33303,0.4099,2167.0,1.059,0.496,0.0,0.0,-459.573,724376.976,1.0
429.472,10.047,0.102,1262.956,0.184,25.0,46.357,-87.291,1924.622,-86.24007,82.38741,0.449,0.0,0.0,0.0,0.33044,0.4144,2165.0,1.058,0.489,0.0,0.0,-456.385,724377.465,1.0
430.472,9.945,0.102,1260.783,0.184,25.0,46.357,-87.29,1924.629,-86.24081,82.38303,0.449,0.0,0.0,0.0,0.32791,0.4189,2163.0,1.057,0.483,0.0,0.0,-453.236,724377.948,1.0
431.472,9.844,0.101,1258.624,0.184,25.0,46.357,-87.29,1924.635,-86.24046,82.36902,0.449,0.0,0.0,0.0,0.32542,0.4234,2161.0,1.056,0.477,0.0,0.0,-450.125,724378.425,1.0
432.472,9.744,0.1,1256.481,0.184,25.0,46.357,-87.29,1924.642,-86.23882,82.34764,0.449,0.0,0.0,0.0,0.32299,0.4279,2159.0,1.055,0.471,0.0,0.0,-447.05,724378.896,1.0
433.472,9.644,0.1,1254.352,0.184,25.0,46.357,-87.29,1924.648,-86.23576,82.32093,0.449,0.0,0.0,0.0,0.3206,0.4325,2158.0,1.055,0.465,0.0,0.0,-444.013,724379.361,1.0
434.472,9.544,0.099,1252.237,0.184,25.0,46.357,-87.29,1924.655,-86.23116,82.29077,0.449,0.0,0.0,0.0,0.31825,0.4371,2156.0,1.054,0.459,0.0,0.0,-441.011,724379.82,1.0
435.472,9.445,0.099,1250.137,0.184,25.0,46.357,-87.29,1924.661,-86.22492,82.25885,0.449,0.0,0.0,0.0,0.31594,0.4417,2155.0,1.053,0.453,0.0,0.0,-438.045,724380.274,1.0
436.472,9.347,0.098,1248.051,0.184,25.0,46.357,-87.29,1924.668,-86.21696,82.2267,0.449,0.0,0.0,0.0,0.31368,0.4463,2153.0,1.052,0.448,0.0,0.0,-435.113,724380.722,1.0
437.472,9.249,0.098,1245.978,0.184,25.0,46.357,-87.29,1924.674,-86.20724,82.19568,0.449,0.0,0.0,0.0,0.31146,0.451,2152.0,1.052,0.443,0.0,0.0,-432.216,724381.164,1.0
438.472,9.152,0.097,1243.919,0.184,25.0,46.357,-87.29,1924.681,-86.19573,82.16699,0.449,0.0,0.0,0.0,0.30927,0.4557,2151.0,1.051,0.437,0.0,0.0,-429.352,724381.601,1.0
439.472,9.055,0.097,1241.874,0.184,25.0,46.357,-87.29,1924.687,-86.18239,82.14169,0.449,0.0,0.0,0.0,0.30712,0.4604,2150.0,1.051,0.432,0.0,0.0,-426.521,724382.033,1.0
440.472,8.959,0.096,1239.843,0.184,25.0,46.357,-87.29,1924.693,-86.16723,82.12069,0.449,0.0,0.0,0.0,0.305,0.4651,2148.0,1.05,0.427,0.0,0.0,-423.723,724382.46,1.0
441.472,8.864,0.096,1237.824,0.184,25.0,46.357,-87.29,1924.7,-86.15026,82.10477,0.449,0.0,0.0,0.0,0.30292,0.4699,2147.0,1.049,0.422,0.0,0.0,-420.957,724382.882,1.0
442.472,8.768,0.095,1235.819,0.184,25.0,46.357,-87.289,1924.706,-86.1315,82.09456,0.449,0.0,0.0,0.0,0.30087,0.4747,2146.0,1.049,0.417,0.0,0.0,-418.223,724383.299,1.0
443.472,8.674,0.095,1233.826,0.184,25.0,46.357,-87.289,1924.713,-86.11099,82.09059,0.449,0.0,0.0,0.0,0.29885,0.4795,2145.0,1.048,0.412,0.0,0.0,-415.519,724383.712,1.0
444.472,8.58,0.094,1231.846,0.184,25.0,46.357,-87.289,1924.719,-86.08878,82.09326,0.449,0.0,0.0,0.0,0.29687,0.4843,2144.0,1.048,0.407,0.0,0.0,-412.846,724384.119,1.0
445.472,8.486,0.094,1229.88,0.184,25.0,46.357,-87.289,1924.725,-86.06491,82.10289,0.449,0.0,0.0,0.0,0.29491,0.4891,2143.0,1.047,0.403,0.0,0.0,-410.202,724384.522,1.0
446.472,8.393,0.093,1227.925,0.184,25.0,46.357,-87.289,1924.732,-86.03945,82.11968,0.449,0.0,0.0,0.0,0.29298,0.494,2142.0,1.047,0.398,0.0,0.0,-407.589,724384.92,1.0
447.472,8.3,0.093,1225.983,0.184,25.0,46.357,-87.289,1924.738,-86.01246,82.14375,0.449,0.0,0.0,0.0,0.29108,0.4989,2141.0,1.046,0.394,0.0,0.0,-405.004,724385.314,1.0
448.472,8.208,0.092,1224.053,0.184,25.0,46.357,-87.289,1924.745,-85.98403,82.17515,0.449,0.0,0.0,0.0,0.28921,0.5039,2140.0,1.046,0.389,0.0,0.0,-402.448,724385.703,1.0
449.472,8.116,0.092,1222.135,0.184,25.0,46.357,-87.289,1924.751,-85.95424,82.21385,0.449,0.0,0.0,0.0,0.28737,0.5088,2139.0,1.045,0.385,0.0,0.0,-399.92,724386.088,1.0
450.472,8.025,0.091,1220.23,0.184,25.0,46.357,-87.289,1924.758,-85.92316,82.25978,0.449,0.0,0.0,0.0,0.28555,0.5138,2138.0,1.045,0.381,0.0,0.0,-397.42,724386.469,1.0
451.472,7.934,0.091,1218.336,0.184,25.0,46.357,-87.289,1924.764,-85.89089,82.31281,0.449,0.0,0.0,0.0,0.28376,0.5188,2137.0,1.044,0.377,0.0,0.0,-394.946,724386.846,1.0
452.472,7.844,0.09,1216.454,0.184,25.0,46.357,-87.289,1924.771,-85.85753,82.37274,0.449,0.0,0.0,0.0,0.28199,0.5238,2136.0,1.044,0.372,0.0,0.0,-392.5,724387.218,1.0
453.472,7.754,0.09,1214.583,0.184,25.0,46.357,-87.289,1924.777,-85.82318,82.43939,0.449,0.0,0.0,0.0,0.28025,0.5289,2135.0,1.044,0.368,0.0,0.0,-390.08,724387.586,1.0
454.472,7.665,0.089,1212.724,0.184,25.0,46.357,-87.288,1924.784,-85.78793,82.5125,0.449,0.0,0.0,0.0,0.27853,0.534,2134.0,1.043,0.364,0.0,0.0,-387.687,724387.95,1.0
455.472,7.576,0.089,1210.876,0.184,25.0,46.357,-87.288,1924.79,-85.75188,82.59182,0.449,0.0,0.0,0.0,0.27684,0.5391,2133.0,1.043,0.36,0.0,0.0,-385.318,724388.311,1.0
456.472,7.487,0.089,1209.04,0.184,25.0,46.357,-87.288,1924.797,-85.71515,82.67706,0.449,0.0,0.0,0.0,0.27516,0.5442,2133.0,1.042,0.356,0.0,0.0,-382.975,724388.667,1.0
457.472,7.399,0.088,1207.214,0.184,25.0,46.357,-87.288,1924.803,-85.67784,82.76795,0.449,0.0,0.0,0.0,0.27351,0.5494,2132.0,1.042,0.353,0.0,0.0,-380.657,724389.02,1.0
458.472,7.311,0.088,1205.4,0.184,25.0,46.357,-87.288,1924.81,-85.64006,82.86418,0.449,0.0,0.0,0.0,0.27189,0.5546,2131.0,1.041,0.349,0.0,0.0,-378.364,724389.369,1.0
459.472,7.224,0.087,1203.596,0.184,25.0,46.357,-87.288,1924.817,-85.60192,82.96546,0.449,0.0,0.0,0.0,0.27028,0.5598,2130.0,1.041,0.345,0.0,0.0,-376.094,724389.714,1.0
460.472,7.137,0.087,1201.804,0.184,25.0,46.357,-87.288,1924.823,-85.56352,83.0715,0.449,0.0,0.0,0.0,0.26869,0.565,2129.0,1.041,0.342,0.0,0.0,-373.848,724390.056,1.0
461.472,7.051,0.086,1200.021,0.184,25.0,46.357,-87.288,1924.83,-85.52499,83.18201,0.449,0.0,0.0,0.0,0.26713,0.5703,2128.0,1.04,0.338,0.0,0.0,-371.626,724390.394,1.0
462.472,6.965,0.086,1198.25,0.184,25.0,46.357,-87.288,1924.837,-85.48643,83.2967,0.449,0.0,0.0,0.0,0.26558,0.5755,2128.0,1.04,0.334,0.0,0.0,-369.426,724390.728,1.0
463.472,6.879,0.086,1196.489,0.184,25.0,46.357,-87.288,1924.844,-85.44796,83.41531,0.449,0.0,0.0,0.0,0.26406,0.5808,2127.0,1.039,0.331,0.0,0.0,-367.25,724391.059,1.0
464.472,6.794,0.085,1194.738,0.184,25.0,46.357,-87.288,1924.85,-85.40968,83.53757,0.449,0.0,0.0,0.0,0.26255,0.5862,2126.0,1.039,0.328,0.0,0.0,-365.095,724391.387,1.0
465.472,6.709,0.085,1192.997,0.184,25.0,46.357,-87.287,1924.857,-85.37172,83.66323,0.449,0.0,0.0,0.0,0.26106,0.5915,2125.0,1.039,0.324,0.0,0.0,-362.963,724391.711,1.0
466.472,6.625,0.084,1191.267,0.184,25.0,46.357,-87.287,1924.864,-85.33418,83.79207,0.449,0.0,0.0,0.0,0.25959,0.5969,2125.0,1.038,0.321,0.0,0.0,-360.852,724392.032,1.0
467.472,6.541,0.084,1189.546,0.184,25.0,46.357,-87.287,1924.871,-85.29717,83.92387,0.449,0.0,0.0,0.0,0.25814,0.6023,2124.0,1.038,0.318,0.0,0.0,-358.763,724392.349,1.0
468.472,6.458,0.084,1187.836,0.184,25.0,46.357,-87.287,1924.878,-85.26081,84.05842,0.449,0.0,0.0,0.0,0.25671,0.6078,2123.0,1.038,0.314,0.0,0.0,-356.695,724392.664,1.0
469.472,6.374,0.083,1186.135,0.184,25.0,46.357,-87.287,1924.885,-85.22521,84.19554,0.449,0.0,0.0,0.0,0.25529,0.6132,2122.0,1.037,0.311,0.0,0.0,-354.648,724392.975,1.0
470.472,6.292,0.083,1184.444,0.184,25.0,46.357,-87.287,1924.892,-85.19047,84.33506,0.449,0.0,0.0,0.0,0.25389,0.6187,2122.0,1.037,0.308,0.0,0.0,-352.621,724393.283,1.0
471.472,6.209,0.083,1182.762,0.184,25.0,46.357,-87.287,1924.899,-85.15672,84.47684,0.449,0.0,0.0,0.0,0.25251,0.6242,2121.0,1.037,0.305,0.0,0.0,-350.614,724393.588,1.0
472.472,6.127,0.082,1181.091,0.184,25.0,46.357,-87.287,1924.906,-85.12405,84.62072,0.449,0.0,0.0,0.0,0.25114,0.6297,2120.0,1.036,0.302,0.0,0.0,-348.628,724393.89,1.0
473.472,6.045,0.082,1179.428,0.184,25.0,46.357,-87.287,1924.913,-85.09258,84.76661,0.449,0.0,0.0,0.0,0.24979,0.6353,2120.0,1.036,0.299,0.0,0.0,-346.661,724394.189,1.0
474.472,5.964,0.081,1177.775,0.184,25.0,46.357,-87.287,1924.92,-85.06242,84.91439,0.449,0.0,0.0,0.0,0.24845,0.6408,2119.0,1.036,0.296,0.0,0.0,-344.713,724394.485,1.0
475.472,5.883,0.081,1176.131,0.184,25.0,46.357,-87.287,1924.926,-85.03367,85.06399,0.449,0.0,0.0,0.0,0.24713,0.6464,2118.0,1.035,0.293,0.0,0.0,-342.784,724394.778,1.0
476.472,5.803,0.081,1174.496,0.184,25.0,46.357,-87.287,1924.933,-85.00643,85.21533,0.449,0.0,0.0,0.0,0.24583,0.652,2118.0,1.035,0.29,0.0,0.0,-340.875,724395.068,1.0
477.472,5.722,0.08,1172.871,0.184,25.0,46.357,-87.286,1924.941,-84.98082,85.36837,0.449,0.0,0.0,0.0,0.24454,0.6577,2117.0,1.035,0.287,0.0,0.0,-338.983,724395.356,1.0
478.472,5.643,0.08,1171.254,0.184,25.0,46.357,-87.286,1924.948,-84.95694,85.52308,0.449,0.0,0.0,0.0,0.24326,0.6633,2116.0,1.034,0.285,0.0,0.0,-337.11,724395.641,1.0
479.472,5.563,0.08,1169.646,0.184,25.0,46.357,-87.286,1924.955,-84.93488,85.67942,0.449,0.0,0.0,0.0,0.242,0.669,2116.0,1.034,0.282,0.0,0.0,-335.256,724395.923,1.0
480.472,5.484,0.079,1168.047,0.184,25.0,46.357,-87.286,1924.962,-84.91476,85.83741,0.449,0.0,0.0,0.0,0.24076,0.6747,2115.0,1.034,0.279,0.0,0.0,-333.418,724396.202,1.0
481.472,5.405,0.079,1166.457,0.184,25.0,46.357,-87.286,1924.969,-84.89667,85.99706,0.449,0.0,0.0,0.0,0.23952,0.6804,2114.0,1.033,0.277,0.0,0.0,-331.599,724396.479,1.0
482.472,5.327,0.079,1164.875,0.184,25.0,46.357,-87.286,1924.976,-84.88072,86.15839,0.449,0.0,0.0,0.0,0.23831,0.6862,2114.0,1.033,0.274,0.0,0.0,-329.797,724396.753,1.0
483.472,5.249,0.078,1163.302,0.184,25.0,46.357,-87.286,1924.983,-84.86699,86.32146,0.449,0.0,0.0,0.0,0.2371,0.6919,2113.0,1.033,0.271,0.0,0.0,-328.012,724397.024,1.0
484.472,5.171,0.078,1161.737,0.184,25.0,46.357,-87.286,1924.99,-84.8556,86.48633,0.449,0.0,0.0,0.0,0.23591,0.6977,2113.0,1.032,0.269,0.0,0.0,-326.243,724397.293,1.0
485.472,5.093,0.078,1160.181,0.184,25.0,46.357,-87.286,1924.996,-84.84663,86.65309,0.449,0.0,0.0,0.0,0.23473,0.7035,2112.0,1.032,0.266,0.0,0.0,-324.492,724397.559,1.0
486.472,5.016,0.077,1158.633,0.184,25.0,46.357,-87.286,1925.003,-84.84019,86.82182,0.449,0.0,0.0,0.0,0.23356,0.7094,2111.0,1.032,0.264,0.0,0.0,-322.756,724397.823,1.0
487.472,4.94,0.077,1157.093,0.184,25.0,46.357,-87.286,1925.01,-84.83636,86.99265,0.449,0.0,0.0,0.0,0.23241,0.7152,2111.0,1.032,0.261,0.0,0.0,-321.037,724398.085,1.0
488.472,4.863,0.077,1155.562,0.184,25.0,46.357,-87.285,1925.017,-84.83523,87.16574,0.449,0.0,0.0,0.0,0.23126,0.7211,2110.0,1.031,0.259,0.0,0.0,-319.334,724398.344,1.0
489.472,4.787,0.076,1154.038,0.184,25.0,46.357,-87.285,1925.024,-84.83688,87.34129,0.449,0.0,0.0,0.0,0.23013,0.727,2110.0,1.031,0.257,0.0,0.0,-317.647,724398.6,1.0
490.472,4.711,0.076,1152.523,0.184,25.0,46.357,-87.285,1925.031,-84.84133,87.51957,0.449,0.0,0.0,0.0,0.22901,0.7329,2109.0,1.031,0.254,0.0,0.0,-315.975,724398.855,1.0
491.472,4.636,0.076,1151.016,0.184,25.0,46.357,-87.285,1925.038,-84.84864,87.70091,0.449,0.0,0.0,0.0,0.22791,0.7388,2108.0,1.03,0.252,0.0,0.0,-314.319,724399.107,1.0
492.472,4.56,0.075,1149.516,0.184,25.0,46.357,-87.285,1925.044,-84.85881,87.88567,0.449,0.0,0.0,0.0,0.22681,0.7447,2108.0,1.03,0.25,0.0,0.0,-312.678,724399.357,1.0
493.472,4.486,0.075,1148.024,0.184,25.0,46.357,-87.285,1925.051,-84.87184,88.07427,0.449,0.0,0.0,0.0,0.22573,0.7507,2107.0,1.03,0.248,0.0,0.0,-311.051,724399.604,1.0
494.472,4.411,0.075,1146.54,0.184,25.0,46.357,-87.285,1925.058,-84.88772,88.26714,0.449,0.0,0.0,0.0,0.22466,0.7567,2107.0,1.03,0.245,0.0,0.0,-309.44,724399.85,1.0
495.472,4.337,0.074,1145.064,0.184,25.0,46.357,-87.285,1925.064,-84.90645,88.46479,0.449,0.0,0.0,0.0,0.22359,0.7627,2106.0,1.029,0.243,0.0,0.0,-307.843,724400.093,1.0
496.472,4.263,0.074,1143.595,0.184,25.0,46.357,-87.285,1925.071,-84.92797,88.66773,0.449,0.0,0.0,0.0,0.22254,0.7687,2106.0,1.029,0.241,0.0,0.0,-306.26,724400.334,1.0
497.472,4.189,0.074,1142.133,0.184,25.0,46.357,-87.285,1925.078,-84.95226,88.87653,0.449,0.0,0.0,0.0,0.2215,0.7747,2105.0,1.029,0.239,0.0,0.0,-304.692,724400.573,1.0
498.472,4.116,0.074,1140.68,0.184,25.0,46.357,-87.285,1925.084,-84.97928,89.09179,0.449,0.0,0.0,0.0,0.22047,0.7808,2105.0,1.029,0.237,0.0,0.0,-303.137,724400.81,1.0
499.472,4.043,0.073,1139.233,0.184,25.0,46.357,-87.284,1925.09,-85.00896,89.31413,0.449,0.0,0.0,0.0,0.21945,0.7868,2104.0,1.028,0.235,0.0,0.0,-301.597,724401.044,1.0
500.472,3.97,0.073,1137.794,0.184,25.0,46.357,-87.284,1925.097,-85.04125,89.54423,0.449,0.0,0.0,0.0,0.21844,0.7929,2103.0,1.028,0.233,0.0,0.0,-300.07,724401.277,1.0
501.472,3.897,0.073,1136.362,0.184,25.0,46.357,-87.284,1925.103,-85.07608,89.7828,0.449,0.0,0.0,0.0,0.21744,0.799,2103.0,1.028,0.231,0.0,0.0,-298.556,724401.508,1.0
502.472,3.825,0.072,1134.937,0.184,25.0,46.357,-87.284,1925.109,-85.11339,90.03059,0.449,0.0,0.0,0.0,0.21645,0.8051,2102.0,1.028,0.229,0.0,0.0,-297.056,724401.737,1.0
503.472,3.753,0.072,1133.52,0.184,25.0,46.357,-87.284,1925.115,-85.15311,90.28839,0.449,0.0,0.0,0.0,0.21547,0.8112,2102.0,1.027,0.227,0.0,0.0,-295.569,724401.964,1.0
504.472,3.681,0.072,1132.109,0.184,25.0,46.357,-87.284,1925.121,-85.19515,90.55705,0.449,0.0,0.0,0.0,0.2145,0.8174,2101.0,1.027,0.225,0.0,0.0,-294.095,724402.189,1.0
505.472,3.61,0.072,1130.706,0.184,25.0,46.357,-87.284,1925.127,-85.23943,90.83745,0.449,0.0,0.0,0.0,0.21354,0.8235,2101.0,1.027,0.223,0.0,0.0,-292.634,724402.412,1.0
506.472,3.539,0.071,1129.309,0.184,25.0,46.357,-87.284,1925.133,-85.28587,91.13053,0.449,0.0,0.0,0.0,0.21259,0.8297,2100.0,1.027,0.221,0.0,0.0,-291.186,724402.633,1.0
507.472,3.468,0.071,1127.919,0.184,25.0,46.357,-87.284,1925.139,-85.33439,91.43727,0.449,0.0,0.0,0.0,0.21165,0.8358,2100.0,1.026,0.219,0.0,0.0,-289.75,724402.852,1.0
508.472,3.397,0.071,1126.536,0.184,25.0,46.357,-87.284,1925.145,-85.38488,91.75873,0.449,0.0,0.0,0.0,0.21071,0.842,2099.0,1.026,0.218,0.0,0.0,-288.326,724403.07,1.0
509.472,3.327,0.07,1125.16,0.184,25.0,46.357,-87.284,1925.15,-85.43726,92.09603,0.449,0.0,0.0,0.0,0.20979,0.8482,2099.0,1.026,0.216,0.0,0.0,-286.915,724403.286,1.0
510.472,3.257,0.07,1123.791,0.184,25.0,46.357,-87.284,1925.156,-85.49143,92.45033,0.449,0.0,0.0,0.0,0.20887,0.8544,2099.0,1.026,0.214,0.0,0.0,-285.515,724403.5,1.0
511.472,3.187,0.07,1122.428,0.184,25.0,46.357,-87.284,1925.161,-85.54729,92.82288,0.449,0.0,0.0,0.0,0.20797,0.8607,2098.0,1.025,0.212,0.0,0.0,-284.128,724403.712,1.0
512.472,3.118,0.07,1121.072,0.184,25.0,46.357,-87.283,1925.167,-85.60474,93.215,0.449,0.0,0.0,0.0,0.20707,0.8669,2098.0,1.025,0.211,0.0,0.0,-282.752,724403.922,1.0
513.472,3.048,0.069,1119.722,0.184,25.0,46.357,-87.283,1925.172,-85.66367,93.6281,0.449,0.0,0.0,0.0,0.20618,0.8731,2097.0,1.025,0.209,0.0,0.0,-281.388,724404.131,1.0
514.472,2.979,0.069,1118.379,0.184,25.0,46.357,-87.283,1925.177,-85.72398,94.06366,0.449,0.0,0.0,0.0,0.20529,0.8794,2097.0,1.025,0.207,0.0,0.0,-280.036,724404.338,1.0
515.472,2.911,0.069,1117.042,0.184,25.0,46.357,-87.283,1925.182,-85.78554,94.52326,0.449,0.0,0.0,0.0,0.20442,0.8857,2096.0,1.025,0.206,0.0,0.0,-278.694,724404.544,1.0
516.472,2.842,0.069,1115.712,0.184,25.0,46.357,-87.283,1925.187,-85.84826,95.00856,0.449,0.0,0.0,0.0,0.20355,0.8919,2096.0,1.024,0.204,0.0,0.0,-277.364,724404.748,1.0
517.472,2.774,0.068,1114.388,0.184,25.0,46.357,-87.283,1925.192,-85.91201,95.52132,0.449,0.0,0.0,0.0,0.20269,0.8982,2095.0,1.024,0.202,0.0,0.0,-276.045,724404.95,1.0
518.472,2.706,0.068,1113.07,0.184,25.0,46.357,-87.283,1925.197,-85.97666,96.06342,0.449,0.0,0.0,0.0,0.20184,0.9045,2095.0,1.024,0.201,0.0,0.0,-274.737,724405.151,1.0
519.472,2.638,0.068,1111.759,0.184,25.0,46.357,-87.283,1925.202,-86.0421,96.63684,0.449,0.0,0.0,0.0,0.201,0.9108,2095.0,1.024,0.199,0.0,0.0,-273.44,724405.35,1.0
520.472,2.57,0.068,1110.454,0.184,25.0,46.357,-87.283,1925.206,-86.10819,97.24365,0.449,0.0,0.0,0.0,0.20016,0.9171,2094.0,1.023,0.198,0.0,0.0,-272.154,724405.548,1.0
521.472,2.503,0.067,1109.154,0.184,25.0,46.357,-87.283,1925.211,-86.17479,97.88605,0.449,0.0,0.0,0.0,0.19934,0.9234,2094.0,1.023,0.196,0.0,0.0,-270.878,724405.744,1.0
522.472,2.436,0.067,1107.861,0.184,25.0,46.357,-87.283,1925.215,-86.24178,98.56636,0.449,0.0,0.0,0.0,0.19851,0.9297,2093.0,1.023,0.195,0.0,0.0,-269.612,724405.939,1.0
523.472,2.369,0.067,1106.574,0.184,25.0,46.357,-87.283,1925.22,-86.309,99.28699,0.449,0.0,0.0,0.0,0.1977,0.936,2093.0,1.023,0.193,0.0,0.0,-268.357,724406.132,1.0
524.472,2.303,0.067,1105.293,0.184,25.0,46.357,-87.283,1925.224,-86.3763,100.05048,0.449,0.0,0.0,0.0,0.19689,0.9424,2092.0,1.023,0.192,0.0,0.0,-267.112,724406.324,1.0
525.472,2.236,0.066,1104.018,0.184,25.0,46.357,-87.283,1925.228,-86.44352,100.85945,0.449,0.0,0.0,0.0,0.1961,0.9487,2092.0,1.022,0.19,0.0,0.0,-265.877,724406.514,1.0
526.472,2.17,0.066,1102.748,0.184,25.0,46.357,-87.283,1925.232,-86.5105,101.71663,0.449,0.0,0.0,0.0,0.1953,0.955,2092.0,1.022,0.189,0.0,0.0,-264.652,724406.703,1.0
527.472,2.104,0.066,1101.485,0.184,25.0,46.357,-87.283,1925.236,-86.57707,102.62482,0.449,0.0,0.0,0.0,0.19452,0.9614,2091.0,1.022,0.187,0.0,0.0,-263.437,724406.89,1.0
528.472,2.038,0.066,1100.227,0.184,25.0,46.357,-87.283,1925.24,-86.64305,103.58689,0.449,0.0,0.0,0.0,0.19374,0.9677,2091.0,1.022,0.186,0.0,0.0,-262.232,724407.076,1.0
529.472,1.973,0.066,1098.975,0.184,25.0,46.357,-87.282,1925.244,-86.70825,104.60571,0.449,0.0,0.0,0.0,0.19297,0.9741,2090.0,1.022,0.185,0.0,0.0,-261.036,724407.261,1.0
530.472,1.907,0.065,1097.728,0.184,25.0,46.357,-87.282,1925.247,-86.77247,105.68419,0.449,0.0,0.0,0.0,0.1922,0.9804,2090.0,1.021,0.183,0.0,0.0,-259.85,724407.445,1.0
531.472,1.842,0.065,1096.488,0.184,25.0,46.357,-87.282,1925.251,-86.83551,106.82515,0.449,0.0,0.0,0.0,0.19144,0.9868,2090.0,1.021,0.182,0.0,0.0,-258.673,724407.627,1.0
532.472,1.777,0.065,1095.253,0.184,25.0,46.357,-87.282,1925.255,-86.89715,108.03135,0.449,0.0,0.0,0.0,0.19069,0.9931,2089.0,1.021,0.181,0.0,0.0,-257.506,724407.807,1.0
533.472,1.713,0.065,1094.023,0.184,25.0,46.357,-87.282,1925.258,-86.95718,109.30537,0.449,0.0,0.0,0.0,0.18995,0.9995,2089.0,1.021,0.179,0.0,0.0,-256.347,724407.987,1.0
534.472,1.648,0.064,1092.799,0.184,25.0,46.357,-87.282,1925.261,-87.01534,110.64953,0.449,0.0,0.0,0.0,0.18921,1.006,2088.0,1.021,0.178,0.0,0.0,-255.198,724408.165,1.0
535.472,1.584,0.064,1091.58,0.184,25.0,46.357,-87.282,1925.265,-87.07142,112.06586,0.449,0.0,0.0,0.0,0.18847,1.012,2088.0,1.021,0.177,0.0,0.0,-254.058,724408.342,1.0
536.472,1.52,0.064,1090.367,0.184,25.0,46.357,-87.282,1925.268,-87.12514,113.55592,0.449,0.0,0.0,0.0,0.18775,1.019,2088.0,1.02,0.176,0.0,0.0,-252.927,724408.518,1.0
537.472,1.456,0.064,1089.159,0.184,25.0,46.357,-87.282,1925.271,-87.17626,115.12074,0.449,0.0,0.0,0.0,0.18702,1.025,2087.0,1.02,0.175,0.0,0.0,-251.804,724408.692,1.0
538.472,1.393,0.064,1087.957,0.184,25.0,46.357,-87.282,1925.274,-87.22451,116.76069,0.449,0.0,0.0,0.0,0.18631,1.031,2087.0,1.02,0.173,0.0,0.0,-250.69,724408.866,1.0
539.472,1.329,0.063,1086.76,0.184,25.0,46.357,-87.282,1925.277,-87.26963,118.47534,0.449,0.0,0.0,0.0,0.1856,1.038,2087.0,1.02,0.172,0.0,0.0,-249.585,724409.038,1.0
540.472,1.266,0.063,1085.568,0.184,25.0,46.357,-87.282,1925.28,-87.31134,120.26332,0.449,0.0,0.0,0.0,0.1849,1.044,2086.0,1.02,0.171,0.0,0.0,-248.488,724409.209,1.0
541.472,1.203,0.063,1084.381,0.184,25.0,46.357,-87.282,1925.283,-87.34939,122.12225,0.449,0.0,0.0,0.0,0.1842,1.05,2086.0,1.019,0.17,0.0,0.0,-247.4,724409.379,1.0
542.472,1.14,0.063,1083.2,0.184,25.0,46.357,-87.282,1925.286,-87.3835,124.04857,0.449,0.0,0.0,0.0,0.18351,1.057,2086.0,1.019,0.169,0.0,0.0,-246.32,724409.547,1.0
543.472,1.077,0.063,1082.023,0.184,25.0,46.357,-87.282,1925.289,-87.41343,126.03751,0.449,0.0,0.0,0.0,0.18282,1.063,2085.0,1.019,0.168,0.0,0.0,-245.248,724409.715,1.0
544.472,1.015,0.062,1080.852,0.184,25.0,46.357,-87.282,1925.292,-87.43894,128.08304,0.449,0.0,0.0,0.0,0.18214,1.069,2085.0,1.019,0.166,0.0,0.0,-244.185,724409.881,1.0
545.472,0.953,0.062,1079.686,0.184,25.0,46.357,-87.282,1925.295,-87.4598,130.17787,0.449,0.0,0.0,0.0,0.18147,1.076,2084.0,1.019,0.165,0.0,0.0,-243.129,724410.047,1.0
546.472,0.891,0.062,1078.525,0.184,25.0,46.357,-87.282,1925.297,-87.47583,132.31349,0.449,0.0,0.0,0.0,0.1808,1.082,2084.0,1.019,0.164,0.0,0.0,-242.082,724410.211,1.0
547.472,0.829,0.062,1077.369,0.184,25.0,46.357,-87.282,1925.3,-87.48684,134.48033,0.449,0.0,0.0,0.0,0.18013,1.088,2084.0,1.018,0.163,0.0,0.0,-241.042,724410.374,1.0
548.472,0.767,0.062,1076.217,0.184,25.0,46.357,-87.282,1925.303,-87.4927,136.66789,0.449,0.0,0.0,0.0,0.17948,1.094,2083.0,1.018,0.162,0.0,0.0,-240.01,724410.536,1.0
549.472,0.705,0.062,1075.071,0.184,25.0,46.357,-87.282,1925.305,-87.49331,138.86501,0.449,0.0,0.0,0.0,0.17882,1.101,2083.0,1.018,0.161,0.0,0.0,-238.986,724410.697,1.0
550.472,0.644,0.061,1073.93,0.184,25.0,46.357,-87.282,1925.308,-87.48858,141.06009,0.449,0.0,0.0,0.0,0.17817,1.107,2083.0,1.018,0.16,0.0,0.0,-237.969,724410.858,1.0
551.472,0.583,0.061,1072.793,0.184,25.0,46.357,-87.282,1925.311,-87.4785,143.24144,0.449,0.0,0.0,0.0,0.17753,1.113,2082.0,1.018,0.159,0.0,0.0,-236.96,724411.017,1.0
552.472,0.522,0.061,1071.661,0.184,25.0,46.357,-87.282,1925.314,-87.46306,145.39756,0.449,0.0,0.0,0.0,0.17689,1.12,2082.0,1.018,0.158,0.0,0.0,-235.958,724411.175,1.0
553.472,0.461,0.061,1070.534,0.184,25.0,46.357,-87.282,1925.316,-87.44231,147.51739,0.449,0.0,0.0,0.0,0.17626,1.126,2082.0,1.017,0.157,0.0,0.0,-234.964,724411.332,1.0
554.472,0.4,0.061,1069.412,0.184,25.0,46.356,-87.282,1925.319,-87.41631,149.59067,0.449,0.0,0.0,0.0,0.17563,1.132,2082.0,1.017,0.156,0.0,0.0,-233.977,724411.488,1.0
555.472,0.34,0.06,1068.294,0.184,25.0,46.356,-87.282,1925.322,-87.38518,151.60804,0.449,0.0,0.0,0.0,0.17501,1.138,2081.0,1.017,0.155,0.0,0.0,-232.998,724411.643,1.0
556.472,0.279,0.06,1067.181,0.184,25.0,46.356,-87.282,1925.324,-87.34905,153.56131,0.449,0.0,0.0,0.0,0.17439,1.144,2081.0,1.017,0.154,0.0,0.0,-232.025,724411.797,1.0
557.472,0.219,0.06,1066.073,0.184,25.0,46.356,-87.282,1925.327,-87.30806,155.44347,0.449,0.0,0.0,0.0,0.17378,1.151,2081.0,1.017,0.153,0.0,0.0,-231.06,724411.951,1.0
558.472,0.159,0.06,1064.969,0.184,25.0,46.356,-87.282,1925.33,-87.2624,157.24883,0.449,0.0,0.0,0.0,0.17317,1.157,2080.0,1.017,0.152,0.0,0.0,-230.102,724412.103,1.0
559.472,0.099,0.06,1063.869,0.184,25.0,46.356,-87.282,1925.333,-87.21224,158.97291,0.449,0.0,0.0,0.0,0.17257,1.163,2080.0,1.017,0.0,0.0,0.0,-229.15,724412.103,1.0
560.472,0.04,0.06,1062.774,0.184,25.0,46.356,-87.282,1925.336,-87.15777,160.61249,0.449,0.0,0.0,0.0,0.17197,1.169,2080.0,1.016,0.0,0.0,0.0,-228.205,724412.103,1.0
561.472,0.0,0.06,1061.683,0.184,25.0,46.356,-87.282,1925.339,-87.09997,162.15216,0.449,0.0,0.0,0.0,0.1714,1.174,2077.0,1.015,0.0,0.0,0.0,-227.267,724412.103,1.0
