# Copy of /Applications/DRAMA-4.1.4/TOOLS/SARA/REENTRY/data/StaticEnvironmentData.csv (DRAMA 4.1.4, HTG), verbatim below this line. It is the US Standard Atmosphere 1976 with a fixed wind profile. Columns: alt[m], pressure[Pa], density[kg/m3], temperature[K], wind north[m/s], wind east[m/s], wind down[m/s], gamma, atomic oxygen fraction.
# alt              pressure                 density             temperature              wind north                wind east                  wind down                  gamma          atomic oxygen
0, 1.0132500000000000e+005, 1.2249991558877122e+000, 2.8814999999999998e+002, 1.2777108971052384e-001, -1.2715716530870153e-001, 0.0000000000000000e+000, 1.3999999999999999e+000, 2.3168863423909897e-001
100, 1.0012945729247191e+005, 1.2132821234791744e+000, 2.8750001022516437e+002, 1.2295997522501131e-001, 1.5032575764651812e-003, 0.0000000000000000e+000, 1.3999999999999999e+000, 2.3168863382041829e-001
200, 9.8945399791466130e+004, 1.2016513879670410e+000, 2.8685004090001422e+002, 1.1804111515695413e-001, 1.2813364051791656e-001, 0.0000000000000000e+000, 1.3999999999999999e+000, 2.3168863393882938e-001
300, 9.7772742371848435e+004, 1.1901065036396186e+000, 2.8620009202358443e+002, 1.1302099250312038e-001, 2.5282398760462993e-001, 0.0000000000000000e+000, 1.3999999999999999e+000, 2.3168863399515013e-001
400, 9.6611400352896584e+004, 1.1786470261118878e+000, 2.8555016359491003e+002, 1.0790609086882073e-001, 3.7566426450642582e-001, 0.0000000000000000e+000, 1.3999999999999999e+000, 2.3168863458841069e-001
500, 9.5461289496945057e+004, 1.1672725123243857e+000, 2.8490025561302610e+002, 1.0270289280990486e-001, 4.9674448063060367e-001, 0.0000000000000000e+000, 1.3999999999999999e+000, 2.3168863484726923e-001
600, 9.4322326008029951e+004, 1.1559825205420748e+000, 2.8425036807696767e+002, 9.7417879564670531e-002, 6.1615466848158618e-001, 0.0000000000000000e+000, 1.3999999999999999e+000, 2.3168863464867340e-001
700, 9.3194426530536075e+004, 1.1447766103532202e+000, 2.8360050098577011e+002, 9.2057538201593792e-002, 7.3398471254255593e-001, 0.0000000000000000e+000, 1.3999999999999999e+000, 2.3168863432202055e-001
800, 9.2077508147844317e+004, 1.1336543426682553e+000, 2.8295065433846850e+002, 8.6628345741854518e-002, 8.5032474820273285e-001, 0.0000000000000000e+000, 1.3999999999999999e+000, 2.3168863405952431e-001
900, 9.0971488380981667e+004, 1.1226152797186604e+000, 2.8230082813409825e+002, 8.1136790613502902e-002, 9.6526463138699559e-001, 0.0000000000000000e+000, 1.3999999999999999e+000, 2.3168863372425424e-001
1000, 8.9876285187271234e+004, 1.1116589850558272e+000, 2.8165102237169469e+002, 7.5589350289187410e-002, 1.0788944887165215e+000, 0.0000000000000000e+000, 1.3999999999999999e+000, 2.3168863353199337e-001
1100, 8.8791816958984462e+004, 1.1007850235499310e+000, 2.8100123705029324e+002, 6.9992510309171932e-002, 1.1913042497452071e+000, 0.0000000000000000e+000, 1.3999999999999999e+000, 2.3168863402295720e-001
1200, 8.7718002521994393e+004, 1.0899929613888000e+000, 2.8035147216892949e+002, 6.4352752771102265e-002, 1.3025839046183039e+000, 0.0000000000000000e+000, 1.3999999999999999e+000, 2.3168863462316563e-001
1300, 8.6654761134430228e+004, 1.0792823660767836e+000, 2.7970172772663886e+002, 5.8676568354225717e-002, 1.4128233180957537e+000, 0.0000000000000000e+000, 1.3999999999999999e+000, 2.3168863490000374e-001
1400, 8.5602012485332933e+004, 1.0686528064336156e+000, 2.7905200372245707e+002, 5.2970425470628371e-002, 1.5221127449810916e+000, 0.0000000000000000e+000, 1.3999999999999999e+000, 2.3168863482164778e-001
1500, 8.4559676693313042e+004, 1.0581038525932882e+000, 2.7840230015541971e+002, 4.7240814433753851e-002, 1.6305420467662282e+000, 0.0000000000000000e+000, 1.3999999999999999e+000, 2.3168863460714320e-001
1600, 8.3527674305208508e+004, 1.0476350760029085e+000, 2.7775261702456260e+002, 4.1494217568943205e-002, 1.7382012162233098e+000, 0.0000000000000000e+000, 1.3999999999999999e+000, 2.3168863434969023e-001
1700, 8.2505926294745135e+004, 1.0372460494215712e+000, 2.7710295432892144e+002, 3.5737118342235773e-002, 1.8451802505616002e+000, 0.0000000000000000e+000, 1.3999999999999999e+000, 2.3168863363367498e-001
1800, 8.1494354061197388e+004, 1.0269363469192176e+000, 2.7645331206753218e+002, 2.9976005496858107e-002, 1.9515690128970382e+000, 0.0000000000000000e+000, 1.3999999999999999e+000, 2.3168863325534791e-001
1900, 8.0492879428051107e+004, 1.0167055438755015e+000, 2.7580369023943069e+002, 2.4217348214324384e-002, 2.0574577525588746e+000, 0.0000000000000000e+000, 1.3999999999999999e+000, 2.3168863347421459e-001
2000, 7.9501424641666978e+004, 1.0065532169786469e+000, 2.7515408884365297e+002, 1.8467636877320011e-002, 2.1629363342219712e+000, 0.0000000000000000e+000, 1.3999999999999999e+000, 2.3168863410654300e-001
2100, 7.8519912369946294e+004, 9.9647894422431693e-001, 2.7450450787923506e+002, 1.2733361164910119e-002, 2.2680946295305344e+000, 0.0000000000000000e+000, 1.3999999999999999e+000, 2.3168863467441600e-001
2200, 7.7548265700996722e+004, 9.8648230491446620e-001, 2.7385494734521302e+002, 7.0209819493867072e-003, 2.3730230006164721e+000, 0.0000000000000000e+000, 1.3999999999999999e+000, 2.3168863496195433e-001
2300, 7.6586408141800654e+004, 9.7656287965620669e-001, 2.7320540724062306e+002, 1.3370113715583480e-003, 2.4778109502635646e+000, 0.0000000000000000e+000, 1.3999999999999999e+000, 2.3168863496597603e-001
2400, 7.5634263616884011e+004, 9.6672025036066322e-001, 2.7255588756450135e+002, -4.3120965886760320e-003, 2.5825489651183502e+000, 0.0000000000000000e+000, 1.3999999999999999e+000, 2.3168863463415060e-001
2500, 7.4691756466986684e+004, 9.5695400024183053e-001, 2.7190638831588421e+002, -9.9198308119278593e-003, 2.6873265403032769e+000, 0.0000000000000000e+000, 1.3999999999999999e+000, 2.3168863421983704e-001
2600, 7.3758811447734726e+004, 9.4726371381543684e-001, 2.7125690949380800e+002, -1.5479723109006506e-002, 2.7922339190992544e+000, 0.0000000000000000e+000, 1.3999999999999999e+000, 2.3168863354342381e-001
2700, 7.2835353728312577e+004, 9.3764897689778759e-001, 2.7060745109730908e+002, -2.0985303289667141e-002, 2.8973613472637938e+000, 0.0000000000000000e+000, 1.3999999999999999e+000, 2.3168863301522716e-001
2800, 7.1921308890138622e+004, 9.2810937660463655e-001, 2.6995801312542392e+002, -2.6430062086774571e-002, 3.0027983136189684e+000, 0.0000000000000000e+000, 1.3999999999999999e+000, 2.3168863329992095e-001
2900, 7.1016602925539875e+004, 9.1864450135002496e-001, 2.6930859557718907e+002, -3.1807543057925443e-002, 3.1086353187525151e+000, 0.0000000000000000e+000, 1.3999999999999999e+000, 2.3168863430608891e-001
3000, 7.0121162236429984e+004, 9.0925394084514777e-001, 2.6865919845164115e+002, -3.7111237564689828e-002, 3.2149618480817903e+000, 0.0000000000000000e+000, 1.3999999999999999e+000, 2.3168863506301768e-001
3100, 6.9234913632986645e+004, 8.9993728609719448e-001, 2.6800982174781666e+002, -4.2334675661649099e-002, 3.3218681493281106e+000, 0.0000000000000000e+000, 1.3999999999999999e+000, 2.3168863510228754e-001
3200, 6.8357784332332521e+004, 8.9069412940821346e-001, 2.6736046546475245e+002, -4.7471386340512865e-002, 3.4294444711854575e+000, 0.0000000000000000e+000, 1.3999999999999999e+000, 2.3168863462744335e-001
3300, 6.7489701957215191e+004, 8.8152406437395003e-001, 2.6671112960148525e+002, -5.2514862882563074e-002, 3.5377802948388712e+000, 0.0000000000000000e+000, 1.3999999999999999e+000, 2.3168863444073987e-001
3400, 6.6630594534690346e+004, 8.7242668588270611e-001, 2.6606181415705186e+002, -5.7458646909591377e-002, 3.6469661285280677e+000, 0.0000000000000000e+000, 1.3999999999999999e+000, 2.3168863432503672e-001
3500, 6.5780390494805091e+004, 8.6340159011418371e-001, 2.6541251913048916e+002, -6.2296230662370791e-002, 3.7570914462742868e+000, 0.0000000000000000e+000, 1.3999999999999999e+000, 2.3168863383159485e-001
3600, 6.4939018669283418e+004, 8.5444837453833766e-001, 2.6476324452083418e+002, -6.7021144670619218e-002, 3.8682465034516622e+000, 0.0000000000000000e+000, 1.3999999999999999e+000, 2.3168863372166310e-001
3700, 6.4106408290211926e+004, 8.4556663791421449e-001, 2.6411399032712382e+002, -7.1626915942135869e-002, 3.9805215564483487e+000, 0.0000000000000000e+000, 1.3999999999999999e+000, 2.3168863351277466e-001
3800, 6.3282488988728372e+004, 8.3675598028880860e-001, 2.6346475654839520e+002, -7.6107040291872458e-002, 4.0940060670505671e+000, 0.0000000000000000e+000, 1.3999999999999999e+000, 2.3168863390251118e-001
3900, 6.2467190793710171e+004, 8.2801600299590061e-001, 2.6281554318368546e+002, -8.0455056041349504e-002, 4.2087905744846648e+000, 0.0000000000000000e+000, 1.3999999999999999e+000, 2.3168863433737388e-001
4000, 6.1660444130465039e+004, 8.1934630865490377e-001, 2.6216635023203179e+002, -8.4664460196376204e-002, 4.3249645171619671e+000, 0.0000000000000000e+000, 1.3999999999999999e+000, 2.3168863453271665e-001
4100, 6.0862179819422781e+004, 8.1074650116970903e-001, 2.6151717769247142e+002, -8.8728779168817329e-002, 4.4426181653745056e+000, 0.0000000000000000e+000, 1.3999999999999999e+000, 2.3168863427567060e-001
4200, 6.0072329074828209e+004, 8.0221618572752462e-001, 2.6086802556404166e+002, -9.2641531691387849e-002, 4.5618415060091468e+000, 0.0000000000000000e+000, 1.3999999999999999e+000, 2.3168863402098283e-001
4300, 5.9290823503435568e+004, 7.9375496879771734e-001, 2.6021889384577992e+002, -9.6396250902320957e-002, 4.6827251223901074e+000, 0.0000000000000000e+000, 1.3999999999999999e+000, 2.3168863461138905e-001
4400, 5.8517595103204549e+004, 7.8536245813065697e-001, 2.5956978253672361e+002, -9.9986419486468608e-002, 4.8053578463921687e+000, 0.0000000000000000e+000, 1.3999999999999999e+000, 2.3168863526836556e-001
4500, 5.7752576261996990e+004, 7.7703826275655008e-001, 2.5892069163591020e+002, -1.0340557301727871e-001, 4.9298302487752474e+000, 0.0000000000000000e+000, 1.3999999999999999e+000, 2.3168863534945477e-001
4600, 5.6995699756275753e+004, 7.6878199298428473e-001, 2.5827162114237728e+002, -1.0664722753230041e-001, 5.0562323213215494e+000, 0.0000000000000000e+000, 1.3999999999999999e+000, 2.3168863476852919e-001
4700, 5.6246898749804081e+004, 7.6059326040026221e-001, 2.5762257105516244e+002, -1.0970490109965847e-001, 5.1846540565792543e+000, 0.0000000000000000e+000, 1.3999999999999999e+000, 2.3168863352560465e-001
4800, 5.5506106792347018e+004, 7.5247167786723734e-001, 2.5697354137330336e+002, -1.1257212364680223e-001, 5.3151860735690004e+000, 0.0000000000000000e+000, 1.3999999999999999e+000, 2.3168863291173100e-001
4900, 5.4773257818373706e+004, 7.4441685952315240e-001, 2.5632453209583775e+002, -1.1524238572108579e-001, 5.4479171290358579e+000, 0.0000000000000000e+000, 1.3999999999999999e+000, 2.3168863304675466e-001
5000, 5.4048286145761413e+004, 7.3642842077997428e-001, 2.5567554322180348e+002, -1.1770921753311840e-001, 5.5829378213712886e+000, 0.0000000000000000e+000, 1.3999999999999999e+000, 2.3168863319594854e-001
5100, 5.3331126474500234e+004, 7.2850597832252251e-001, 2.5502657475023835e+002, -1.1996820708980221e-001, 5.7203023066748164e+000, 0.0000000000000000e+000, 1.3999999999999999e+000, 2.3168863321422853e-001
5200, 5.2621713885400182e+004, 7.2064915010730923e-001, 2.5437762668018030e+002, -1.2202321595441916e-001, 5.8599213260579646e+000, 0.0000000000000000e+000, 1.3999999999999999e+000, 2.3168863349398819e-001
5300, 5.1919983838798340e+004, 7.1285755536136197e-001, 2.5372869901066727e+002, -1.2388018578894409e-001, 6.0016704622516572e+000, 0.0000000000000000e+000, 1.3999999999999999e+000, 2.3168863527589142e-001
5400, 5.1225872173268719e+004, 7.0513081458106319e-001, 2.5307979174073733e+002, -1.2554503118456808e-001, 6.1454232558765867e+000, 0.0000000000000000e+000, 1.3999999999999999e+000, 2.3168863685149155e-001
5500, 5.0539315104332316e+004, 6.9746854953097370e-001, 2.5243090486942856e+002, -1.2702369361633814e-001, 6.2910552900576020e+000, 0.0000000000000000e+000, 1.3999999999999999e+000, 2.3168863727502723e-001
5600, 4.9860249223169267e+004, 6.8987038324266403e-001, 2.5178203839577915e+002, -1.2832210525445301e-001, 6.4384414500915366e+000, 0.0000000000000000e+000, 1.3999999999999999e+000, 2.3168863676698395e-001
5700, 4.9188611495331752e+004, 6.8233594001353859e-001, 2.5113319231882730e+002, -1.2944619999702214e-001, 6.5874566415635947e+000, 0.0000000000000000e+000, 1.3999999999999999e+000, 2.3168863555211883e-001
5800, 4.8524339259459011e+004, 6.7486484540566749e-001, 2.5048436663761129e+002, -1.3040191171894036e-001, 6.7379764906134483e+000, 0.0000000000000000e+000, 1.3999999999999999e+000, 2.3168863509017551e-001
5900, 4.7867370225992767e+004, 6.6745672624460517e-001, 2.4983556135116945e+002, -1.3119516564217765e-001, 6.8898744464188146e+000, 0.0000000000000000e+000, 1.3999999999999999e+000, 2.3168863433371648e-001
6000, 4.7217642475894980e+004, 6.6011121061822142e-001, 2.4918677645854018e+002, -1.3183189825092856e-001, 7.0430261363715712e+000, 0.0000000000000000e+000, 1.3999999999999999e+000, 2.3168863393314582e-001
6100, 4.6575094459366119e+004, 6.5282792787551935e-001, 2.4853801195876196e+002, -1.3231804292181640e-001, 7.1973064491781047e+000, 0.0000000000000000e+000, 1.3999999999999999e+000, 2.3168863399887646e-001
6200, 4.5939664994565246e+004, 6.4560650862545987e-001, 2.4788926785087330e+002, -1.3265953031761676e-001, 7.3525902914267531e+000, 0.0000000000000000e+000, 1.3999999999999999e+000, 2.3168863441350851e-001
6300, 4.5311293266331413e+004, 6.3844658473578264e-001, 2.4724054413391278e+002, -1.3286229519454401e-001, 7.5087533019480155e+000, 0.0000000000000000e+000, 1.3999999999999999e+000, 2.3168863453476016e-001
6400, 4.4689918824906272e+004, 6.3134778933182623e-001, 2.4659184080691904e+002, -1.3293226755816775e-001, 7.6656688954254015e+000, 0.0000000000000000e+000, 1.3999999999999999e+000, 2.3168863409641569e-001
6500, 4.4075481584658090e+004, 6.2430975679534606e-001, 2.4594315786893080e+002, -1.3287538009836858e-001, 7.8232127148064681e+000, 0.0000000000000000e+000, 1.3999999999999999e+000, 2.3168863396105921e-001
6600, 4.3467921822807271e+004, 6.1733212276333393e-001, 2.4529449531898683e+002, -1.3269756622625484e-001, 7.9812596562346689e+000, 0.0000000000000000e+000, 1.3999999999999999e+000, 2.3168863419940094e-001
6700, 4.2867180178152783e+004, 6.1041452412683106e-001, 2.4464585315612590e+002, -1.3240475796224963e-001, 8.1396846175594426e+000, 0.0000000000000000e+000, 1.3999999999999999e+000, 2.3168863456904509e-001
6800, 4.2273197649800793e+004, 6.0355659902975012e-001, 2.4399723137938696e+002, -1.3200288586322106e-001, 8.2983632558189129e+000, 0.0000000000000000e+000, 1.3999999999999999e+000, 2.3168863476952567e-001
6900, 4.1685915595893493e+004, 5.9675798686768189e-001, 2.4334862998780889e+002, -1.3149788520373301e-001, 8.4571689602948243e+000, 0.0000000000000000e+000, 1.3999999999999999e+000, 2.3168863407229909e-001
7000, 4.1105275732340531e+004, 5.9001832828671630e-001, 2.4270004898043075e+002, -1.3089568679847763e-001, 8.6159773775658621e+000, 0.0000000000000000e+000, 1.3999999999999999e+000, 2.3168863356875646e-001
7100, 4.0531220131550734e+004, 5.8333726518224938e-001, 2.4205148835629157e+002, -1.3020222473352661e-001, 8.7746634185394168e+000, 0.0000000000000000e+000, 1.3999999999999999e+000, 2.3168863386118080e-001
7200, 3.9963691221165820e+004, 5.7671444069779532e-001, 2.4140294811443050e+002, -1.2942342965894818e-001, 8.9331019709924835e+000, 0.0000000000000000e+000, 1.3999999999999999e+000, 2.3168863419384905e-001
7300, 3.9402631782795397e+004, 5.7014949922379965e-001, 2.4075442825388672e+002, -1.2856522992464611e-001, 9.0911687008766648e+000, 0.0000000000000000e+000, 1.3999999999999999e+000, 2.3168863502488940e-001
7400, 3.8847984950752994e+004, 5.6364208639644342e-001, 2.4010592877369947e+002, -1.2763356675305332e-001, 9.2487369819028409e+000, 0.0000000000000000e+000, 1.3999999999999999e+000, 2.3168863521329899e-001
7500, 3.8299694210793852e+004, 5.5719184909645436e-001, 2.3945744967290807e+002, -1.2663436719589005e-001, 9.4056824820081211e+000, 0.0000000000000000e+000, 1.3999999999999999e+000, 2.3168863453641494e-001
7600, 3.7757703398853890e+004, 5.5079843544791196e-001, 2.3880899095055184e+002, -1.2557356582836443e-001, 9.5618800897160483e+000, 0.0000000000000000e+000, 1.3999999999999999e+000, 2.3168863344359855e-001
7700, 3.7221956699790026e+004, 5.4446149481705353e-001, 2.3816055260567026e+002, -1.2445709349547605e-001, 9.7172047169724731e+000, 0.0000000000000000e+000, 1.3999999999999999e+000, 2.3168863268472606e-001
7800, 3.6692398646121932e+004, 5.3818067781107803e-001, 2.3751213463730284e+002, -1.2329087667200432e-001, 9.8715319824429777e+000, 0.0000000000000000e+000, 1.3999999999999999e+000, 2.3168863374634663e-001
7900, 3.6168974116775011e+004, 5.3195563627694908e-001, 2.3686373704448903e+002, -1.2208086004054179e-001, 1.0024735319025886e+001, 0.0000000000000000e+000, 1.3999999999999999e+000, 2.3168863490557356e-001
8000, 3.5651628335824993e+004, 5.2578602330019664e-001, 2.3621535982626853e+002, -1.2083296945871008e-001, 1.0176690371168720e+001, 0.0000000000000000e+000, 1.3999999999999999e+000, 2.3168863543509785e-001
8100, 3.5140306871243702e+004, 5.1967149320371864e-001, 2.3556700298168096e+002, -1.1955313151010948e-001, 1.0327272746235197e+001, 0.0000000000000000e+000, 1.3999999999999999e+000, 2.3168863519030505e-001
8200, 3.4634955633646219e+004, 5.1361170154657998e-001, 2.3491866650976610e+002, -1.1824729729429705e-001, 1.0476355193661888e+001, 0.0000000000000000e+000, 1.3999999999999999e+000, 2.3168863428418776e-001
8300, 3.4135520875039387e+004, 5.0760630512280946e-001, 2.3427035040956366e+002, -1.1692137476242873e-001, 1.0623815458022138e+001, 0.0000000000000000e+000, 1.3999999999999999e+000, 2.3168863352089919e-001
8400, 3.3641949187571918e+004, 5.0165496196019921e-001, 2.3362205468011359e+002, -1.1558131962776681e-001, 1.0769525643984435e+001, 0.0000000000000000e+000, 1.3999999999999999e+000, 2.3168863273607523e-001
8500, 3.3154187502285458e+004, 4.9575733131909799e-001, 2.3297377932045572e+002, -1.1423304093618282e-001, 1.0913363406276380e+001, 0.0000000000000000e+000, 1.3999999999999999e+000, 2.3168863328224809e-001
8600, 3.2672183087867499e+004, 4.8991307369120873e-001, 2.3232552432963004e+002, -1.1288248222288295e-001, 1.1055202250797912e+001, 0.0000000000000000e+000, 1.3999999999999999e+000, 2.3168863457718766e-001
8700, 3.2195883549405295e+004, 4.8412185079837988e-001, 2.3167728970667662e+002, -1.1153559086828455e-001, 1.1194915757098508e+001, 0.0000000000000000e+000, 1.3999999999999999e+000, 2.3168863536401629e-001
8800, 3.1725236827141198e+004, 4.7838332559139685e-001, 2.3102907545063547e+002, -1.1019827043280037e-001, 1.1332381486550080e+001, 0.0000000000000000e+000, 1.3999999999999999e+000, 2.3168863508329646e-001
8900, 3.1260191195229687e+004, 4.7269716224877539e-001, 2.3038088156054681e+002, -1.0887648140007086e-001, 1.1467471716358757e+001, 0.0000000000000000e+000, 1.3999999999999999e+000, 2.3168863480039442e-001
9000, 3.0800695260495395e+004, 4.6706302617555007e-001, 2.2973270803545086e+002, -1.0757612982832374e-001, 1.1600063927860424e+001, 0.0000000000000000e+000, 1.3999999999999999e+000, 2.3168863408878820e-001
9100, 3.0346697961192593e+004, 4.6148058400206082e-001, 2.2908455487438783e+002, -1.0630316131978261e-001, 1.1730031708605278e+001, 0.0000000000000000e+000, 1.3999999999999999e+000, 2.3168863366865736e-001
9200, 2.9898148565766318e+004, 4.5594950358274355e-001, 2.2843642207639815e+002, -1.0506352023654882e-001, 1.1857248761227392e+001, 0.0000000000000000e+000, 1.3999999999999999e+000, 2.3168863353986938e-001
9300, 2.9454996671614503e+004, 4.5046945399491295e-001, 2.2778830964052207e+002, -1.0386311405184419e-001, 1.1981592410891343e+001, 0.0000000000000000e+000, 1.3999999999999999e+000, 2.3168863320463537e-001
9400, 2.9017192203851788e+004, 4.4504010553754864e-001, 2.2714021756580019e+002, -1.0270789948923707e-001, 1.2102935189374792e+001, 0.0000000000000000e+000, 1.3999999999999999e+000, 2.3168863372452383e-001
9500, 2.8584685414074534e+004, 4.3966112973007831e-001, 2.2649214585127294e+002, -1.0160378502264242e-001, 1.2221154294448253e+001, 0.0000000000000000e+000, 1.3999999999999999e+000, 2.3168863489036626e-001
9600, 2.8157426879127233e+004, 4.3433219931115813e-001, 2.2584409449598090e+002, -1.0055671691276619e-001, 1.2336123471653870e+001, 0.0000000000000000e+000, 1.3999999999999999e+000, 2.3168863508637824e-001
9700, 2.7735367499870543e+004, 4.2905298823745691e-001, 2.2519606349896472e+002, -9.9572633922046100e-002, 1.2447716555266984e+001, 0.0000000000000000e+000, 1.3999999999999999e+000, 2.3168863515891389e-001
9800, 2.7318458499950215e+004, 4.2382317168243050e-001, 2.2454805285926508e+002, -9.8657452747364344e-002, 1.2555810587662659e+001, 0.0000000000000000e+000, 1.3999999999999999e+000, 2.3168863510235921e-001
9900, 2.6906651424567957e+004, 4.1864242603510399e-001, 2.2390006257592273e+002, -9.7817120345413622e-002, 1.2660278386681142e+001, 0.0000000000000000e+000, 1.3999999999999999e+000, 2.3168863499136724e-001
10000, 2.6499898139253328e+004, 4.1351042889884665e-001, 2.2325209264797854e+002, -9.7057555034832571e-002, 1.2760996865332981e+001, 0.0000000000000000e+000, 1.3999999999999999e+000, 2.3168863414043622e-001
10100, 2.6098150828637135e+004, 4.0842685909014748e-001, 2.2260414307447337e+002, -9.6382996539538995e-002, 1.2857860614641593e+001, 0.0000000000000000e+000, 1.3999999999999999e+000, 2.3168863296284886e-001
10200, 2.5701361995226100e+004, 4.0339139663738771e-001, 2.2195621385444809e+002, -9.5790885533395764e-002, 1.2950847329428507e+001, 0.0000000000000000e+000, 1.3999999999999999e+000, 2.3168863218618194e-001
10300, 2.5309484458179249e+004, 3.9840372277961661e-001, 2.2130830498694371e+002, -9.5276941457031958e-002, 1.3039958060833735e+001, 0.0000000000000000e+000, 1.3999999999999999e+000, 2.3168863272086826e-001
10400, 2.4922471352085311e+004, 3.9346351996532025e-001, 2.2066041647100138e+002, -9.4836912364036852e-002, 1.3125190378119999e+001, 0.0000000000000000e+000, 1.3999999999999999e+000, 2.3168863396394040e-001
10500, 2.4540276125741610e+004, 3.8857047185119131e-001, 2.2001254830566208e+002, -9.4466522917168783e-002, 1.3206545181072959e+001, 0.0000000000000000e+000, 1.3999999999999999e+000, 2.3168863536019432e-001
10600, 2.4162852540934611e+004, 3.8372426330089965e-001, 2.1936470048996711e+002, -9.4161510323265959e-002, 1.3284020924522492e+001, 0.0000000000000000e+000, 1.3999999999999999e+000, 2.3168863653045679e-001
10700, 2.3790154671221451e+004, 3.7892458038385712e-001, 2.1871687302295763e+002, -9.3917612152648267e-002, 1.3357616202429973e+001, 0.0000000000000000e+000, 1.3999999999999999e+000, 2.3168863635379824e-001
10800, 2.3422136900713173e+004, 3.7417111037398471e-001, 2.1806906590367495e+002, -9.3730556844952240e-002, 1.3427331693918934e+001, 0.0000000000000000e+000, 1.3999999999999999e+000, 2.3168863529290495e-001
10900, 2.3058753922859203e+004, 3.6946354174847579e-001, 2.1742127913116042e+002, -9.3596083274156833e-002, 1.3493165340804460e+001, 0.0000000000000000e+000, 1.3999999999999999e+000, 2.3168863450395569e-001
11000, 2.2699960739233356e+004, 3.6480156418656023e-001, 2.1677351270445553e+002, -9.3509922408164942e-002, 1.3555117681152394e+001, 0.0000000000000000e+000, 1.3999999999999999e+000, 2.3168863354029604e-001
11100, 2.2346057044663878e+004, 3.5931885795401386e-001, 2.1664999999999998e+002, -9.3467809757534465e-002, 1.3613187341214994e+001, 0.0000000000000000e+000, 1.3999999999999999e+000, 2.3168863291888026e-001
11200, 2.1997662960050086e+004, 3.5371677055438222e-001, 2.1664999999999998e+002, -9.3465478677713557e-002, 1.3667373100547614e+001, 0.0000000000000000e+000, 1.3999999999999999e+000, 2.3168863306963675e-001
11300, 2.1654711323217536e+004, 3.4820219631724370e-001, 2.1664999999999998e+002, -9.3498664603759885e-002, 1.3717675269734732e+001, 0.0000000000000000e+000, 1.3999999999999999e+000, 2.3168863348466945e-001
11400, 2.1317116948048133e+004, 3.4277376547169836e-001, 2.1664999999999998e+002, -9.3563101012425334e-002, 1.3764092177516430e+001, 0.0000000000000000e+000, 1.3999999999999999e+000, 2.3168863444854584e-001
11500, 2.0984795984378950e+004, 3.3743012972866232e-001, 2.1664999999999998e+002, -9.3654521925282772e-002, 1.3806623972843690e+001, 0.0000000000000000e+000, 1.3999999999999999e+000, 2.3168863588219166e-001
11600, 2.0657665897009902e+004, 3.3216996194331638e-001, 2.1664999999999998e+002, -9.3768661284732782e-002, 1.3845269468492921e+001, 0.0000000000000000e+000, 1.3999999999999999e+000, 2.3168863600720135e-001
11700, 2.0335645445041919e+004, 3.2699195578286933e-001, 2.1664999999999998e+002, -9.3901252569347837e-002, 1.3880027643213941e+001, 0.0000000000000000e+000, 1.3999999999999999e+000, 2.3168863590240682e-001
11800, 2.0018654661540393e+004, 3.2189482539955122e-001, 2.1664999999999998e+002, -9.4048032846332077e-002, 1.3910898427242399e+001, 0.0000000000000000e+000, 1.3999999999999999e+000, 2.3168863506271709e-001
11900, 1.9706614833518750e+004, 3.1687730510875445e-001, 2.1664999999999998e+002, -9.4204731860148216e-002, 1.3937880507386117e+001, 0.0000000000000000e+000, 1.3999999999999999e+000, 2.3168863428591896e-001
12000, 1.9399448482237196e+004, 3.1193814907224260e-001, 2.1664999999999998e+002, -9.4367088915870173e-002, 1.3960973683154329e+001, 0.0000000000000000e+000, 1.3999999999999999e+000, 2.3168863411124119e-001
12100, 1.9097079343811522e+004, 3.0707613098634512e-001, 2.1664999999999998e+002, -9.4530835600705201e-002, 1.3980176952195494e+001, 0.0000000000000000e+000, 1.3999999999999999e+000, 2.3168863372019080e-001
12200, 1.8799432350127256e+004, 3.0229004377506163e-001, 2.1664999999999998e+002, -9.4691703435828403e-002, 1.3995489460097478e+001, 0.0000000000000000e+000, 1.3999999999999999e+000, 2.3168863408107157e-001
12300, 1.8506433610054100e+004, 2.9757869928799513e-001, 2.1664999999999998e+002, -9.4845431107487221e-002, 1.4006910773897697e+001, 0.0000000000000000e+000, 1.3999999999999999e+000, 2.3168863489065697e-001
12400, 1.8218010390956260e+004, 2.9294092800304250e-001, 2.1664999999999998e+002, -9.4987749108787989e-002, 1.4014439963290824e+001, 0.0000000000000000e+000, 1.3999999999999999e+000, 2.3168863459453537e-001
12500, 1.7934091100493588e+004, 2.8837557873376179e-001, 2.1664999999999998e+002, -9.5114394165483840e-002, 1.4018076445211832e+001, 0.0000000000000000e+000, 1.3999999999999999e+000, 2.3168863447456392e-001
12600, 1.7654605268709303e+004, 2.8388151834134734e-001, 2.1664999999999998e+002, -9.5221098710226049e-002, 1.4017819405032464e+001, 0.0000000000000000e+000, 1.3999999999999999e+000, 2.3168863402859552e-001
12700, 1.7379483530399611e+004, 2.7945763145113789e-001, 2.1664999999999998e+002, -9.5303598688565846e-002, 1.4013668167809184e+001, 0.0000000000000000e+000, 1.3999999999999999e+000, 2.3168863399361439e-001
12800, 1.7108657607760753e+004, 2.7510282017358528e-001, 2.1664999999999998e+002, -9.5357626743926796e-002, 1.4005621946810402e+001, 0.0000000000000000e+000, 1.3999999999999999e+000, 2.3168863422228070e-001
12900, 1.6842060293309249e+004, 2.7081600382961657e-001, 2.1664999999999998e+002, -9.5378917822006637e-002, 1.3993680161691662e+001, 0.0000000000000000e+000, 1.3999999999999999e+000, 2.3168863469212445e-001
13000, 1.6579625433070822e+004, 2.6659611868031635e-001, 2.1664999999999998e+002, -9.5363204337262447e-002, 1.3977841871458931e+001, 0.0000000000000000e+000, 1.3999999999999999e+000, 2.3168863441463378e-001
13100, 1.6321287910033945e+004, 2.6244211766086378e-001, 2.1664999999999998e+002, -9.5306223000470550e-002, 1.3958106445423702e+001, 0.0000000000000000e+000, 1.3999999999999999e+000, 2.3168863420065422e-001
13200, 1.6066983627863772e+004, 2.5835297011865693e-001, 2.1664999999999998e+002, -9.5203708012530461e-002, 1.3934473393998555e+001, 0.0000000000000000e+000, 1.3999999999999999e+000, 2.3168863390476260e-001
13300, 1.5816649494872330e+004, 2.5432766155555747e-001, 2.1664999999999998e+002, -9.5051389955436730e-002, 1.3906941558817181e+001, 0.0000000000000000e+000, 1.3999999999999999e+000, 2.3168863396887562e-001
13400, 1.5570223408240969e+004, 2.5036519337419211e-001, 2.1664999999999998e+002, -9.4845007317026955e-002, 1.3875510730362562e+001, 0.0000000000000000e+000, 1.3999999999999999e+000, 2.3168863440840640e-001
13500, 1.5327644238491033e+004, 2.4646458262824419e-001, 2.1664999999999998e+002, -9.4580290903362604e-002, 1.3840179594918551e+001, 0.0000000000000000e+000, 1.3999999999999999e+000, 2.3168863464528811e-001
13600, 1.5088851814198955e+004, 2.4262486177667728e-001, 2.1664999999999998e+002, -9.4252974658848410e-002, 1.3800947705168989e+001, 0.0000000000000000e+000, 1.3999999999999999e+000, 2.3168863457896746e-001
13700, 1.4853786906951755e+004, 2.3884507844182271e-001, 2.1664999999999998e+002, -9.3858799278076901e-002, 1.3757814770579486e+001, 0.0000000000000000e+000, 1.3999999999999999e+000, 2.3168863402604825e-001
13800, 1.4622391216539296e+004, 2.3512429517127520e-001, 2.1664999999999998e+002, -9.3393489605716765e-002, 1.3710779241640259e+001, 0.0000000000000000e+000, 1.3999999999999999e+000, 2.3168863382800678e-001
13900, 1.4394607356379540e+004, 2.3146158920353468e-001, 2.1664999999999998e+002, -9.2852788180983720e-002, 1.3659841298786663e+001, 0.0000000000000000e+000, 1.3999999999999999e+000, 2.3168863399042056e-001
14000, 1.4170378839173023e+004, 2.2785605223733391e-001, 2.1664999999999998e+002, -9.2232419733100701e-002, 1.3604999241318822e+001, 0.0000000000000000e+000, 1.3999999999999999e+000, 2.3168863448029103e-001
14100, 1.3949650062783090e+004, 2.2430679020459615e-001, 2.1664999999999998e+002, -9.1528123417056323e-002, 1.3546252815900983e+001, 0.0000000000000000e+000, 1.3999999999999999e+000, 2.3168863461265352e-001
14200, 1.3732366296338234e+004, 2.2081292304696459e-001, 2.1664999999999998e+002, -9.0735641080097643e-002, 1.3483601909844028e+001, 0.0000000000000000e+000, 1.3999999999999999e+000, 2.3168863460297587e-001
14300, 1.3518473666553025e+004, 2.1737358449584623e-001, 2.1664999999999998e+002, -8.9850692132202911e-002, 1.3417044620776037e+001, 0.0000000000000000e+000, 1.3999999999999999e+000, 2.3168863406732337e-001
14400, 1.3307919144264299e+004, 2.1398792185591736e-001, 2.1664999999999998e+002, -8.8869026527463160e-002, 1.3346581476030003e+001, 0.0000000000000000e+000, 1.3999999999999999e+000, 2.3168863381645774e-001
14500, 1.3100650531179057e+004, 2.1065509579203304e-001, 2.1664999999999998e+002, -8.7786360931653706e-002, 1.3272210425565328e+001, 0.0000000000000000e+000, 1.3999999999999999e+000, 2.3168863418803895e-001
14600, 1.2896616446830863e+004, 2.0737428011948950e-001, 2.1664999999999998e+002, -8.6598437159721889e-002, 1.3193931386233235e+001, 0.0000000000000000e+000, 1.3999999999999999e+000, 2.3168863435474221e-001
14700, 1.2695766315741421e+004, 2.0414466159758538e-001, 2.1664999999999998e+002, -8.5301004560756136e-002, 1.3111744447805526e+001, 0.0000000000000000e+000, 1.3999999999999999e+000, 2.3168863434989237e-001
14800, 1.2498050354783996e+004, 2.0096543972642902e-001, 2.1664999999999998e+002, -8.3889769045581361e-002, 1.3025647312851053e+001, 0.0000000000000000e+000, 1.3999999999999999e+000, 2.3168863407843721e-001
14900, 1.2303419560745739e+004, 1.9783582654694376e-001, 2.1664999999999998e+002, -8.2360493567155593e-002, 1.2935640898781898e+001, 0.0000000000000000e+000, 1.3999999999999999e+000, 2.3168863406419535e-001
15000, 1.2111825698085453e+004, 1.9475504644401589e-001, 2.1664999999999998e+002, -8.0708883669796699e-002, 1.2841722776670377e+001, 0.0000000000000000e+000, 1.3999999999999999e+000, 2.3168863408146761e-001
15100, 1.1923221286884043e+004, 1.9172233595274096e-001, 2.1664999999999998e+002, -7.8932433155724943e-002, 1.2743916951844916e+001, 0.0000000000000000e+000, 1.3999999999999999e+000, 2.3168863471133438e-001
15200, 1.1737559590984391e+004, 1.8873694356771620e-001, 2.1664999999999998e+002, -7.7035626641112451e-002, 1.2642343189478579e+001, 0.0000000000000000e+000, 1.3999999999999999e+000, 2.3168863522976826e-001
15300, 1.1554794606317773e+004, 1.8579812955533215e-001, 2.1664999999999998e+002, -7.5024640998624437e-002, 1.2537142221705716e+001, 0.0000000000000000e+000, 1.3999999999999999e+000, 2.3168863508574083e-001
15400, 1.1374881049413836e+004, 1.8290516576901600e-001, 2.1664999999999998e+002, -7.2905729652699813e-002, 1.2428458725939542e+001, 0.0000000000000000e+000, 1.3999999999999999e+000, 2.3168863444030735e-001
15500, 1.1197774346091268e+004, 1.8005733546738067e-001, 2.1664999999999998e+002, -7.0685060244858502e-002, 1.2316433299454863e+001, 0.0000000000000000e+000, 1.3999999999999999e+000, 2.3168863401969322e-001
15600, 1.1023430620326313e+004, 1.7725393313523319e-001, 2.1664999999999998e+002, -6.8368868415458930e-002, 1.2201209634899691e+001, 0.0000000000000000e+000, 1.3999999999999999e+000, 2.3168863369209486e-001
15700, 1.0851806683296329e+004, 1.7449426430739801e-001, 2.1664999999999998e+002, -6.5963391242075037e-002, 1.2082931552942714e+001, 0.0000000000000000e+000, 1.3999999999999999e+000, 2.3168863413254265e-001
15800, 1.0682860022595572e+004, 1.7177764539530962e-001, 2.1664999999999998e+002, -6.3474792414062425e-002, 1.1961739458847982e+001, 0.0000000000000000e+000, 1.3999999999999999e+000, 2.3168863534391346e-001
15900, 1.0516548791620655e+004, 1.6910340351633329e-001, 2.1664999999999998e+002, -6.0909334302395417e-002, 1.1837778345548609e+001, 0.0000000000000000e+000, 1.3999999999999999e+000, 2.3168863541276366e-001
16000, 1.0352831799122749e+004, 1.6647087632576746e-001, 2.1664999999999998e+002, -5.8273182419438380e-002, 1.1711188517235099e+001, 0.0000000000000000e+000, 1.3999999999999999e+000, 2.3168863448426244e-001
16100, 1.0191668498924169e+004, 1.6387941185148869e-001, 2.1664999999999998e+002, -5.5572570491834283e-002, 1.1582113801138394e+001, 0.0000000000000000e+000, 1.3999999999999999e+000, 2.3168863373434281e-001
16200, 1.0033018979796612e+004, 1.6132836833119660e-001, 2.1664999999999998e+002, -5.2813711276165215e-002, 1.1450696886699971e+001, 0.0000000000000000e+000, 1.3999999999999999e+000, 2.3168863368180223e-001
16300, 9.8768439554984598e+003, 1.5881711405221616e-001, 2.1664999999999998e+002, -5.0002873234838624e-002, 1.1317083008107257e+001, 0.0000000000000000e+000, 1.3999999999999999e+000, 2.3168863375847623e-001
16400, 9.7231047549687901e+003, 1.5634502719382001e-001, 2.1664999999999998e+002, -4.7146162759056517e-002, 1.1181409750531653e+001, 0.0000000000000000e+000, 1.3999999999999999e+000, 2.3168863476415158e-001
16500, 9.5717633126754881e+003, 1.5391149567202844e-001, 2.1664999999999998e+002, -4.4249844043090909e-002, 1.1043822300953432e+001, 0.0000000000000000e+000, 1.3999999999999999e+000, 2.3168863542029966e-001
16600, 9.4227821591151114e+003, 1.5151591698684966e-001, 2.1664999999999998e+002, -4.1320130797514669e-002, 1.0904463335564138e+001, 0.0000000000000000e+000, 1.3999999999999999e+000, 2.3168863499020784e-001
16700, 9.2761244114620768e+003, 1.4915769807192120e-001, 2.1664999999999998e+002, -3.8363234701515890e-002, 1.0763475529565016e+001, 0.0000000000000000e+000, 1.3999999999999999e+000, 2.3168863476815754e-001
16800, 9.1317537643648320e+003, 1.4683625514651474e-001, 2.1664999999999998e+002, -3.5385427210201666e-002, 1.0621004280551132e+001, 0.0000000000000000e+000, 1.3999999999999999e+000, 2.3168863422132022e-001
16900, 8.9896344808867379e+003, 1.4455101356986774e-001, 2.1664999999999998e+002, -3.2392805448477800e-002, 1.0477186836522248e+001, 0.0000000000000000e+000, 1.3999999999999999e+000, 2.3168863418883234e-001
17000, 8.8497313835892583e+003, 1.4230140769780344e-001, 2.1664999999999998e+002, -2.9391640902614841e-002, 1.0332168561139534e+001, 0.0000000000000000e+000, 1.3999999999999999e+000, 2.3168863433087447e-001
17100, 8.7120098457554122e+003, 1.4008688074160627e-001, 2.1664999999999998e+002, -2.6388146732497522e-002, 1.0186092138734933e+001, 0.0000000000000000e+000, 1.3999999999999999e+000, 2.3168863403514176e-001
17200, 8.5764357827510703e+003, 1.3790688462911366e-001, 2.1664999999999998e+002, -2.3388531977750204e-002, 1.0039100229260804e+001, 0.0000000000000000e+000, 1.3999999999999999e+000, 2.3168863416370772e-001
17300, 8.4429756435220643e+003, 1.3576087986799176e-001, 2.1664999999999998e+002, -2.0399071098831260e-002, 9.8913383348942006e+000, 0.0000000000000000e+000, 1.3999999999999999e+000, 2.3168863434722076e-001
17400, 8.3115964022249409e+003, 1.3364833541116014e-001, 2.1664999999999998e+002, -1.7425859369817182e-002, 9.7429434982969862e+000, 0.0000000000000000e+000, 1.3999999999999999e+000, 2.3168863483370386e-001
17500, 8.1822655499892053e+003, 1.3156872852433085e-001, 2.1664999999999998e+002, -1.4475169582051126e-002, 9.5940611922653058e+000, 0.0000000000000000e+000, 1.3999999999999999e+000, 2.3168863426185857e-001
17600, 8.0549510868090574e+003, 1.2952154465562934e-001, 2.1664999999999998e+002, -1.1553212893974820e-002, 9.4448340968780062e+000, 0.0000000000000000e+000, 1.3999999999999999e+000, 2.3168863358389702e-001
17700, 7.9296215135625698e+003, 1.2750627730726530e-001, 2.1664999999999998e+002, -8.6662009345021378e-003, 9.2954048795514659e+000, 0.0000000000000000e+000, 1.3999999999999999e+000, 2.3168863403924272e-001
17800, 7.8062458241561671e+003, 1.2552242790921753e-001, 2.1664999999999998e+002, -5.8204017234500336e-003, 9.1459190697907768e+000, 0.0000000000000000e+000, 1.3999999999999999e+000, 2.3168863486446495e-001
17900, 7.6847934977926734e+003, 1.2356950569490634e-001, 2.1664999999999998e+002, -3.0219200614445049e-003, 8.9965136246899160e+000, 0.0000000000000000e+000, 1.3999999999999999e+000, 2.3168863458604616e-001
18000, 7.5652344913607894e+003, 1.2164702757881832e-001, 2.1664999999999998e+002, -2.7702376970281585e-004, 8.8473340808933933e+000, 0.0000000000000000e+000, 1.3999999999999999e+000, 2.3168863384912181e-001
18100, 7.4475392319441562e+003, 1.1975451803605382e-001, 2.1664999999999998e+002, 2.4080758044392079e-003, 8.6985231071597884e+000, 0.0000000000000000e+000, 1.3999999999999999e+000, 2.3168863363649664e-001
18200, 7.3316786094481267e+003, 1.1789150898376755e-001, 2.1664999999999998e+002, 5.0271662263822337e-003, 8.5502233734923365e+000, 0.0000000000000000e+000, 1.3999999999999999e+000, 2.3168863468017475e-001
18300, 7.2176239693423840e+003, 1.1605753966447155e-001, 2.1664999999999998e+002, 7.5739844879303174e-003, 8.4025803654078519e+000, 0.0000000000000000e+000, 1.3999999999999999e+000, 2.3168863449110341e-001
18400, 7.1053471055175669e+003, 1.1425215653117174e-001, 2.1664999999999998e+002, 1.0042417648766273e-002, 8.2557311168609147e+000, 0.0000000000000000e+000, 1.3999999999999999e+000, 2.3168863388523278e-001
18500, 6.9948202532541482e+003, 1.1247491313430916e-001, 2.1664999999999998e+002, 1.2426200242726922e-002, 8.1098211288676936e+000, 0.0000000000000000e+000, 1.3999999999999999e+000, 2.3168863377212784e-001
18600, 6.8860160823017577e+003, 1.1072537001047729e-001, 2.1664999999999998e+002, 1.4719122978027799e-002, 7.9649930632092492e+000, 0.0000000000000000e+000, 1.3999999999999999e+000, 2.3168863431485068e-001
18700, 6.7789076900672262e+003, 1.0900309457288761e-001, 2.1664999999999998e+002, 1.6914972199809933e-002, 7.8213896074861839e+000, 0.0000000000000000e+000, 1.3999999999999999e+000, 2.3168863505540455e-001
18800, 6.6734685949096338e+003, 1.0730766100355563e-001, 2.1664999999999998e+002, 1.9007494147827042e-002, 7.6791561256183813e+000, 0.0000000000000000e+000, 1.3999999999999999e+000, 2.3168863430702549e-001
18900, 6.5696727295407472e+003, 1.0563865014718161e-001, 2.1664999999999998e+002, 2.0990557874553738e-002, 7.5384298621661090e+000, 0.0000000000000000e+000, 1.3999999999999999e+000, 2.3168863365285136e-001
19000, 6.4674944345289950e+003, 1.0399564940669624e-001, 2.1664999999999998e+002, 2.2857908927149277e-002, 7.3993562169449847e+000, 0.0000000000000000e+000, 1.3999999999999999e+000, 2.3168863343667778e-001
19100, 6.3669084519056314e+003, 1.0237825264044928e-001, 2.1664999999999998e+002, 2.4603334744156113e-002, 7.2620778648988331e+000, 0.0000000000000000e+000, 1.3999999999999999e+000, 2.3168863432202885e-001
19200, 6.2678899188712257e+003, 1.0078606006101164e-001, 2.1664999999999998e+002, 2.6220622027605410e-002, 7.1267374777201997e+000, 0.0000000000000000e+000, 1.3999999999999999e+000, 2.3168863521817318e-001
19300, 6.1704143616010306e+003, 9.9218678135567132e-002, 2.1664999999999998e+002, 2.7703531964791334e-002, 6.9934802426167728e+000, 0.0000000000000000e+000, 1.3999999999999999e+000, 2.3168863494579719e-001
19400, 6.0744576891476845e+003, 9.7675719487869725e-002, 2.1664999999999998e+002, 2.9045906260592988e-002, 6.8624437613120683e+000, 0.0000000000000000e+000, 1.3999999999999999e+000, 2.3168863404334381e-001
19500, 5.9799961874396131e+003, 9.6156802801739175e-002, 2.1664999999999998e+002, 3.0241504649733464e-002, 6.7337732481912438e+000, 0.0000000000000000e+000, 1.3999999999999999e+000, 2.3168863356609543e-001
19600, 5.8870065133737371e+003, 9.4661552726073350e-002, 2.1664999999999998e+002, 3.1284112857857420e-002, 6.6076113989279852e+000, 0.0000000000000000e+000, 1.3999999999999999e+000, 2.3168863357830927e-001
19700, 5.7954656890009364e+003, 9.3189599781352023e-002, 2.1664999999999998e+002, 3.2167521259545036e-002, 6.4841008670668501e+000, 0.0000000000000000e+000, 1.3999999999999999e+000, 2.3168863511329651e-001
19800, 5.7053510958028164e+003, 9.1740580267608715e-002, 2.1664999999999998e+002, 3.2885499601319687e-002, 6.3633866117698794e+000, 0.0000000000000000e+000, 1.3999999999999999e+000, 2.3168863576257800e-001
19900, 5.6166404690583840e+003, 9.0314136173848286e-002, 2.1664999999999998e+002, 3.3431867748982061e-002, 6.2456066921853042e+000, 0.0000000000000000e+000, 1.3999999999999999e+000, 2.3168863494997283e-001
20000, 5.5293118922991498e+003, 8.8909915088886446e-002, 2.1664999999999998e+002, 3.3800394134673471e-002, 6.1309061143555841e+000, 0.0000000000000000e+000, 1.3999999999999999e+000, 2.3168863393893768e-001
20100, 5.4433464516200074e+003, 8.7512810865828294e-002, 2.1668664442690184e+002, 3.3986829429363569e-002, 6.0193960725447839e+000, 0.0000000000000000e+000, 1.3999999999999999e+000, 2.3168863344778309e-001
20200, 5.3587509939161382e+003, 8.6113277499960852e-002, 2.1678601345843774e+002, 3.3994773808330742e-002, 5.9110617882803735e+000, 0.0000000000000000e+000, 1.3999999999999999e+000, 2.3168863347042890e-001
20300, 5.2755106973156817e+003, 8.4736794776167149e-002, 2.1688537937352379e+002, 3.3829795289008577e-002, 5.8058590077625416e+000, 0.0000000000000000e+000, 1.3999999999999999e+000, 2.3168863497073114e-001
20400, 5.1936032068176964e+003, 8.3382972059542440e-002, 2.1698474217230660e+002, 3.3497447401985195e-002, 5.7037374640587224e+000, 0.0000000000000000e+000, 1.3999999999999999e+000, 2.3168863610255866e-001
20500, 5.1130065468258599e+003, 8.2051425520876770e-002, 2.1708410185493278e+002, 3.3003296131822318e-002, 5.6046529549523907e+000, 0.0000000000000000e+000, 1.3999999999999999e+000, 2.3168863564657127e-001
20600, 5.0336991145293032e+003, 8.0741778014858406e-002, 2.1718345842154895e+002, 3.2352904911233729e-002, 5.5085592200626152e+000, 0.0000000000000000e+000, 1.3999999999999999e+000, 2.3168863468610904e-001
20700, 4.9556596734021723e+003, 7.9453658960516621e-002, 2.1728281187230161e+002, 3.1551832828156511e-002, 5.4154100405611310e+000, 0.0000000000000000e+000, 1.3999999999999999e+000, 2.3168863406138157e-001
20800, 4.8788673468192746e+003, 7.8186704223853737e-002, 2.1738216220733739e+002, 3.0605666611025435e-002, 5.3251608359805820e+000, 0.0000000000000000e+000, 1.3999999999999999e+000, 2.3168863416490076e-001
20900, 4.8033016117863981e+003, 7.6940556002637564e-002, 2.1748150942680283e+002, 2.9519926100136845e-002, 5.2377619345051363e+000, 0.0000000000000000e+000, 1.3999999999999999e+000, 2.3168863444467125e-001
21000, 4.7289422927826772e+003, 7.5714862713304465e-002, 2.1758085353084448e+002, 2.8300195967202298e-002, 5.1531688392218182e+000, 0.0000000000000000e+000, 1.3999999999999999e+000, 2.3168863435782527e-001
21100, 4.6557695557129337e+003, 7.4509278879933666e-002, 2.1768019451960888e+002, 2.6952035762142331e-002, 5.0713352890347583e+000, 0.0000000000000000e+000, 1.3999999999999999e+000, 2.3168863389477742e-001
21200, 4.5837639019683720e+003, 7.3323465025259910e-002, 2.1777953239324259e+002, 2.5481009845069447e-002, 4.9922150548491517e+000, 0.0000000000000000e+000, 1.3999999999999999e+000, 2.3168863445924245e-001
21300, 4.5129061625933491e+003, 7.2157087563681735e-002, 2.1787886715189211e+002, 2.3892711827027152e-002, 4.9157633154991229e+000, 0.0000000000000000e+000, 1.3999999999999999e+000, 2.3168863455505040e-001
21400, 4.4431774925561504e+003, 7.1009818696225663e-002, 2.1797819879570395e+002, 2.2192640220219658e-002, 4.8419309077388055e+000, 0.0000000000000000e+000, 1.3999999999999999e+000, 2.3168863412131516e-001
21500, 4.3745593651221388e+003, 6.9881336307434067e-002, 2.1807752732482462e+002, 2.0386391084535372e-002, 4.7706730799869392e+000, 0.0000000000000000e+000, 1.3999999999999999e+000, 2.3168863390464961e-001
21600, 4.3070335663274409e+003, 6.8771323864141268e-002, 2.1817685273940063e+002, 1.8479523069290960e-002, 4.7019435688799778e+000, 0.0000000000000000e+000, 1.3999999999999999e+000, 2.3168863429190417e-001
21700, 4.2405821895509725e+003, 6.7679470316096751e-002, 2.1827617503957845e+002, 1.6477602995532276e-002, 4.6356961463276125e+000, 0.0000000000000000e+000, 1.3999999999999999e+000, 2.3168863467482964e-001
21800, 4.1751876301832763e+003, 6.6605469998405040e-002, 2.1837549422550458e+002, 1.4386229411865029e-002, 4.5718857474415886e+000, 0.0000000000000000e+000, 1.3999999999999999e+000, 2.3168863432247538e-001
21900, 4.1108325803905182e+003, 6.5549022535750373e-002, 2.1847481029732546e+002, 1.2210889519019833e-002, 4.5104637040927402e+000, 0.0000000000000000e+000, 1.3999999999999999e+000, 2.3168863353669830e-001
22000, 4.0475000239713559e+003, 6.4509832748363610e-002, 2.1857412325518757e+002, 9.9571810483880651e-003, 4.4513849951408178e+000, 0.0000000000000000e+000, 1.3999999999999999e+000, 2.3168863392865852e-001
22100, 3.9851732313057819e+003, 6.3487610559712013e-002, 2.1867343309923737e+002, 7.6306674367459231e-003, 4.3946033910168429e+000, 0.0000000000000000e+000, 1.3999999999999999e+000, 2.3168863483137178e-001
22200, 3.9238357543935617e+003, 6.2482070905868110e-002, 2.1877273982962126e+002, 5.2369115119379169e-003, 4.3400726368877658e+000, 0.0000000000000000e+000, 1.3999999999999999e+000, 2.3168863491602149e-001
22300, 3.8634714219808739e+003, 6.1492933646530142e-002, 2.1887204344648572e+002, 2.7815232315204696e-003, 4.2877474655038590e+000, 0.0000000000000000e+000, 1.3999999999999999e+000, 2.3168863433874134e-001
22400, 3.8040643347738369e+003, 6.0519923477668207e-002, 2.1897134394997713e+002, 2.6997163218166171e-004, 4.2375796371296861e+000, 0.0000000000000000e+000, 1.3999999999999999e+000, 2.3168863325196210e-001
22500, 3.7455988607367481e+003, 5.9562769845755932e-002, 2.1907064134024193e+002, -2.2921357016135167e-003, 4.1895239203187389e+000, 0.0000000000000000e+000, 1.3999999999999999e+000, 2.3168863364811310e-001
22600, 3.6880596304740511e+003, 5.8621206863567282e-002, 2.1916993561742655e+002, -4.8992346811066664e-003, 4.1435340730740489e+000, 0.0000000000000000e+000, 1.3999999999999999e+000, 2.3168863494100420e-001
22700, 3.6314315326941332e+003, 5.7694973227503270e-002, 2.1926922678167730e+002, -7.5457653409400430e-003, 4.0995638448307981e+000, 0.0000000000000000e+000, 1.3999999999999999e+000, 2.3168863514711979e-001
22800, 3.5756997097536450e+003, 5.6783812136422709e-002, 2.1936851483314067e+002, -1.0226109937682333e-002, 4.0575677779325332e+000, 0.0000000000000000e+000, 1.3999999999999999e+000, 2.3168863450991115e-001
22900, 3.5208495532808670e+003, 5.5887471211949313e-002, 2.1946779977196297e+002, -1.2934813693506421e-002, 4.0174980185653490e+000, 0.0000000000000000e+000, 1.3999999999999999e+000, 2.3168863332567344e-001
23000, 3.4668666998765525e+003, 5.5005702420224983e-002, 2.1956708159829057e+002, -1.5666258879896248e-002, 3.9793091489595502e+000, 0.0000000000000000e+000, 1.3999999999999999e+000, 2.3168863287859967e-001
23100, 3.4137370268909676e+003, 5.4138261995084633e-002, 2.1966636031226986e+002, -1.8414884512141547e-002, 3.9429549157611139e+000, 0.0000000000000000e+000, 1.3999999999999999e+000, 2.3168863454548075e-001
23200, 3.3614466482758075e+003, 5.3284910362627239e-002, 2.1976563591404715e+002, -2.1175127657148133e-002, 3.9083890809449717e+000, 0.0000000000000000e+000, 1.3999999999999999e+000, 2.3168863548131119e-001
23300, 3.3099819105092683e+003, 5.2445412067151108e-002, 2.1986490840376885e+002, -2.3941373551748829e-002, 3.8755660027300363e+000, 0.0000000000000000e+000, 1.3999999999999999e+000, 2.3168863509265730e-001
23400, 3.2593293885935600e+003, 5.1619535698438003e-002, 2.1996417778158121e+002, -2.6708166629220050e-002, 3.8444381759232917e+000, 0.0000000000000000e+000, 1.3999999999999999e+000, 2.3168863436037215e-001
23500, 3.2094758821228925e+003, 5.0807053820350438e-002, 2.2006344404763058e+002, -2.9469889478848890e-002, 3.8149600139337765e+000, 0.0000000000000000e+000, 1.3999999999999999e+000, 2.3168863329927167e-001
23600, 3.1604084114209973e+003, 5.0007742900723351e-002, 2.2016270720206330e+002, -3.2220981292256395e-002, 3.7870852602849925e+000, 0.0000000000000000e+000, 1.3999999999999999e+000, 2.3168863281062160e-001
23700, 3.1121142137470897e+003, 4.9221383242528643e-002, 2.2026196724502566e+002, -3.4955878381759176e-002, 3.7607676685291249e+000, 0.0000000000000000e+000, 1.3999999999999999e+000, 2.3168863452515179e-001
23800, 3.0645807395685533e+003, 4.8447758916281336e-002, 2.2036122417666394e+002, -3.7668966047909917e-002, 3.7359614500057288e+000, 0.0000000000000000e+000, 1.3999999999999999e+000, 2.3168863585556218e-001
23900, 3.0177956488995274e+003, 4.7686657693670566e-002, 2.2046047799712443e+002, -4.0354787802541536e-002, 3.7126194249397644e+000, 0.0000000000000000e+000, 1.3999999999999999e+000, 2.3168863560545414e-001
24000, 2.9717468077041299e+003, 4.6937870982391473e-002, 2.2055972870655339e+002, -4.3007728323634184e-002, 3.6906958230287312e+000, 0.0000000000000000e+000, 1.3999999999999999e+000, 2.3168863491589675e-001
24100, 2.9264222843629386e+003, 4.6201193762152350e-002, 2.2065897630509713e+002, -4.5622225468939306e-002, 3.6701444044988740e+000, 0.0000000000000000e+000, 1.3999999999999999e+000, 2.3168863347433588e-001
24200, 2.8818103462019176e+003, 4.5476424521840773e-002, 2.2075822079290188e+002, -4.8192716360270803e-002, 3.6509189197166956e+000, 0.0000000000000000e+000, 1.3999999999999999e+000, 2.3168863251965907e-001
24300, 2.8378994560823671e+003, 4.4763365197822265e-002, 2.2085746217011388e+002, -5.0713589761570636e-002, 3.6329734614181857e+000, 0.0000000000000000e+000, 1.3999999999999999e+000, 2.3168863266927606e-001
24400, 2.7946782690509594e+003, 4.4061821113353369e-002, 2.2095670043687937e+002, -5.3179381264470464e-002, 3.6162610809957019e+000, 0.0000000000000000e+000, 1.3999999999999999e+000, 2.3168863504132078e-001
24500, 2.7521356290486847e+003, 4.3371600919087060e-002, 2.2105593559334463e+002, -5.5584479052667869e-002, 3.6007359004375816e+000, 0.0000000000000000e+000, 1.3999999999999999e+000, 2.3168863642589574e-001
24600, 2.7102605656777610e+003, 4.2692516534652107e-002, 2.2115516763965582e+002, -5.7923320918068656e-002, 3.5863516735631129e+000, 0.0000000000000000e+000, 1.3999999999999999e+000, 2.3168863627736283e-001
24700, 2.6690422910252933e+003, 4.2024383091283757e-002, 2.2125439657595916e+002, -6.0190344012786133e-002, 3.5730621573539287e+000, 0.0000000000000000e+000, 1.3999999999999999e+000, 2.3168863541928486e-001
24800, 2.6284701965428198e+003, 4.1367018875489089e-002, 2.2135362240240090e+002, -6.2379944377598168e-002, 3.5608213237661541e+000, 0.0000000000000000e+000, 1.3999999999999999e+000, 2.3168863439158136e-001
24900, 2.5885338499806303e+003, 4.0720245273726065e-002, 2.2145284511912718e+002, -6.4486647228505542e-002, 3.5495824582020497e+000, 0.0000000000000000e+000, 1.3999999999999999e+000, 2.3168863416450350e-001
25000, 2.5492229923759160e+003, 4.0083886718078318e-002, 2.2155206472628421e+002, -6.6504839130732657e-002, 3.5392995558320965e+000, 0.0000000000000000e+000, 1.3999999999999999e+000, 2.3168863470167245e-001
25100, 2.5105275350938036e+003, 3.9457770632907764e-002, 2.2165128122401816e+002, -6.8429990918590977e-002, 3.5299314482425452e+000, 0.0000000000000000e+000, 1.3999999999999999e+000, 2.3168863444915624e-001
25200, 2.4724375569201943e+003, 3.8841727382464768e-002, 2.2175049461247519e+002, -7.0261657955796822e-002, 3.5214571311953025e+000, 0.0000000000000000e+000, 1.3999999999999999e+000, 2.3168863374538531e-001
25300, 2.4349433012056816e+003, 3.8235590219441735e-002, 2.2184970489180148e+002, -7.2000389909168641e-002, 3.5138608353926735e+000, 0.0000000000000000e+000, 1.3999999999999999e+000, 2.3168863395694195e-001
25400, 2.3980351730594630e+003, 3.7639195234449946e-002, 2.2194891206214314e+002, -7.3646843221619240e-002, 3.5071263517523730e+000, 0.0000000000000000e+000, 1.3999999999999999e+000, 2.3168863471928580e-001
25500, 2.3617037365923907e+003, 3.7052381306403301e-002, 2.2204811612364634e+002, -7.5201567119901919e-002, 3.5012379077696338e+000, 0.0000000000000000e+000, 1.3999999999999999e+000, 2.3168863471926646e-001
25600, 2.3259397122082887e+003, 3.6474990053792643e-002, 2.2214731707645720e+002, -7.6665143475700137e-002, 3.4961796008977379e+000, 0.0000000000000000e+000, 1.3999999999999999e+000, 2.3168863390494804e-001
25700, 2.2907339739427121e+003, 3.5906865786834663e-002, 2.2224651492072184e+002, -7.8038156096617114e-002, 3.4919354958864464e+000, 0.0000000000000000e+000, 1.3999999999999999e+000, 2.3168863370496923e-001
25800, 2.2560775468481856e+003, 3.5347855460477792e-002, 2.2234570965658637e+002, -7.9321165336273147e-002, 3.4884897330419702e+000, 0.0000000000000000e+000, 1.3999999999999999e+000, 2.3168863431816986e-001
25900, 2.2219616044252184e+003, 3.4797808628251235e-002, 2.2244490128419690e+002, -8.0514811288996971e-002, 3.4858262669656974e+000, 0.0000000000000000e+000, 1.3999999999999999e+000, 2.3168863472194470e-001
26000, 2.1883774660981453e+003, 3.4256577396939755e-002, 2.2254408980369951e+002, -8.1619644497797975e-002, 3.4839292483740283e+000, 0.0000000000000000e+000, 1.3999999999999999e+000, 2.3168863442856752e-001
26100, 2.1553165947350949e+003, 3.3724016382070496e-002, 2.2264327521524029e+002, -8.2636252269581004e-002, 3.4827827583178745e+000, 0.0000000000000000e+000, 1.3999999999999999e+000, 2.3168863376272983e-001
26200, 2.1227705942112802e+003, 3.3199982664196936e-002, 2.2274245751896530e+002, -8.3565221133394540e-002, 3.4823708702684946e+000, 0.0000000000000000e+000, 1.3999999999999999e+000, 2.3168863386856275e-001
26300, 2.0907312070146954e+003, 3.2684335745962946e-002, 2.2284163671502063e+002, -8.4407119139866815e-002, 3.4826776621207500e+000, 0.0000000000000000e+000, 1.3999999999999999e+000, 2.3168863483701410e-001
26400, 2.0591903118936903e+003, 3.2176937509936450e-002, 2.2294081280355232e+002, -8.5162557887283177e-002, 3.4836872281358655e+000, 0.0000000000000000e+000, 1.3999999999999999e+000, 2.3168863485881969e-001
26500, 2.0281399215455419e+003, 3.1677652177196321e-002, 2.2303998578470643e+002, -8.5832111408427531e-002, 3.4853836451555682e+000, 0.0000000000000000e+000, 1.3999999999999999e+000, 2.3168863436751627e-001
26600, 1.9975721803452000e+003, 3.1186346266657474e-002, 2.2313915565862899e+002, -8.6416361124721966e-002, 3.4877509875272494e+000, 0.0000000000000000e+000, 1.3999999999999999e+000, 2.3168863369896364e-001
26700, 1.9674793621137196e+003, 3.0702888555124173e-002, 2.2323832242546601e+002, -8.6915890833668477e-002, 3.4907733403251675e+000, 0.0000000000000000e+000, 1.3999999999999999e+000, 2.3168863346828039e-001
26800, 1.9378538679254368e+003, 3.0227150038054530e-002, 2.2333748608536354e+002, -8.7331280053944429e-002, 3.4944347072741131e+000, 0.0000000000000000e+000, 1.3999999999999999e+000, 2.3168863461699199e-001
26900, 1.9086882239533666e+003, 2.9759003891025960e-002, 2.2343664663846758e+002, -8.7663123274829238e-002, 3.4987193254197577e+000, 0.0000000000000000e+000, 1.3999999999999999e+000, 2.3168863516190902e-001
27000, 1.8799750793520643e+003, 2.9298325431887415e-002, 2.2353580408492414e+002, -8.7912005063537940e-002, 3.5036111927817353e+000, 0.0000000000000000e+000, 1.3999999999999999e+000, 2.3168863468223938e-001
27100, 1.8517072041772549e+003, 2.8844992083585597e-002, 2.2363495842487919e+002, -8.8078502593760641e-002, 3.5090943779407198e+000, 0.0000000000000000e+000, 1.3999999999999999e+000, 2.3168863381496754e-001
27200, 1.8238774873416323e+003, 2.8398883337653578e-002, 2.2373410965847873e+002, -8.8163202243229905e-002, 3.5151529924876952e+000, 0.0000000000000000e+000, 1.3999999999999999e+000, 2.3168863328657924e-001
27300, 1.7964789346061966e+003, 2.7959880718350070e-002, 2.2383325778586874e+002, -8.8166689601117246e-002, 3.5217709718158434e+000, 0.0000000000000000e+000, 1.3999999999999999e+000, 2.3168863380624011e-001
27400, 1.7695046666063895e+003, 2.7527867747435680e-002, 2.2393240280719516e+002, -8.8089550547567855e-002, 3.5289326344694900e+000, 0.0000000000000000e+000, 1.3999999999999999e+000, 2.3168863513114210e-001
27500, 1.7429479169125473e+003, 2.7102729909576805e-002, 2.2403154472260394e+002, -8.7932364525321521e-002, 3.5366219588278169e+000, 0.0000000000000000e+000, 1.3999999999999999e+000, 2.3168863528503308e-001
27600, 1.7168020301239133e+003, 2.6684354618363295e-002, 2.2413068353224108e+002, -8.7695716608297919e-002, 3.5448230239101637e+000, 0.0000000000000000e+000, 1.3999999999999999e+000, 2.3168863479621618e-001
27700, 1.6910604599958233e+003, 2.6272631182932174e-002, 2.2422981923625247e+002, -8.7380194271196254e-002, 3.5535198967584041e+000, 0.0000000000000000e+000, 1.3999999999999999e+000, 2.3168863393217376e-001
27800, 1.6657167675991716e+003, 2.5867450775181433e-002, 2.2432895183478405e+002, -8.6986390585129539e-002, 3.5626964934284460e+000, 0.0000000000000000e+000, 1.3999999999999999e+000, 2.3168863340430482e-001
27900, 1.6407646195119050e+003, 2.5468706397568337e-002, 2.2442808132798174e+002, -8.6514869266673067e-002, 3.5723372391809081e+000, 0.0000000000000000e+000, 1.3999999999999999e+000, 2.3168863312770230e-001
28000, 1.6161977860417201e+003, 2.5076292851477531e-002, 2.2452720771599144e+002, -8.5966225092190901e-002, 3.5824260486687964e+000, 0.0000000000000000e+000, 1.3999999999999999e+000, 2.3168863461483555e-001
28100, 1.5920101394795536e+003, 2.4690106706150832e-002, 2.2462633099895908e+002, -8.5341043303747990e-002, 3.5929469868560000e+000, 0.0000000000000000e+000, 1.3999999999999999e+000, 2.3168863552545862e-001
28200, 1.5681956523833182e+003, 2.4310046268168524e-002, 2.2472545117703052e+002, -8.4639906278180091e-002, 3.6038841448324446e+000, 0.0000000000000000e+000, 1.3999999999999999e+000, 2.3168863509281459e-001
28300, 1.5447483958912208e+003, 2.3936011551470057e-002, 2.2482456825035166e+002, -8.3863413789715874e-002, 3.6152213851478487e+000, 0.0000000000000000e+000, 1.3999999999999999e+000, 2.3168863478977422e-001
28400, 1.5216625380642852e+003, 2.3567904247906789e-002, 2.2492368221906835e+002, -8.3012123238252675e-002, 3.6269432300894877e+000, 0.0000000000000000e+000, 1.3999999999999999e+000, 2.3168863402466064e-001
28500, 1.4989323422574917e+003, 2.3205627698315846e-002, 2.2502279308332649e+002, -8.2086630645296477e-002, 3.6390335255108353e+000, 0.0000000000000000e+000, 1.3999999999999999e+000, 2.3168863292493194e-001
28600, 1.4765521655190296e+003, 2.2849086864105837e-002, 2.2512190084327193e+002, -8.1087517695625444e-002, 3.6514763676995541e+000, 0.0000000000000000e+000, 1.3999999999999999e+000, 2.3168863279391796e-001
28700, 1.4545164570171755e+003, 2.2498188299345218e-002, 2.2522100549905048e+002, -8.0015374137469022e-002, 3.6642558204967401e+000, 0.0000000000000000e+000, 1.3999999999999999e+000, 2.3168863453247870e-001
28800, 1.4328197564942809e+003, 2.2152840123343755e-002, 2.2532010705080799e+002, -7.8870805286809190e-002, 3.6773557335249674e+000, 0.0000000000000000e+000, 1.3999999999999999e+000, 2.3168863582365740e-001
28900, 1.4114566927474377e+003, 2.1812951993719003e-002, 2.2541920549869033e+002, -7.7654351025929574e-002, 3.6907606649599711e+000, 0.0000000000000000e+000, 1.3999999999999999e+000, 2.3168863560235872e-001
29000, 1.3904219821353313e+003, 2.1478435079938570e-002, 2.2551830084284327e+002, -7.6366614110937467e-002, 3.7044544855221360e+000, 0.0000000000000000e+000, 1.3999999999999999e+000, 2.3168863528921091e-001
29100, 1.3697104271107660e+003, 2.1149202037328861e-002, 2.2561739308341262e+002, -7.5008181617148770e-002, 3.7184212273601442e+000, 0.0000000000000000e+000, 1.3999999999999999e+000, 2.3168863467176401e-001
29200, 1.3493169147784913e+003, 2.0825166981543075e-002, 2.2571648222054421e+002, -7.3579639621389317e-002, 3.7326450040732992e+000, 0.0000000000000000e+000, 1.3999999999999999e+000, 2.3168863463295242e-001
29300, 1.3292364154778290e+003, 2.0506245463479334e-002, 2.2581556825438383e+002, -7.2081600014934105e-002, 3.7471096042645198e+000, 0.0000000000000000e+000, 1.3999999999999999e+000, 2.3168863502180295e-001
29400, 1.3094639813897090e+003, 2.0192354444641521e-002, 2.2591465118507722e+002, -7.0514588383803090e-002, 3.7617996679901382e+000, 0.0000000000000000e+000, 1.3999999999999999e+000, 2.3168863464504272e-001
29500, 1.2899947451675689e+003, 1.9883412272933009e-002, 2.2601373101277019e+002, -6.8879215858101167e-002, 3.7766989979442389e+000, 0.0000000000000000e+000, 1.3999999999999999e+000, 2.3168863392225114e-001
29600, 1.2708239185918765e+003, 1.9579338658878325e-002, 2.2611280773760851e+002, -6.7176072662024924e-002, 3.7917916693870466e+000, 0.0000000000000000e+000, 1.3999999999999999e+000, 2.3168863372017318e-001
29700, 1.2519467912477048e+003, 1.9280054652262572e-002, 2.2621188135973790e+002, -6.5405739688638512e-002, 3.8070617798307373e+000, 0.0000000000000000e+000, 1.3999999999999999e+000, 2.3168863423795502e-001
29800, 1.2333587292250243e+003, 1.8985482619182151e-002, 2.2631095187930413e+002, -6.3568833598597191e-002, 3.8224930832852988e+000, 0.0000000000000000e+000, 1.3999999999999999e+000, 2.3168863471970622e-001
29900, 1.2150551738412955e+003, 1.8695546219499214e-002, 2.2641001929645293e+002, -6.1665873694121000e-002, 3.8380702779395279e+000, 0.0000000000000000e+000, 1.3999999999999999e+000, 2.3168863433738746e-001
30000, 1.1970316403859592e+003, 1.8410170384692243e-002, 2.2650908361133003e+002, -5.9697478039916950e-002, 3.8537771518752963e+000, 0.0000000000000000e+000, 1.3999999999999999e+000, 2.3168863364090284e-001
30100, 1.1792837168864949e+003, 1.8129281296096630e-002, 2.2660814482408114e+002, -5.7664669657539726e-002, 3.8696009164521987e+000, 0.0000000000000000e+000, 1.3999999999999999e+000, 2.3168863386613986e-001
30200, 1.1618070628955395e+003, 1.7852806363526173e-002, 2.2670720293485198e+002, -5.5570228162016268e-002, 3.8855413758100457e+000, 0.0000000000000000e+000, 1.3999999999999999e+000, 2.3168863479037716e-001
30300, 1.1445974082988878e+003, 1.7580674204271535e-002, 2.2680625794378824e+002, -5.3417419054930068e-002, 3.9016012012330963e+000, 0.0000000000000000e+000, 1.3999999999999999e+000, 2.3168863491102326e-001
30400, 1.1276505521438019e+003, 1.7312814622465839e-002, 2.2690530985103564e+002, -5.1209384394279023e-002, 3.9177839466142976e+000, 0.0000000000000000e+000, 1.3999999999999999e+000, 2.3168863428658512e-001
30500, 1.1109623614874329e+003, 1.7049158588813149e-002, 2.2700435865673981e+002, -4.8949381927293562e-002, 3.9340922666433342e+000, 0.0000000000000000e+000, 1.3999999999999999e+000, 2.3168863350942154e-001
30600, 1.0945287702649091e+003, 1.6789638220671907e-002, 2.2710340436104644e+002, -4.6640641931880625e-002, 3.9505291115044519e+000, 0.0000000000000000e+000, 1.3999999999999999e+000, 2.3168863388445290e-001
30700, 1.0783457781767761e+003, 1.6534186762487420e-002, 2.2720244696410123e+002, -4.4286375890448190e-002, 3.9670974376540031e+000, 0.0000000000000000e+000, 1.3999999999999999e+000, 2.3168863482675034e-001
30800, 1.0624094495954930e+003, 1.6282738566567843e-002, 2.2730148646604979e+002, -4.1889858340161165e-002, 3.9837999001606281e+000, 0.0000000000000000e+000, 1.3999999999999999e+000, 2.3168863497792971e-001
30900, 1.0467159124905154e+003, 1.6035229074195308e-002, 2.2740052286703781e+002, -3.9454217939980427e-002, 4.0006400630111276e+000, 0.0000000000000000e+000, 1.3999999999999999e+000, 2.3168863421745570e-001
31000, 1.0312613573718454e+003, 1.5791594797069444e-002, 2.2749955616721087e+002, -3.6982720492125455e-002, 4.0176205841959369e+000, 0.0000000000000000e+000, 1.3999999999999999e+000, 2.3168863355220504e-001
31100, 1.0160420362514936e+003, 1.5551773299073705e-002, 2.2759858636671461e+002, -3.4478591755780656e-002, 4.0347444076396881e+000, 0.0000000000000000e+000, 1.3999999999999999e+000, 2.3168863358042505e-001
31200, 1.0010542616227469e+003, 1.5315703178361919e-002, 2.2769761346569470e+002, -3.1945048315013366e-002, 4.0520145059183204e+000, 0.0000000000000000e+000, 1.3999999999999999e+000, 2.3168863471056553e-001
31300, 9.8629440545679176e+002, 1.5083324049757218e-002, 2.2779663746429668e+002, -2.9385367486579030e-002, 4.0694334797389589e+000, 0.0000000000000000e+000, 1.3999999999999999e+000, 2.3168863521378927e-001
31400, 9.7175889821643807e+002, 1.4854576527458425e-002, 2.2789565836266621e+002, -2.6802671267714146e-002, 4.0870049615268949e+000, 0.0000000000000000e+000, 1.3999999999999999e+000, 2.3168863467135839e-001
31500, 9.5744422788668078e+002, 1.4629402208049045e-002, 2.2799467616094881e+002, -2.4200226805827309e-002, 4.1047315764825996e+000, 0.0000000000000000e+000, 1.3999999999999999e+000, 2.3168863393602013e-001
31600, 9.4334693902170454e+002, 1.4407743653801772e-002, 2.2809369085929012e+002, -2.1581258905633071e-002, 4.1226162833908848e+000, 0.0000000000000000e+000, 1.3999999999999999e+000, 2.3168863328532130e-001
31700, 9.2946363180814910e+002, 1.4189544376275003e-002, 2.2819270245783571e+002, -1.8948989413898179e-002, 4.1406620378888670e+000, 0.0000000000000000e+000, 1.3999999999999999e+000, 2.3168863360911660e-001
31800, 9.1579096114432355e+002, 1.3974748820195511e-002, 2.2829171095673109e+002, -1.6306690585178345e-002, 4.1588714346316751e+000, 0.0000000000000000e+000, 1.3999999999999999e+000, 2.3168863489911018e-001
31900, 9.0232563573501011e+002, 1.3763302347621083e-002, 2.2839071635612191e+002, -1.3657482528143514e-002, 4.1772481383327005e+000, 0.0000000000000000e+000, 1.3999999999999999e+000, 2.3168863528083919e-001
32000, 8.8906441720174348e+002, 1.3555151222380475e-002, 2.2848971865615360e+002, -1.1004636197310421e-002, 4.1957947390721477e+000, 0.0000000000000000e+000, 1.3999999999999999e+000, 2.3168863481915355e-001
32100, 8.7600411920809836e+002, 1.3350242594782648e-002, 2.2858871785697178e+002, -8.3514294303465297e-003, 4.2145138536242177e+000, 0.0000000000000000e+000, 1.3999999999999999e+000, 2.3168863402710430e-001
32200, 8.6314232831140441e+002, 1.3144633543456642e-002, 2.2875559908442148e+002, -5.7009268307005026e-003, 4.2334095070378268e+000, 0.0000000000000000e+000, 1.3999999999999999e+000, 2.3168863339705856e-001
32300, 8.5048312808646824e+002, 1.2936174337300758e-002, 2.2903277949233890e+002, -3.0565557699180450e-003, 4.2524832219001629e+000, 0.0000000000000000e+000, 1.3999999999999999e+000, 2.3168863327700695e-001
32400, 8.3802495535350829e+002, 1.2731273575795525e-002, 2.2930995122368080e+002, -4.2133320771413536e-004, 4.2717393990434305e+000, 0.0000000000000000e+000, 1.3999999999999999e+000, 2.3168863406901374e-001
32500, 8.2576437491751983e+002, 1.2529866223291738e-002, 2.2958711427885456e+002, 2.2013123731522096e-003, 4.2911795266623765e+000, 0.0000000000000000e+000, 1.3999999999999999e+000, 2.3168863541452744e-001
32600, 8.1369801441884090e+002, 1.2331888510901811e-002, 2.2986426865826749e+002, 4.8082654753861470e-003, 4.3108072963317108e+000, 0.0000000000000000e+000, 1.3999999999999999e+000, 2.3168863541015919e-001
32700, 8.0182256310844059e+002, 1.2137277910309153e-002, 2.3014141436232697e+002, 7.3963976685846589e-003, 4.3306264198191995e+000, 0.0000000000000000e+000, 1.3999999999999999e+000, 2.3168863462881997e-001
32800, 7.9013477064855806e+002, 1.1945973108150565e-002, 2.3041855139144033e+002, 9.9622962268679626e-003, 4.3506383381377365e+000, 0.0000000000000000e+000, 1.3999999999999999e+000, 2.3168863404321147e-001
32900, 7.7863144593810500e+002, 1.1757913980957928e-002, 2.3069567974601486e+002, 1.2502928610257650e-002, 4.3708475410974454e+000, 0.0000000000000000e+000, 1.3999999999999999e+000, 2.3168863330444570e-001
33000, 7.6730945596231402e+002, 1.1573041570646644e-002, 2.3097279942645784e+002, 1.5014883697480618e-002, 4.3912554413076741e+000, 0.0000000000000000e+000, 1.3999999999999999e+000, 2.3168863313458535e-001
33100, 7.5616572466609909e+002, 1.1391298060538201e-002, 2.3124991043317652e+002, 1.7495037486046677e-002, 4.4118657556716299e+000, 0.0000000000000000e+000, 1.3999999999999999e+000, 2.3168863375962889e-001
33200, 7.4519723185059877e+002, 1.1212626751904419e-002, 2.3152701276657811e+002, 1.9940254740938284e-002, 4.4326822340511649e+000, 0.0000000000000000e+000, 1.3999999999999999e+000, 2.3168863509328691e-001
33300, 7.3440101209241755e+002, 1.1036972041021654e-002, 2.3180410642706974e+002, 2.2347130956362874e-002, 4.4537062631366551e+000, 0.0000000000000000e+000, 1.3999999999999999e+000, 2.3168863578022836e-001
33400, 7.2377415368504546e+002, 1.0864279396722933e-002, 2.3208119141505867e+002, 2.4712630864715378e-002, 4.4749423878193317e+000, 0.0000000000000000e+000, 1.3999999999999999e+000, 2.3168863518327204e-001
33500, 7.1331379760201423e+002, 1.0694495338437205e-002, 2.3235826773095201e+002, 2.7033345991783850e-002, 4.4963919367499621e+000, 0.0000000000000000e+000, 1.3999999999999999e+000, 2.3168863481783078e-001
33600, 7.0301713648127452e+002, 1.0527567414703901e-002, 2.3263533537515687e+002, 2.9306147031851356e-002, 4.5180586925854280e+000, 0.0000000000000000e+000, 1.3999999999999999e+000, 2.3168863458899078e-001
33700, 6.9288141363035572e+002, 1.0363444182152256e-002, 2.3291239434808040e+002, 3.1527900963631415e-002, 4.5399464429003009e+000, 0.0000000000000000e+000, 1.3999999999999999e+000, 2.3168863467266937e-001
33800, 6.8290392205187300e+002, 1.0202075184935076e-002, 2.3318944465012956e+002, 3.3695210660368159e-002, 4.5620564538813353e+000, 0.0000000000000000e+000, 1.3999999999999999e+000, 2.3168863498435890e-001
33900, 6.7308200348890227e+002, 1.0043410934605890e-002, 2.3346648628171147e+002, 3.5805023581607934e-002, 4.5843933979025602e+000, 0.0000000000000000e+000, 1.3999999999999999e+000, 2.3168863472558077e-001
34000, 6.6341304748983862e+002, 9.8874028904301914e-003, 2.3374351924323312e+002, 3.7853954155693634e-002, 4.6069585114996316e+000, 0.0000000000000000e+000, 1.3999999999999999e+000, 2.3168863432909384e-001
34100, 6.5389449049228494e+002, 9.7340034401203045e-003, 2.3402054353510150e+002, 3.9838863840506188e-002, 4.6297555909042849e+000, 0.0000000000000000e+000, 1.3999999999999999e+000, 2.3168863405257170e-001
34200, 6.4452381492557845e+002, 9.5831658809845885e-003, 2.3429755915772355e+002, 4.1756603947501192e-002, 4.6527884913999351e+000, 0.0000000000000000e+000, 1.3999999999999999e+000, 2.3168863416431384e-001
34300, 6.3529854833154650e+002, 9.4348444014814327e-003, 2.3457456611150624e+002, 4.3603801652323255e-002, 4.6760584090037849e+000, 0.0000000000000000e+000, 1.3999999999999999e+000, 2.3168863455189034e-001
34400, 6.2621626250310499e+002, 9.2889940631689615e-003, 2.3485156439685650e+002, 4.5377380570913901e-002, 4.6995700701396910e+000, 0.0000000000000000e+000, 1.3999999999999999e+000, 2.3168863439242970e-001
34500, 6.1727457264031148e+002, 9.1455707830414498e-003, 2.3512855401418122e+002, 4.7073980402974884e-002, 4.7233246281821133e+000, 0.0000000000000000e+000, 1.3999999999999999e+000, 2.3168863396730840e-001
34600, 6.0847113652350492e+002, 9.0045313162437461e-003, 2.3540553496388719e+002, 4.8690448989826038e-002, 4.7473259522480893e+000, 0.0000000000000000e+000, 1.3999999999999999e+000, 2.3168863398228146e-001
34700, 5.9980365370315531e+002, 8.8658332391550691e-003, 2.3568250724638133e+002, 5.0223624865569964e-002, 4.7715778962753106e+000, 0.0000000000000000e+000, 1.3999999999999999e+000, 2.3168863465536338e-001
34800, 5.9126986470608392e+002, 8.7294349328340959e-003, 2.3595947086207039e+002, 5.1670165862808225e-002, 4.7960815996619051e+000, 0.0000000000000000e+000, 1.3999999999999999e+000, 2.3168863464165243e-001
34900, 5.8286755025768321e+002, 8.5952955668168705e-003, 2.3623642581136122e+002, 5.3026958532862864e-002, 4.8208418688729902e+000, 0.0000000000000000e+000, 1.3999999999999999e+000, 2.3168863415900370e-001
35000, 5.7459453051981757e+002, 8.4633750832599913e-003, 2.3651337209466050e+002, 5.4290683568741518e-002, 4.8458597692933658e+000, 0.0000000000000000e+000, 1.3999999999999999e+000, 2.3168863374298387e-001
35100, 5.6644866434404275e+002, 8.3336341814208379e-003, 2.3679030971237506e+002, 5.5458982053228918e-002, 4.8711378723300758e+000, 0.0000000000000000e+000, 1.3999999999999999e+000, 2.3168863391953673e-001
35200, 5.5842784853985529e+002, 8.2060343024678919e-003, 2.3706723866491154e+002, 5.6532740302108829e-002, 4.8966733717757425e+000, 0.0000000000000000e+000, 1.3999999999999999e+000, 2.3168863452895364e-001
35300, 5.5053001715761081e+002, 8.0805376146130987e-003, 2.3734415895267662e+002, 5.7513540003999004e-002, 4.9224592117801711e+000, 0.0000000000000000e+000, 1.3999999999999999e+000, 2.3168863489991057e-001
35400, 5.4275314078583256e+002, 7.9571069985595651e-003, 2.3762107057607699e+002, 5.8403114375443550e-002, 4.9484922569115115e+000, 0.0000000000000000e+000, 1.3999999999999999e+000, 2.3168863430407552e-001
35500, 5.3509522586258754e+002, 7.8357060332572854e-003, 2.3789797353551933e+002, 5.9203056692421832e-002, 4.9747653938140086e+000, 0.0000000000000000e+000, 1.3999999999999999e+000, 2.3168863386853250e-001
35600, 5.2755431400064947e+002, 7.7162989819602838e-003, 2.3817486783141013e+002, 5.9915063966112209e-002, 5.0012745407347534e+000, 0.0000000000000000e+000, 1.3999999999999999e+000, 2.3168863363319425e-001
35700, 5.2012848132611794e+002, 7.5988507785778340e-003, 2.3845175346415607e+002, 6.0540822179589560e-002, 5.0280155746452619e+000, 0.0000000000000000e+000, 1.3999999999999999e+000, 2.3168863391421782e-001
35800, 5.1281583783026974e+002, 7.4833270143141676e-003, 2.3872863043416365e+002, 6.1081941582029176e-002, 5.0549813699317117e+000, 0.0000000000000000e+000, 1.3999999999999999e+000, 2.3168863507141574e-001
35900, 5.0561452673430432e+002, 7.3696939245893175e-003, 2.3900549874183943e+002, 6.1540125536472007e-002, 5.0821688631827451e+000, 0.0000000000000000e+000, 1.3999999999999999e+000, 2.3168863506012585e-001
36000, 4.9852272386674758e+002, 7.2579183762354234e-003, 2.3928235838758994e+002, 6.1916999905662157e-002, 5.1095708670899160e+000, 0.0000000000000000e+000, 1.3999999999999999e+000, 2.3168863430257938e-001
36100, 4.9153863705323960e+002, 7.1479678549622536e-003, 2.3955920937182162e+002, 6.2214247189267206e-002, 5.1371833214017251e+000, 0.0000000000000000e+000, 1.3999999999999999e+000, 2.3168863370754142e-001
36200, 4.8466050551843347e+002, 7.0398104530857977e-003, 2.3983605169494098e+002, 6.2433531450035662e-002, 5.1650021641015904e+000, 0.0000000000000000e+000, 1.3999999999999999e+000, 2.3168863347280688e-001
36300, 4.7788659929977075e+002, 6.9334148575143995e-003, 2.4011288535735434e+002, 6.2576497060795558e-002, 5.1930201756555334e+000, 0.0000000000000000e+000, 1.3999999999999999e+000, 2.3168863386112518e-001
36400, 4.7121521867286316e+002, 6.8287503379864060e-003, 2.4038971035946818e+002, 6.2644818876534031e-002, 5.2212343874335314e+000, 0.0000000000000000e+000, 1.3999999999999999e+000, 2.3168863499539857e-001
36500, 4.6464469358825903e+002, 6.7257867355541368e-003, 2.4066652670168889e+002, 6.2640150044363435e-002, 5.2496375158672475e+000, 0.0000000000000000e+000, 1.3999999999999999e+000, 2.3168863533653097e-001
36600, 4.5817338311933730e+002, 6.6244944513084115e-003, 2.4094333438442283e+002, 6.2564154509532857e-002, 5.2782255464279109e+000, 0.0000000000000000e+000, 1.3999999999999999e+000, 2.3168863457975622e-001
36700, 4.5179967492110870e+002, 6.5248444353385570e-003, 2.4122013340807629e+002, 6.2418493472617118e-002, 5.3069944708464583e+000, 0.0000000000000000e+000, 1.3999999999999999e+000, 2.3168863369768736e-001
36800, 4.4552198469968897e+002, 6.4268081759225699e-003, 2.4149692377305558e+002, 6.2204828870582804e-002, 5.3359369747501360e+000, 0.0000000000000000e+000, 1.3999999999999999e+000, 2.3168863329100653e-001
36900, 4.3933875569222465e+002, 6.3303576889424422e-003, 2.4177370547976699e+002, 6.1924817571568452e-002, 5.3650501567424698e+000, 0.0000000000000000e+000, 1.3999999999999999e+000, 2.3168863335045295e-001
37000, 4.3324845815705692e+002, 6.2354655075197475e-003, 2.4205047852861676e+002, 6.1580130840701387e-002, 5.3943266808796881e+000, 0.0000000000000000e+000, 1.3999999999999999e+000, 2.3168863434800194e-001
37100, 4.2724958887390125e+002, 6.1421046718665153e-003, 2.4232724292001112e+002, 6.1172421675914045e-002, 5.4237625745276672e+000, 0.0000000000000000e+000, 1.3999999999999999e+000, 2.3168863553685781e-001
37200, 4.2134067065384471e+002, 6.0502487193468272e-003, 2.4260399865435630e+002, 6.0703339952535643e-002, 5.4533538125098042e+000, 0.0000000000000000e+000, 1.3999999999999999e+000, 2.3168863542628521e-001
37300, 4.1552025185895201e+002, 5.9598716747444568e-003, 2.4288074573205841e+002, 6.0174574609975044e-002, 5.4830930828284217e+000, 0.0000000000000000e+000, 1.3999999999999999e+000, 2.3168863462414385e-001
37400, 4.0978690593127732e+002, 5.8709480407319777e-003, 2.4315748415352365e+002, 5.9587749795413585e-002, 5.5129775188746324e+000, 0.0000000000000000e+000, 1.3999999999999999e+000, 2.3168863406171120e-001
37500, 4.0413923093109622e+002, 5.7834527885370964e-003, 2.4343421391915817e+002, 5.8944572475620079e-002, 5.5429997018934767e+000, 0.0000000000000000e+000, 1.3999999999999999e+000, 2.3168863320802421e-001
37600, 3.9857584908416129e+002, 5.6973613488018092e-003, 2.4371093502936802e+002, 5.8246678091865199e-002, 5.5731557063859958e+000, 0.0000000000000000e+000, 1.3999999999999999e+000, 2.3168863317942756e-001
37700, 3.9309540633779119e+002, 5.6126496026301332e-003, 2.4398764748455929e+002, 5.7495700913637322e-002, 5.6034415614575046e+000, 0.0000000000000000e+000, 1.3999999999999999e+000, 2.3168863368137999e-001
37800, 3.8769657192562244e+002, 5.5292938728204802e-003, 2.4426435128513799e+002, 5.6693360143898336e-002, 5.6338498568111177e+000, 0.0000000000000000e+000, 1.3999999999999999e+000, 2.3168863522467123e-001
37900, 3.8237803794082799e+002, 5.4472709152784040e-003, 2.4454104643151024e+002, 5.5841252087441756e-002, 5.6643777898697367e+000, 0.0000000000000000e+000, 1.3999999999999999e+000, 2.3168863591101091e-001
38000, 3.7713851891764983e+002, 5.3665579106061297e-003, 2.4481773292408195e+002, 5.4941110455979013e-002, 5.6950179126642997e+000, 0.0000000000000000e+000, 1.3999999999999999e+000, 2.3168863578108653e-001
38100, 3.7197675142105334e+002, 5.2871324558647062e-003, 2.4509441076325913e+002, 5.3994553970731468e-002, 5.7257663215231931e+000, 0.0000000000000000e+000, 1.3999999999999999e+000, 2.3168863497164918e-001
38200, 3.6689149364435065e+002, 5.2089725565052647e-003, 2.4537107994944773e+002, 5.3003208488712227e-002, 5.7566190255337046e+000, 0.0000000000000000e+000, 1.3999999999999999e+000, 2.3168863434761403e-001
38300, 3.6188152501462315e+002, 5.1320566184656202e-003, 2.4564774048305361e+002, 5.1968815578384328e-002, 5.7875686153602004e+000, 0.0000000000000000e+000, 1.3999999999999999e+000, 2.3168863427944431e-001
38400, 3.5694564580578486e+002, 5.0563634404286765e-003, 2.4592439236448277e+002, 5.0892953287564921e-002, 5.8186123180080358e+000, 0.0000000000000000e+000, 1.3999999999999999e+000, 2.3168863445028498e-001
38500, 3.5208267675913311e+002, 4.9818722062391820e-003, 2.4620103559414102e+002, 4.9777365484897619e-002, 5.8497426547832365e+000, 0.0000000000000000e+000, 1.3999999999999999e+000, 2.3168863456134384e-001
38600, 3.4729145871122478e+002, 4.9085624774752911e-003, 2.4647767017243422e+002, 4.8623672868227732e-002, 5.8809557044911713e+000, 0.0000000000000000e+000, 1.3999999999999999e+000, 2.3168863449156424e-001
38700, 3.4257085222894091e+002, 4.8364141861717879e-003, 2.4675429609976817e+002, 4.7433492712628901e-002, 5.9122475711241238e+000, 0.0000000000000000e+000, 1.3999999999999999e+000, 2.3168863435232620e-001
38800, 3.3791973725157692e+002, 4.7654076276914632e-003, 2.4703091337654865e+002, 4.6208572622340509e-002, 5.9436107227640251e+000, 0.0000000000000000e+000, 1.3999999999999999e+000, 2.3168863441525930e-001
38900, 3.3333701273983303e+002, 4.6955234537417404e-003, 2.4730752200318150e+002, 4.4950480126061065e-002, 5.9750424521619907e+000, 0.0000000000000000e+000, 1.3999999999999999e+000, 2.3168863470698772e-001
39000, 3.2882159633155305e+002, 4.6267426655332497e-003, 2.4758412198007241e+002, 4.3660977911133651e-002, 6.0065352661838034e+000, 0.0000000000000000e+000, 1.3999999999999999e+000, 2.3168863455942595e-001
39100, 3.2437242400407337e+002, 4.5590466070772953e-003, 2.4786071330762712e+002, 4.2341673142508716e-002, 6.0380852444732698e+000, 0.0000000000000000e+000, 1.3999999999999999e+000, 2.3168863430181602e-001
39200, 3.1998844974305484e+002, 4.4924169586193618e-003, 2.4813729598625133e+002, 4.0994179957986779e-002, 6.0696884905076445e+000, 0.0000000000000000e+000, 1.3999999999999999e+000, 2.3168863379104354e-001
39300, 3.1566864521766348e+002, 4.4268357302056907e-003, 2.4841387001635064e+002, 3.9620258542864946e-002, 6.1013374895421473e+000, 0.0000000000000000e+000, 1.3999999999999999e+000, 2.3168863400091100e-001
39400, 3.1141199946196224e+002, 4.3622852553799581e-003, 2.4869043539833078e+002, 3.8221468164914500e-002, 6.1330295240864041e+000, 0.0000000000000000e+000, 1.3999999999999999e+000, 2.3168863480368010e-001
39500, 3.0721751856240974e+002, 4.2987481850076071e-003, 2.4896699213259731e+002, 3.6799573146868957e-002, 6.1647570838816472e+000, 0.0000000000000000e+000, 1.3999999999999999e+000, 2.3168863475558449e-001
39600, 3.0308422535131388e+002, 4.2362074812246691e-003, 2.4924354021955588e+002, 3.5356183339167221e-002, 6.1965162648811845e+000, 0.0000000000000000e+000, 1.3999999999999999e+000, 2.3168863423753902e-001
39700, 2.9901115910614743e+002, 4.1746464115088545e-003, 2.4952007965961204e+002, 3.3892904994998675e-002, 6.2283031743365678e+000, 0.0000000000000000e+000, 1.3999999999999999e+000, 2.3168863401194725e-001
39800, 2.9499737525458642e+002, 4.1140485428699846e-003, 2.4979661045317124e+002, 3.2411507822585769e-002, 6.2601102680230412e+000, 0.0000000000000000e+000, 1.3999999999999999e+000, 2.3168863373734555e-001
39900, 2.9104194508516497e+002, 4.0543977361573637e-003, 2.5007313260063913e+002, 3.0913540920516111e-002, 6.2919348709248037e+000, 0.0000000000000000e+000, 1.3999999999999999e+000, 2.3168863433280398e-001
40000, 2.8714395546343923e+002, 3.9956781404817026e-003, 2.5034964610242110e+002, 2.9400781593533324e-002, 6.3237694366341772e+000, 0.0000000000000000e+000, 1.3999999999999999e+000, 2.3168863470435275e-001
40100, 2.8330250855353495e+002, 3.9378741877489458e-003, 2.5062615095892266e+002, 2.7875289546886801e-002, 6.3556143173769835e+000, 0.0000000000000000e+000, 1.3999999999999999e+000, 2.3168863462687761e-001
40200, 2.7951672154498266e+002, 3.8809705873038046e-003, 2.5090264717054927e+002, 2.6340955560899670e-002, 6.3874867685201302e+000, 0.0000000000000000e+000, 1.3999999999999999e+000, 2.3168863426273198e-001
40300, 2.7578572638473253e+002, 3.8249523206806595e-003, 2.5117913473770631e+002, 2.4802304150680788e-002, 6.4194046166008887e+000, 0.0000000000000000e+000, 1.3999999999999999e+000, 2.3168863376552318e-001
40400, 2.7210866951423702e+002, 3.7698046364594367e-003, 2.5145561366079914e+002, 2.3263621467629149e-002, 6.4513905844425663e+000, 0.0000000000000000e+000, 1.3999999999999999e+000, 2.3168863388658112e-001
40500, 2.6848471161151036e+002, 3.7155130452244008e-003, 2.5173208394023320e+002, 2.1729439836050510e-002, 6.4834625175673484e+000, 0.0000000000000000e+000, 1.3999999999999999e+000, 2.3168863437981940e-001
40600, 2.6491302733805884e+002, 3.6620633146235977e-003, 2.5200854557641378e+002, 2.0204098470560070e-002, 6.5156418890261705e+000, 0.0000000000000000e+000, 1.3999999999999999e+000, 2.3168863483160687e-001
40700, 2.6139280509058699e+002, 3.6094414645268668e-003, 2.5228499856974619e+002, 1.8691950240522764e-002, 6.5479502178636899e+000, 0.0000000000000000e+000, 1.3999999999999999e+000, 2.3168863485457911e-001
40800, 2.5792324675738331e+002, 3.5576337622803293e-003, 2.5256144292063570e+002, 1.7197517415880451e-002, 6.5804053309539876e+000, 0.0000000000000000e+000, 1.3999999999999999e+000, 2.3168863424447006e-001
40900, 2.5450356747929027e+002, 3.5066267180552954e-003, 2.5283787862948768e+002, 1.5725092064498361e-002, 6.6130299435507309e+000, 0.0000000000000000e+000, 1.3999999999999999e+000, 2.3168863388598715e-001
41000, 2.5113299541517790e+002, 3.4564070802897751e-003, 2.5311430569670725e+002, 1.4279195501228227e-002, 6.6458418668400299e+000, 0.0000000000000000e+000, 1.3999999999999999e+000, 2.3168863372978557e-001
41100, 2.4781077151181137e+002, 3.4069618312203395e-003, 2.5339072412269962e+002, 1.2864175128111282e-002, 6.6788626066736558e+000, 0.0000000000000000e+000, 1.3999999999999999e+000, 2.3168863402591641e-001
41200, 2.4453614927804529e+002, 3.3582781825027500e-003, 2.5366713390787007e+002, 1.1484388515319906e-002, 6.7121137207361796e+000, 0.0000000000000000e+000, 1.3999999999999999e+000, 2.3168863461768019e-001
41300, 2.4130839456324858e+002, 3.3103435709193425e-003, 2.5394353505262367e+002, 1.0144346453489271e-002, 6.7456129404117853e+000, 0.0000000000000000e+000, 1.3999999999999999e+000, 2.3168863501085341e-001
41400, 2.3812678533987673e+002, 3.2631456541713563e-003, 2.5421992755736562e+002, 8.8483523809890809e-003, 6.7793830866043443e+000, 0.0000000000000000e+000, 1.3999999999999999e+000, 2.3168863473817145e-001
41500, 2.3499061149011308e+002, 3.2166723067545075e-003, 2.5449631142250101e+002, 7.6009119464868283e-003, 6.8134418873312246e+000, 0.0000000000000000e+000, 1.3999999999999999e+000, 2.3168863428773259e-001
41600, 2.3189917459649328e+002, 3.1709116159159686e-003, 2.5477268664843490e+002, 6.4063841596267755e-003, 6.8478108658969719e+000, 0.0000000000000000e+000, 1.3999999999999999e+000, 2.3168863367607984e-001
41700, 2.2885178773643761e+002, 3.1258518776911353e-003, 2.5504905323557239e+002, 5.2691346349499736e-003, 6.8825116474224011e+000, 0.0000000000000000e+000, 1.3999999999999999e+000, 2.3168863347989049e-001
41800, 2.2584777528061718e+002, 3.0814815930185423e-003, 2.5532541118431845e+002, 4.1936505296243619e-003, 6.9175618540124120e+000, 0.0000000000000000e+000, 1.3999999999999999e+000, 2.3168863389021088e-001
41900, 2.2288647269506788e+002, 3.0377894639311660e-003, 2.5560176049507817e+002, 3.1842614726669718e-003, 6.9529844428623715e+000, 0.0000000000000000e+000, 1.3999999999999999e+000, 2.3168863450389612e-001
42000, 2.1996722634699270e+002, 2.9947643898227340e-003, 2.5587810116825648e+002, 2.2454505304327623e-003, 6.9887969646557364e+000, 0.0000000000000000e+000, 1.3999999999999999e+000, 2.3168863495770431e-001
42100, 2.1708939331416673e+002, 2.9523954637872920e-003, 2.5615443320425834e+002, 1.3815814881728995e-003, 7.0250210404319908e+000, 0.0000000000000000e+000, 1.3999999999999999e+000, 2.3168863515480095e-001
42200, 2.1425234119788072e+002, 2.9106719690306128e-003, 2.5643075660348870e+002, 5.9703951350321494e-004, 7.0616783875977029e+000, 0.0000000000000000e+000, 1.3999999999999999e+000, 2.3168863465764836e-001
42300, 2.1145544793935426e+002, 2.8695833753519633e-003, 2.5670707136635252e+002, -1.0371329552217300e-004, 7.0987864500251074e+000, 0.0000000000000000e+000, 1.3999999999999999e+000, 2.3168863414899046e-001
42400, 2.0869810163955015e+002, 2.8291193356947747e-003, 2.5698337749325452e+002, -7.1632485879465091e-004, 7.1363683399319715e+000, 0.0000000000000000e+000, 1.3999999999999999e+000, 2.3168863361244751e-001
42500, 2.0597970038231227e+002, 2.7892696827646313e-003, 2.5725967498459977e+002, -1.2363390660528018e-003, 7.1744414852298810e+000, 0.0000000000000000e+000, 1.3999999999999999e+000, 2.3168863348054777e-001
42600, 2.0329965206078856e+002, 2.7500244257135696e-003, 2.5753596384079299e+002, -1.6593706800800648e-003, 7.2130275633758059e+000, 0.0000000000000000e+000, 1.3999999999999999e+000, 2.3168863359383976e-001
42700, 2.0065737420704181e+002, 2.7113737468888541e-003, 2.5781224406223896e+002, -1.9810344896066812e-003, 7.2521483360822838e+000, 0.0000000000000000e+000, 1.3999999999999999e+000, 2.3168863454927116e-001
42800, 1.9805229382481207e+002, 2.6733079986452691e-003, 2.5808851564934241e+002, -2.1968846603828882e-003, 7.2918211401492714e+000, 0.0000000000000000e+000, 1.3999999999999999e+000, 2.3168863496365993e-001
42900, 1.9548384722535195e+002, 2.6358177002193742e-003, 2.5836477860250830e+002, -2.3025453196559697e-003, 7.3320692451578342e+000, 0.0000000000000000e+000, 1.3999999999999999e+000, 2.3168863544671311e-001
43000, 1.9295147986629445e+002, 2.5988935346647397e-003, 2.5864103292214116e+002, -2.2935904770903831e-003, 7.3729098514949518e+000, 0.0000000000000000e+000, 1.3999999999999999e+000, 2.3168863530752121e-001
43100, 1.9045464619346501e+002, 2.5625263458464776e-003, 2.5891727860864586e+002, -2.1656254893099077e-003, 7.4143647836074598e+000, 0.0000000000000000e+000, 1.3999999999999999e+000, 2.3168863491679653e-001
43200, 1.8799280948561480e+002, 2.5267071354943531e-003, 2.5919351566242693e+002, -1.9142296619922947e-003, 7.4564559136635360e+000, 0.0000000000000000e+000, 1.3999999999999999e+000, 2.3168863478427093e-001
43300, 1.8556544170198879e+002, 2.4914270603128490e-003, 2.5946974408388911e+002, -1.5350150575169875e-003, 7.4992003020295535e+000, 0.0000000000000000e+000, 1.3999999999999999e+000, 2.3168863434837306e-001
43400, 1.8317202333269236e+002, 2.4566774291472889e-003, 2.5974596387343701e+002, -1.0235417945513999e-003, 7.5426215016826612e+000, 0.0000000000000000e+000, 1.3999999999999999e+000, 2.3168863447504032e-001
43500, 1.8081204325179624e+002, 2.4224497002047832e-003, 2.6002217503147523e+002, -3.7545051612860789e-004, 7.5867364637745975e+000, 0.0000000000000000e+000, 1.3999999999999999e+000, 2.3168863433179906e-001
43600, 1.7848499857312291e+002, 2.3887354783288339e-003, 2.6029837755840833e+002, 4.1368441899302630e-004, 7.6315671165383083e+000, 0.0000000000000000e+000, 1.3999999999999999e+000, 2.3168863435984607e-001
43700, 1.7619039450867052e+002, 2.3555265123266040e-003, 2.6057457145464093e+002, 1.3483138204469737e-003, 7.6771354770452565e+000, 0.0000000000000000e+000, 1.3999999999999999e+000, 2.3168863399617906e-001
43800, 1.7392774422961605e+002, 2.3228146923476895e-003, 2.6085075672057752e+002, 2.4327668224973635e-003, 7.7234583407550499e+000, 0.0000000000000000e+000, 1.3999999999999999e+000, 2.3168863419776539e-001
43900, 1.7169656872985473e+002, 2.2905920473134302e-003, 2.6112693335662254e+002, 3.6715404330811044e-003, 7.7705595145304791e+000, 0.0000000000000000e+000, 1.3999999999999999e+000, 2.3168863432564446e-001
44000, 1.6949639669201702e+002, 2.2588507423956044e-003, 2.6140310136318055e+002, 5.0689375699633906e-003, 7.8184557146065901e+000, 0.0000000000000000e+000, 1.3999999999999999e+000, 2.3168863437870060e-001
44100, 1.6732676435592842e+002, 2.2275830765436781e-003, 2.6167926074065599e+002, 6.6294176922912177e-003, 7.8671689513723377e+000, 0.0000000000000000e+000, 1.3999999999999999e+000, 2.3168863470472151e-001
44200, 1.6518721538945528e+002, 2.1967814800594948e-003, 2.6195541148945330e+002, 8.3574505608678736e-003, 7.9167214288363477e+000, 0.0000000000000000e+000, 1.3999999999999999e+000, 2.3168863442688117e-001
44300, 1.6307730076169281e+002, 2.1664385122184687e-003, 2.6223155360997680e+002, 1.0257313916946110e-002, 7.9671296321392910e+000, 0.0000000000000000e+000, 1.3999999999999999e+000, 2.3168863417136643e-001
44400, 1.6099657861845307e+002, 2.1365468589363804e-003, 2.6250768710263100e+002, 1.2333559986716482e-002, 8.0184176957061286e+000, 0.0000000000000000e+000, 1.3999999999999999e+000, 2.3168863420306407e-001
44500, 1.5894461416000655e+002, 2.1070993304808214e-003, 2.6278381196782010e+002, 1.4590438106898586e-002, 8.0706019803807916e+000, 0.0000000000000000e+000, 1.3999999999999999e+000, 2.3168863423294006e-001
44600, 1.5692097952103518e+002, 2.0780888592263976e-003, 2.6305992820594849e+002, 1.7032426605489696e-002, 8.1237046774365176e+000, 0.0000000000000000e+000, 1.3999999999999999e+000, 2.3168863439206699e-001
44700, 1.5492525365275171e+002, 2.0495084974527802e-003, 2.6333603581742057e+002, 1.9664041594165824e-002, 8.1777481689546239e+000, 0.0000000000000000e+000, 1.3999999999999999e+000, 2.3168863435760792e-001
44800, 1.5295702220715168e+002, 2.0213514151848329e-003, 2.6361213480264047e+002, 2.2489484273735073e-002, 8.2327485901929585e+000, 0.0000000000000000e+000, 1.3999999999999999e+000, 2.3168863397549766e-001
44900, 1.5101587742334593e+002, 1.9936108980738204e-003, 2.6388822516201247e+002, 2.5513378419309490e-002, 8.2887304073311299e+000, 0.0000000000000000e+000, 1.3999999999999999e+000, 2.3168863410669252e-001
45000, 1.4910141801594318e+002, 1.9662803453190034e-003, 2.6416430689594085e+002, 2.8739903140422161e-002, 8.3457096514032045e+000, 0.0000000000000000e+000, 1.3999999999999999e+000, 2.3168863419686958e-001
45100, 1.4721324906544075e+002, 1.9393532676287560e-003, 2.6444038000482982e+002, 3.2170527014817603e-002, 8.4036949964650294e+000, 0.0000000000000000e+000, 1.3999999999999999e+000, 2.3168863457897076e-001
45200, 1.4535098191058421e+002, 1.9128232852204149e-003, 2.6471644448908347e+002, 3.5794558896249523e-002, 8.4626404542954727e+000, 0.0000000000000000e+000, 1.3999999999999999e+000, 2.3168863446096369e-001
45300, 1.4351423404265825e+002, 1.8866841258580696e-003, 2.6499250034910602e+002, 3.9597849628309881e-002, 8.5224796110850054e+000, 0.0000000000000000e+000, 1.3999999999999999e+000, 2.3168863435231063e-001
45400, 1.4170262900167489e+002, 1.8609296229275751e-003, 2.6526854758530158e+002, 4.3566807902171011e-002, 8.5831550823626817e+000, 0.0000000000000000e+000, 1.3999999999999999e+000, 2.3168863418757005e-001
45500, 1.3991579627442033e+002, 1.8355537135480065e-003, 2.6554458619807423e+002, 4.7687251226463022e-002, 8.6446002854345121e+000, 0.0000000000000000e+000, 1.3999999999999999e+000, 2.3168863397164713e-001
45600, 1.3815337119432647e+002, 1.8105504367188492e-003, 2.6582061618782802e+002, 5.1945454137332751e-002, 8.7067555889238690e+000, 0.0000000000000000e+000, 1.3999999999999999e+000, 2.3168863419614075e-001
45700, 1.3641499484313113e+002, 1.7859139315021823e-003, 2.6609663755496706e+002, 5.6327704003544435e-002, 8.7695614556654267e+000, 0.0000000000000000e+000, 1.3999999999999999e+000, 2.3168863433094911e-001
45800, 1.3470031395429598e+002, 1.7616384352392041e-003, 2.6637265029989533e+002, 6.0819790288901374e-002, 8.8329511724549636e+000, 0.0000000000000000e+000, 1.3999999999999999e+000, 2.3168863452193017e-001
45900, 1.3300898081814626e+002, 1.7377182818003776e-003, 2.6664865442301686e+002, 6.5408175710442440e-002, 8.8968676025246065e+000, 0.0000000000000000e+000, 1.3999999999999999e+000, 2.3168863459383071e-001
46000, 1.3134065318870086e+002, 1.7141478998685400e-003, 2.6692464992473560e+002, 7.0078634104917048e-002, 8.9612439399185604e+000, 0.0000000000000000e+000, 1.3999999999999999e+000, 2.3168863443053134e-001
46100, 1.2969499419216027e+002, 1.6909218112543130e-003, 2.6720063680545553e+002, 7.4817462559039954e-002, 9.0260206793899176e+000, 0.0000000000000000e+000, 1.3999999999999999e+000, 2.3168863422793110e-001
46200, 1.2807167223702348e+002, 1.6680346292432069e-003, 2.6747661506558052e+002, 7.9610964433857845e-002, 9.0911383531382128e+000, 0.0000000000000000e+000, 1.3999999999999999e+000, 2.3168863391320010e-001
46300, 1.2647036092579944e+002, 1.6454810569737331e-003, 2.6775258470551449e+002, 8.4444893026458842e-002, 9.1565300867050254e+000, 0.0000000000000000e+000, 1.3999999999999999e+000, 2.3168863406570370e-001
46400, 1.2489073896828633e+002, 1.6232558858459631e-003, 2.6802854572566127e+002, 8.9305743045554303e-002, 9.2221388903236150e+000, 0.0000000000000000e+000, 1.3999999999999999e+000, 2.3168863428664027e-001
46500, 1.2333249009638683e+002, 1.6013539939598908e-003, 2.6830449812642485e+002, 9.4179265094869374e-002, 9.2878978266687362e+000, 0.0000000000000000e+000, 1.3999999999999999e+000, 2.3168863455061045e-001
46600, 1.2179530298043473e+002, 1.5797703445830709e-003, 2.6858044190820885e+002, 9.9051763561341391e-002, 9.3537474723816576e+000, 0.0000000000000000e+000, 1.3999999999999999e+000, 2.3168863474826387e-001
46700, 1.2027887114699629e+002, 1.5584999846468414e-003, 2.6885637707141723e+002, 1.0390954831251471e-001, 9.4196283648247814e+000, 0.0000000000000000e+000, 1.3999999999999999e+000, 2.3168863464593031e-001
46800, 1.1878289289812994e+002, 1.5375380432707155e-003, 2.6913230361645367e+002, 1.0873836725125108e-001, 9.4854735829690782e+000, 0.0000000000000000e+000, 1.3999999999999999e+000, 2.3168863422688912e-001
46900, 1.1730707123206740e+002, 1.5168797303142640e-003, 2.6940822154372194e+002, 1.1352471739259191e-001, 9.5512261826566434e+000, 0.0000000000000000e+000, 1.3999999999999999e+000, 2.3168863379284751e-001
47000, 1.1585111376529359e+002, 1.4965203349559895e-003, 2.6968413085362579e+002, 1.1825434491485361e-001, 9.6168191917721799e+000, 0.0000000000000000e+000, 1.3999999999999999e+000, 2.3168863377974161e-001
47100, 1.1441473265600202e+002, 1.4764552242987113e-003, 2.6996003154656887e+002, 1.2291356370456506e-001, 9.6821931850065699e+000, 0.0000000000000000e+000, 1.3999999999999999e+000, 2.3168863417627453e-001
47200, 1.1299764452889326e+002, 1.4566798420008384e-003, 2.7023592362295489e+002, 1.2748866710222187e-001, 9.7472887205337226e+000, 0.0000000000000000e+000, 1.3999999999999999e+000, 2.3168863455992214e-001
47300, 1.1159957040129846e+002, 1.4371897069331238e-003, 2.7051180708318742e+002, 1.3196542411645598e-001, 9.8120388724027663e+000, 0.0000000000000000e+000, 1.3999999999999999e+000, 2.3168863463926540e-001
47400, 1.1022006166157203e+002, 1.4186995114147118e-003, 2.7064999999999998e+002, 1.3633030519602188e-001, 9.8763866617988381e+000, 0.0000000000000000e+000, 1.3999999999999999e+000, 2.3168863504712156e-001
47500, 1.0885782082937038e+002, 1.4011654039760163e-003, 2.7064999999999998e+002, 1.4056908937395957e-001, 9.9402652046587541e+000, 0.0000000000000000e+000, 1.3999999999999999e+000, 2.3168863500579956e-001
47600, 1.0751245807038717e+002, 1.3838485429611355e-003, 2.7064999999999998e+002, 1.4466807482667790e-001, 1.0003615029801276e+001, 0.0000000000000000e+000, 1.3999999999999999e+000, 2.3168863436865708e-001
47700, 1.0618376374975901e+002, 1.3667462300511449e-003, 2.7064999999999998e+002, 1.4861353085560841e-001, 1.0066376613991254e+001, 0.0000000000000000e+000, 1.3999999999999999e+000, 2.3168863377587118e-001
47800, 1.0487153084281094e+002, 1.3498558005242069e-003, 2.7064999999999998e+002, 1.5239127405213435e-001, 1.0128483189126092e+001, 0.0000000000000000e+000, 1.3999999999999999e+000, 2.3168863349602176e-001
47900, 1.0357555490247610e+002, 1.3331746228362137e-003, 2.7064999999999998e+002, 1.5598771724685959e-001, 1.0189877562058513e+001, 0.0000000000000000e+000, 1.3999999999999999e+000, 2.3168863370142995e-001
48000, 1.0229563402712475e+002, 1.3167000982066965e-003, 2.7064999999999998e+002, 1.5938870616638173e-001, 1.0250493104916915e+001, 0.0000000000000000e+000, 1.3999999999999999e+000, 2.3168863412270790e-001
48100, 1.0103156882879478e+002, 1.3004296602099057e-003, 2.7064999999999998e+002, 1.6258050735409194e-001, 1.0310270243892200e+001, 0.0000000000000000e+000, 1.3999999999999999e+000, 2.3168863441680621e-001
48200, 9.9783162401819595e+001, 1.2843607743710024e-003, 2.7064999999999998e+002, 1.6554934761794882e-001, 1.0369149255544597e+001, 0.0000000000000000e+000, 1.3999999999999999e+000, 2.3168863481063512e-001
48300, 9.8550220291849129e+001, 1.2684909377673132e-003, 2.7064999999999998e+002, 1.6828112414465821e-001, 1.0427063712737361e+001, 0.0000000000000000e+000, 1.3999999999999999e+000, 2.3168863548374774e-001
48400, 9.7332550465257583e+001, 1.2528176786345598e-003, 2.7064999999999998e+002, 1.7076216470103872e-001, 1.0483956099550584e+001, 0.0000000000000000e+000, 1.3999999999999999e+000, 2.3168863522727712e-001
48500, 9.6129963278934994e+001, 1.2373385559780326e-003, 2.7064999999999998e+002, 1.7297840298144326e-001, 1.0539760110612223e+001, 0.0000000000000000e+000, 1.3999999999999999e+000, 2.3168863500642164e-001
48600, 9.4942271450455976e+001, 1.2220511591886159e-003, 2.7064999999999998e+002, 1.7491606494540174e-001, 1.0594416022141559e+001, 0.0000000000000000e+000, 1.3999999999999999e+000, 2.3168863473441689e-001
48700, 9.3769290028621782e+001, 1.2069531076636195e-003, 2.7064999999999998e+002, 1.7656132733894508e-001, 1.0647863886789708e+001, 0.0000000000000000e+000, 1.3999999999999999e+000, 2.3168863422161259e-001
48800, 9.2610836364370428e+001, 1.1920420504323479e-003, 2.7064999999999998e+002, 1.7790018121151477e-001, 1.0700037694015363e+001, 0.0000000000000000e+000, 1.3999999999999999e+000, 2.3168863434953507e-001
48900, 9.1466730082051413e+001, 1.1773156657863628e-003, 2.7064999999999998e+002, 1.7891885651611461e-001, 1.0750879487554350e+001, 0.0000000000000000e+000, 1.3999999999999999e+000, 2.3168863428027509e-001
49000, 9.0336793051059530e+001, 1.1627716609143672e-003, 2.7064999999999998e+002, 1.7960339281221707e-001, 1.0800323430899534e+001, 0.0000000000000000e+000, 1.3999999999999999e+000, 2.3168863445307764e-001
49100, 8.9220849357823255e+001, 1.1484077715416523e-003, 2.7064999999999998e+002, 1.7993996274072349e-001, 1.0848309567268961e+001, 0.0000000000000000e+000, 1.3999999999999999e+000, 2.3168863453364921e-001
49200, 8.8118725278143344e+001, 1.1342217615740548e-003, 2.7064999999999998e+002, 1.7991467622033278e-001, 1.0894777695162022e+001, 0.0000000000000000e+000, 1.3999999999999999e+000, 2.3168863442423626e-001
49300, 8.7030249249878750e+001, 1.1202114227463820e-003, 2.7064999999999998e+002, 1.7951365743841133e-001, 1.0939662320941345e+001, 0.0000000000000000e+000, 1.3999999999999999e+000, 2.3168863437362955e-001
49400, 8.5955251845971219e+001, 1.1063745742751984e-003, 2.7064999999999998e+002, 1.7872300161571214e-001, 1.0982904932899910e+001, 0.0000000000000000e+000, 1.3999999999999999e+000, 2.3168863420855615e-001
49500, 8.4893565747810968e+001, 1.0927090625160005e-003, 2.7064999999999998e+002, 1.7752888179617443e-001, 1.1024440277485876e+001, 0.0000000000000000e+000, 1.3999999999999999e+000, 2.3168863421634650e-001
49600, 8.3845025718932206e+001, 1.0792127606246388e-003, 2.7064999999999998e+002, 1.7591740592865543e-001, 1.1064208132364037e+001, 0.0000000000000000e+000, 1.3999999999999999e+000, 2.3168863437064086e-001
49700, 8.2809468579040001e+001, 1.0658835682230046e-003, 2.7064999999999998e+002, 1.7387460732374413e-001, 1.1102147918786880e+001, 0.0000000000000000e+000, 1.3999999999999999e+000, 2.3168863453562932e-001
49800, 8.1786733178360052e+001, 1.0527194110688714e-003, 2.7064999999999998e+002, 1.7138676277265366e-001, 1.1138194826716525e+001, 0.0000000000000000e+000, 1.3999999999999999e+000, 2.3168863448873878e-001
49900, 8.0776660372310900e+001, 1.0397182407298892e-003, 2.7064999999999998e+002, 1.6843980622156329e-001, 1.1172289664882889e+001, 0.0000000000000000e+000, 1.3999999999999999e+000, 2.3168863430135764e-001
50000, 7.9779092996491286e+001, 1.0268780342616330e-003, 2.7064999999999998e+002, 1.4505116914533192e-001, 1.1214958848199949e+001, 0.0000000000000000e+000, 1.3999999999999999e+000, 2.3168863421419603e-001
50100, 7.8793875841981674e+001, 1.0141967938896951e-003, 2.7064999999999998e+002, 1.2117919713045447e-001, 1.1255569323184803e+001, 0.0000000000000000e+000, 1.3999999999999999e+000, 2.3168863449473007e-001
50200, 7.7820855630953417e+001, 1.0016725466957409e-003, 2.7064999999999998e+002, 1.1679578684805515e-001, 1.1283561706746678e+001, 0.0000000000000000e+000, 1.3999999999999999e+000, 2.3168863456690703e-001
50300, 7.6859880992583797e+001, 9.8930334430749503e-004, 2.7064999999999998e+002, 1.1193893749171793e-001, 1.1309573876847264e+001, 0.0000000000000000e+000, 1.3999999999999999e+000, 2.3168863432371437e-001
50400, 7.5910802439271393e+001, 9.7708726259260041e-004, 2.7064999999999998e+002, 1.0661486085539529e-001, 1.1333656901652729e+001, 0.0000000000000000e+000, 1.3999999999999999e+000, 2.3168863421944025e-001
50500, 7.4973472343149979e+001, 9.6502240135631434e-004, 2.7064999999999998e+002, 1.0083053973943448e-001, 1.1355858017939344e+001, 0.0000000000000000e+000, 1.3999999999999999e+000, 2.3168863415090526e-001
50600, 7.4047744912894402e+001, 9.5310688404296601e-004, 2.7064999999999998e+002, 9.4592354384122501e-002, 1.1376227234519238e+001, 0.0000000000000000e+000, 1.3999999999999999e+000, 2.3168863389286468e-001
50700, 7.3133476170817985e+001, 9.4133885744116484e-004, 2.7064999999999998e+002, 8.7906621284781522e-002, 1.1394814274098275e+001, 0.0000000000000000e+000, 1.3999999999999999e+000, 2.3168863421296773e-001
50800, 7.2230523930255202e+001, 9.2971649139268102e-004, 2.7064999999999998e+002, 8.0780424926250954e-002, 1.1411666799566575e+001, 0.0000000000000000e+000, 1.3999999999999999e+000, 2.3168863442041215e-001
50900, 7.1338747773227624e+001, 9.1823797850497314e-004, 2.7064999999999998e+002, 7.3219796934367365e-002, 1.1426835152234682e+001, 0.0000000000000000e+000, 1.3999999999999999e+000, 2.3168863432828493e-001
51000, 7.0458009028388886e+001, 9.0690153386730550e-004, 2.7064999999999998e+002, 6.5231901250112259e-002, 1.1440367258250559e+001, 0.0000000000000000e+000, 1.3999999999999999e+000, 2.3168863431091205e-001
51100, 6.9588170749245705e+001, 8.9570539477042013e-004, 2.7064999999999998e+002, 5.6823024237437236e-002, 1.1452312760764137e+001, 0.0000000000000000e+000, 1.3999999999999999e+000, 2.3168863413962007e-001
51200, 6.8729097692650157e+001, 8.8464782042969935e-004, 2.7064999999999998e+002, 4.7999406370344389e-002, 1.1462721124190237e+001, 0.0000000000000000e+000, 1.3999999999999999e+000, 2.3168863420193428e-001
51300, 6.7880656297561842e+001, 8.7372709171180333e-004, 2.7064999999999998e+002, 3.8768292237242666e-002, 1.1471640583033635e+001, 0.0000000000000000e+000, 1.3999999999999999e+000, 2.3168863409861340e-001
51400, 6.7042714664074907e+001, 8.6294151086471489e-004, 2.7064999999999998e+002, 2.9135556960319699e-002, 1.1479120906083041e+001, 0.0000000000000000e+000, 1.3999999999999999e+000, 2.3168863447149407e-001
51500, 6.6214821685885994e+001, 8.5304529769241963e-004, 2.7040886263148252e+002, 1.9108516043675049e-002, 1.1485210599827742e+001, 0.0000000000000000e+000, 1.3999999999999999e+000, 2.3168863439121495e-001
51600, 6.5396355603883222e+001, 8.4336028257024414e-004, 2.7013334928435734e+002, 8.6933823324860278e-003, 1.1489958987978758e+001, 0.0000000000000000e+000, 1.3999999999999999e+000, 2.3168863446548493e-001
51700, 6.4587211755894671e+001, 8.3377580844257605e-004, 2.6985784453565014e+002, -2.1036851867685981e-003, 1.1493415297412982e+001, 0.0000000000000000e+000, 1.3999999999999999e+000, 2.3168863442884652e-001
51800, 6.3787293006441395e+001, 8.2429092924435246e-004, 2.6958234838495849e+002, -1.3275285242696090e-002, 1.1495628297407185e+001, 0.0000000000000000e+000, 1.3999999999999999e+000, 2.3168863420290295e-001
51900, 6.2996503138088315e+001, 8.1490470689563629e-004, 2.6930686083187982e+002, -2.4815691596312972e-002, 1.1496647250313121e+001, 0.0000000000000000e+000, 1.3999999999999999e+000, 2.3168863410959664e-001
52000, 6.2214746843655831e+001, 8.0561621124195014e-004, 2.6903138187601172e+002, -3.6717448358081335e-002, 1.1496521102404765e+001, 0.0000000000000000e+000, 1.3999999999999999e+000, 2.3168863400376402e-001
52100, 6.1441929718486982e+001, 7.9642451999496094e-004, 2.6875591151695170e+002, -4.8974410906009326e-002, 1.1495299003774281e+001, 0.0000000000000000e+000, 1.3999999999999999e+000, 2.3168863437161613e-001
52200, 6.0677958252776101e+001, 7.8732871867359287e-004, 2.6848044975429730e+002, -6.1580489274207957e-002, 1.1493029900844338e+001, 0.0000000000000000e+000, 1.3999999999999999e+000, 2.3168863444870422e-001
52300, 5.9922739823952590e+001, 7.7832790054548865e-004, 2.6820499658764629e+002, -7.4528144301915747e-002, 1.1489763043248168e+001, 0.0000000000000000e+000, 1.3999999999999999e+000, 2.3168863456140015e-001
52400, 5.9176182689123856e+001, 7.6942116656887767e-004, 2.6792955201659623e+002, -8.7811787857279347e-002, 1.1485547235662004e+001, 0.0000000000000000e+000, 1.3999999999999999e+000, 2.3168863436257911e-001
52500, 5.8438195977573820e+001, 7.6060762533480277e-004, 2.6765411604074473e+002, -1.0142382984114463e-001, 1.1480431849483889e+001, 0.0000000000000000e+000, 1.3999999999999999e+000, 2.3168863424394046e-001
52600, 5.7708689683320110e+001, 7.5188639300974975e-004, 2.6737868865968954e+002, -1.1535818715596410e-001, 1.1474465846913279e+001, 0.0000000000000000e+000, 1.3999999999999999e+000, 2.3168863400479861e-001
52700, 5.6987574657726249e+001, 7.4325659327863930e-004, 2.6710326987302841e+002, -1.2960883761435751e-001, 1.1467697977291325e+001, 0.0000000000000000e+000, 1.3999999999999999e+000, 2.3168863405160375e-001
52800, 5.6274762602169325e+001, 7.3471735728818262e-004, 2.6682785968035898e+002, -1.4416811607363497e-001, 1.1460177865570474e+001, 0.0000000000000000e+000, 1.3999999999999999e+000, 2.3168863407139123e-001
52900, 5.5570166060764940e+001, 7.2626782359063293e-004, 2.6655245808127910e+002, -1.5903055848227407e-001, 1.1451953945048240e+001, 0.0000000000000000e+000, 1.3999999999999999e+000, 2.3168863426259018e-001
53000, 5.4873698413145455e+001, 7.1790713808788157e-004, 2.6627706507538647e+002, -1.7418844990702342e-001, 1.1443075948662202e+001, 0.0000000000000000e+000, 1.3999999999999999e+000, 2.3168863450094981e-001
53100, 5.4185273867295358e+001, 7.0963445397594972e-004, 2.6600168066227906e+002, -1.8963577461326739e-001, 1.1433592615225658e+001, 0.0000000000000000e+000, 1.3999999999999999e+000, 2.3168863468836381e-001
53200, 5.3504807452438037e+001, 7.0144893168980790e-004, 2.6572630484155451e+002, -2.0536656587798902e-001, 1.1423552637146958e+001, 0.0000000000000000e+000, 1.3999999999999999e+000, 2.3168863476012125e-001
53300, 5.2832215011980232e+001, 6.9334973884860253e-004, 2.6545093761281083e+002, -2.2137303699746388e-001, 1.1413005822314716e+001, 0.0000000000000000e+000, 1.3999999999999999e+000, 2.3168863437168799e-001
53400, 5.2167413196507248e+001, 6.8533605020120705e-004, 2.6517557897564586e+002, -2.3764983853609478e-001, 1.1402000460093616e+001, 0.0000000000000000e+000, 1.3999999999999999e+000, 2.3168863401981854e-001
53500, 5.1510319456833194e+001, 6.7740704757215215e-004, 2.6490022892965749e+002, -2.5418915335707648e-001, 1.1390586418224503e+001, 0.0000000000000000e+000, 1.3999999999999999e+000, 2.3168863403451745e-001
53600, 5.0860852037104330e+001, 6.6956191980791391e-004, 2.6462488747444371e+002, -2.7098501190627283e-001, 1.1378812384836820e+001, 0.0000000000000000e+000, 1.3999999999999999e+000, 2.3168863399065301e-001
53700, 5.0218929967953628e+001, 6.6179986272353923e-004, 2.6434955460960248e+002, -2.8803150125246374e-001, 1.1366726929728438e+001, 0.0000000000000000e+000, 1.3999999999999999e+000, 2.3168863395489095e-001
53800, 4.9584473059709786e+001, 6.5412007904965051e-004, 2.6407423033473174e+002, -3.0532073638990909e-001, 1.1354380031245354e+001, 0.0000000000000000e+000, 1.3999999999999999e+000, 2.3168863419714830e-001
53900, 4.8957401895656574e+001, 6.4652177837978082e-004, 2.6379891464942955e+002, -3.2284746278020526e-001, 1.1341819834665177e+001, 0.0000000000000000e+000, 1.3999999999999999e+000, 2.3168863453613178e-001
54000, 4.8337637825344572e+001, 6.3900417711806781e-004, 2.6352360755329391e+002, -3.4060376889611643e-001, 1.1329096366094186e+001, 0.0000000000000000e+000, 1.3999999999999999e+000, 2.3168863511615981e-001
54100, 4.7725102957954491e+001, 6.3156649842729831e-004, 2.6324830904592295e+002, -3.5858373623064466e-001, 1.1316258205006656e+001, 0.0000000000000000e+000, 1.3999999999999999e+000, 2.3168863512799243e-001
54200, 4.7119720155710070e+001, 6.2420797217728116e-004, 2.6297301912691472e+002, -3.7678148039140724e-001, 1.1303353903966633e+001, 0.0000000000000000e+000, 1.3999999999999999e+000, 2.3168863507581755e-001
54300, 4.6521413027343641e+001, 6.1692783489358870e-004, 2.6269773779586734e+002, -3.9518905209515770e-001, 1.1290433539449293e+001, 0.0000000000000000e+000, 1.3999999999999999e+000, 2.3168863495531339e-001
54400, 4.5930105921610242e+001, 6.0972532970661865e-004, 2.6242246505237893e+002, -4.1380126705779274e-001, 1.1277545177455826e+001, 0.0000000000000000e+000, 1.3999999999999999e+000, 2.3168863444439725e-001
54500, 4.5345723920852556e+001, 6.0259970630100617e-004, 2.6214720089604765e+002, -4.3261012817902783e-001, 1.1264738857095162e+001, 0.0000000000000000e+000, 1.3999999999999999e+000, 2.3168863434330456e-001
54600, 4.4768192834615462e+001, 5.9555022086537300e-004, 2.6187194532647175e+002, -4.5160976577934359e-001, 1.1252063173706787e+001, 0.0000000000000000e+000, 1.3999999999999999e+000, 2.3168863427716974e-001
54700, 4.4197439193309073e+001, 5.8857613604240417e-004, 2.6159669834324939e+002, -4.7079434114641028e-001, 1.1239566688968848e+001, 0.0000000000000000e+000, 1.3999999999999999e+000, 2.3168863447130528e-001
54800, 4.3633390241921951e+001, 5.8167672087927201e-004, 2.6132145994597886e+002, -4.9015581199455482e-001, 1.1227299427223691e+001, 0.0000000000000000e+000, 1.3999999999999999e+000, 2.3168863446426075e-001
54900, 4.3075973933781732e+001, 5.7485125077837780e-004, 2.6104623013425839e+002, -5.0968907543783282e-001, 1.1215309538866544e+001, 0.0000000000000000e+000, 1.3999999999999999e+000, 2.3168863448686186e-001
55000, 4.2525118924364904e+001, 5.6809900744843507e-004, 2.6077100890768628e+002, -5.2938606579200254e-001, 1.1203646968910141e+001, 0.0000000000000000e+000, 1.3999999999999999e+000, 2.3168863445946936e-001
55100, 4.1980754565153923e+001, 5.6141927885587108e-004, 2.6049579626586080e+002, -5.4923874785491733e-001, 1.1192350554534464e+001, 0.0000000000000000e+000, 1.3999999999999999e+000, 2.3168863425660383e-001
55200, 4.1442810897543005e+001, 5.5481135917656999e-004, 2.6022059220838037e+002, -5.6923030856515588e-001, 1.1181420012836819e+001, 0.0000000000000000e+000, 1.3999999999999999e+000, 2.3168863413085258e-001
55300, 4.0911218646789315e+001, 5.4827454874791502e-004, 2.5994539673484331e+002, -5.8933944760107959e-001, 1.1170846552501306e+001, 0.0000000000000000e+000, 1.3999999999999999e+000, 2.3168863430024594e-001
55400, 4.0385909216013246e+001, 5.4180815402117913e-004, 2.5967020984484805e+002, -6.0954791591087809e-001, 1.1160619683399890e+001, 0.0000000000000000e+000, 1.3999999999999999e+000, 2.3168863439810283e-001
55500, 3.9866814680243962e+001, 5.3541148751421949e-004, 2.5939503153799296e+002, -6.2983439541663377e-001, 1.1150730573330517e+001, 0.0000000000000000e+000, 1.3999999999999999e+000, 2.3168863442590495e-001
55600, 3.9353867780512196e+001, 5.2908386776450214e-004, 2.5911986181387647e+002, -6.5017987802019084e-001, 1.1141169146793400e+001, 0.0000000000000000e+000, 1.3999999999999999e+000, 2.3168863417171914e-001
55700, 3.8847001917988258e+001, 5.2282461928243173e-004, 2.5884470067209713e+002, -6.7056536409271517e-001, 1.1131925431845998e+001, 0.0000000000000000e+000, 1.3999999999999999e+000, 2.3168863403859763e-001
55800, 3.8346151148166179e+001, 5.1663307250500348e-004, 2.5856954811225330e+002, -6.9096952370661147e-001, 1.1122990481289190e+001, 0.0000000000000000e+000, 1.3999999999999999e+000, 2.3168863415605742e-001
55900, 3.7851250175093995e+001, 5.1050856374977582e-004, 2.5829440413394366e+002, -7.1137412787511467e-001, 1.1114353929297053e+001, 0.0000000000000000e+000, 1.3999999999999999e+000, 2.3168863423218777e-001
56000, 3.7362234345647209e+001, 5.0445043516913167e-004, 2.5801926873676661e+002, -7.3175784472016747e-001, 1.1106006846532924e+001, 0.0000000000000000e+000, 1.3999999999999999e+000, 2.3168863446904517e-001
56100, 3.6879039643849389e+001, 4.9845803470487777e-004, 2.5774414192032077e+002, -7.5210167784608772e-001, 1.1097939199093224e+001, 0.0000000000000000e+000, 1.3999999999999999e+000, 2.3168863446549171e-001
56200, 3.6401602685235638e+001, 4.9253071604313172e-004, 2.5746902368420479e+002, -7.7238662301340333e-001, 1.1090141083013352e+001, 0.0000000000000000e+000, 1.3999999999999999e+000, 2.3168863423422412e-001
56300, 3.5929860711260353e+001, 4.8666783856951708e-004, 2.5719391402801716e+002, -7.9259134691264499e-001, 1.1082603429872492e+001, 0.0000000000000000e+000, 1.3999999999999999e+000, 2.3168863430306533e-001
56400, 3.5463751583750330e+001, 4.8086876732468081e-004, 2.5691881295135659e+002, -8.1269762390961475e-001, 1.1075316003900619e+001, 0.0000000000000000e+000, 1.3999999999999999e+000, 2.3168863421675800e-001
56500, 3.5003213779399537e+001, 4.7513287296008829e-004, 2.5664372045382180e+002, -8.3268413350259352e-001, 1.1068269736258928e+001, 0.0000000000000000e+000, 1.3999999999999999e+000, 2.3168863438158729e-001
56600, 3.4548186384308039e+001, 4.6945953169413184e-004, 2.5636863653501138e+002, -8.5253186531434078e-001, 1.1061454694964247e+001, 0.0000000000000000e+000, 1.3999999999999999e+000, 2.3168863429538566e-001
56700, 3.4098609088564601e+001, 4.6384812526854531e-004, 2.5609356119452411e+002, -8.7222179604933525e-001, 1.1054860975403855e+001, 0.0000000000000000e+000, 1.3999999999999999e+000, 2.3168863442394036e-001
56800, 3.3654422180870405e+001, 4.5829804090509680e-004, 2.5581849443195875e+002, -8.9173264483307912e-001, 1.1048479431763447e+001, 0.0000000000000000e+000, 1.3999999999999999e+000, 2.3168863433650541e-001
56900, 3.3215566543206720e+001, 4.5280867126259718e-004, 2.5554343624691398e+002, -9.1104611694252102e-001, 1.1042299924807672e+001, 0.0000000000000000e+000, 1.3999999999999999e+000, 2.3168863421092564e-001
57000, 3.2781983645543860e+001, 4.4737941439419081e-004, 2.5526838663898866e+002, -9.3014096353867770e-001, 1.1036313273902397e+001, 0.0000000000000000e+000, 1.3999999999999999e+000, 2.3168863415721055e-001
57100, 3.2353615540591946e+001, 4.4200967370493916e-004, 2.5499334560778161e+002, -9.4899815026484824e-001, 1.1030509614093893e+001, 0.0000000000000000e+000, 1.3999999999999999e+000, 2.3168863436933171e-001
57200, 3.1930404858593636e+001, 4.3669885790970070e-004, 2.5471831315289165e+002, -9.6759859897755185e-001, 1.1024879077605149e+001, 0.0000000000000000e+000, 1.3999999999999999e+000, 2.3168863442037330e-001
57300, 3.1512294802157506e+001, 4.3144638099129070e-004, 2.5444328927391766e+002, -9.8592111601834809e-001, 1.1019412420183441e+001, 0.0000000000000000e+000, 1.3999999999999999e+000, 2.3168863442185564e-001
57400, 3.1099229141132987e+001, 4.2625166215893721e-004, 2.5416827397045850e+002, -1.0039473178736733e+000, 1.1014099624668297e+001, 0.0000000000000000e+000, 1.3999999999999999e+000, 2.3168863449247037e-001
57500, 3.0691152207525743e+001, 4.2111412580701866e-004, 2.5389326724211310e+002, -1.0216560586708923e+000, 1.1008931405412971e+001, 0.0000000000000000e+000, 1.3999999999999999e+000, 2.3168863427776371e-001
57600, 3.0288008890453391e+001, 4.1603320147408482e-004, 2.5361826908848042e+002, -1.0390282437334220e+000, 1.1003897924054275e+001, 0.0000000000000000e+000, 1.3999999999999999e+000, 2.3168863413962132e-001
57700, 2.9889744631141209e+001, 4.1100832380215781e-004, 2.5334327950915943e+002, -1.0560447444064009e+000, 1.0998989353044932e+001, 0.0000000000000000e+000, 1.3999999999999999e+000, 2.3168863420205110e-001
57800, 2.9496305417957934e+001, 4.0603893249631731e-004, 2.5306829850374911e+002, -1.0726844799974578e+000, 1.0994196415318614e+001, 0.0000000000000000e+000, 1.3999999999999999e+000, 2.3168863433622836e-001
57900, 2.9107637781491110e+001, 4.0112447228456415e-004, 2.5279332607184847e+002, -1.0889289459895710e+000, 1.0989509109432632e+001, 0.0000000000000000e+000, 1.3999999999999999e+000, 2.3168863443436719e-001
58000, 2.8723688789661370e+001, 3.9626439287795636e-004, 2.5251836221305655e+002, -1.1047571233421740e+000, 1.0984918112053929e+001, 0.0000000000000000e+000, 1.3999999999999999e+000, 2.3168863433986436e-001
58100, 2.8344406042876308e+001, 3.9145814893102861e-004, 2.5224340692697240e+002, -1.1201498615085455e+000, 1.0980413625758365e+001, 0.0000000000000000e+000, 1.3999999999999999e+000, 2.3168863426442404e-001
58200, 2.7969737669222841e+001, 3.8670520000248207e-004, 2.5196846021319516e+002, -1.1350879410403201e+000, 1.0975985822699842e+001, 0.0000000000000000e+000, 1.3999999999999999e+000, 2.3168863431900885e-001
58300, 2.7599632319697523e+001, 3.8200501051613959e-004, 2.5169352207132394e+002, -1.1495504477187135e+000, 1.0971625381934441e+001, 0.0000000000000000e+000, 1.3999999999999999e+000, 2.3168863411012577e-001
58400, 2.7234039163475813e+001, 3.7735704972218171e-004, 2.5141859250095789e+002, -1.1635187065737216e+000, 1.0967322335582388e+001, 0.0000000000000000e+000, 1.3999999999999999e+000, 2.3168863423376937e-001
58500, 2.6872907883218861e+001, 3.7276079165864627e-004, 2.5114367150169608e+002, -1.1769718736130734e+000, 1.0963067375614859e+001, 0.0000000000000000e+000, 1.3999999999999999e+000, 2.3168863406927029e-001
58600, 2.6516188670418373e+001, 3.6821571511320023e-004, 2.5086875907313782e+002, -1.1898907110822974e+000, 1.0958850670826738e+001, 0.0000000000000000e+000, 1.3999999999999999e+000, 2.3168863427858091e-001
58700, 2.6163832220778275e+001, 3.6372130358517074e-004, 2.5059385521488224e+002, -1.2022559060554516e+000, 1.0954662420520608e+001, 0.0000000000000000e+000, 1.3999999999999999e+000, 2.3168863450572910e-001
58800, 2.5815789729633842e+001, 3.5927704524784293e-004, 2.5031895992652866e+002, -1.2140467317503942e+000, 1.0950493292207856e+001, 0.0000000000000000e+000, 1.3999999999999999e+000, 2.3168863459177835e-001
58900, 2.5472012887407899e+001, 3.5488243291102484e-004, 2.5004407320767632e+002, -1.2252443119250873e+000, 1.0946333331292998e+001, 0.0000000000000000e+000, 1.3999999999999999e+000, 2.3168863470651432e-001
59000, 2.5132453875103220e+001, 3.5053696398386629e-004, 2.4976919505792446e+002, -1.2358280185339503e+000, 1.0942173175916883e+001, 0.0000000000000000e+000, 1.3999999999999999e+000, 2.3168863449422114e-001
59100, 2.4797065359831766e+001, 3.4624014043794479e-004, 2.4949432547687246e+002, -1.2457785068111327e+000, 1.0938003053357249e+001, 0.0000000000000000e+000, 1.3999999999999999e+000, 2.3168863403535106e-001
59200, 2.4465800490379497e+001, 3.4199146877060153e-004, 2.4921946446411965e+002, -1.2550763422162692e+000, 1.0933813156765201e+001, 0.0000000000000000e+000, 1.3999999999999999e+000, 2.3168863385405167e-001
59300, 2.4138612892807547e+001, 3.3779045996854148e-004, 2.4894461201926538e+002, -1.2637010408292977e+000, 1.0929594123879401e+001, 0.0000000000000000e+000, 1.3999999999999999e+000, 2.3168863402820761e-001
59400, 2.3815456666088650e+001, 3.3363662947168300e-004, 2.4866976814190900e+002, -1.2716334781083938e+000, 1.0925336010632011e+001, 0.0000000000000000e+000, 1.3999999999999999e+000, 2.3168863416852298e-001
59500, 2.3496286377779320e+001, 3.2952949713726707e-004, 2.4839493283165004e+002, -1.2788532709059637e+000, 1.0921029493497851e+001, 0.0000000000000000e+000, 1.3999999999999999e+000, 2.3168863431434075e-001
59600, 2.3181057059726292e+001, 3.2546858720420652e-004, 2.4812010608808785e+002, -1.2853409615217555e+000, 1.0916664761129358e+001, 0.0000000000000000e+000, 1.3999999999999999e+000, 2.3168863462709949e-001
59700, 2.2869724203809071e+001, 3.2145342825770314e-004, 2.4784528791082192e+002, -1.2910769703906828e+000, 1.0912231981412912e+001, 0.0000000000000000e+000, 1.3999999999999999e+000, 2.3168863483700988e-001
59800, 2.2562243757715901e+001, 3.1748355319409738e-004, 2.4757047829945176e+002, -1.2960410882438513e+000, 1.0907721856826189e+001, 0.0000000000000000e+000, 1.3999999999999999e+000, 2.3168863494620096e-001
59900, 2.2258572120754749e+001, 3.1355849918597459e-004, 2.4729567725357683e+002, -1.3002139136355320e+000, 1.0903124395020976e+001, 0.0000000000000000e+000, 1.3999999999999999e+000, 2.3168863476903570e-001
60000, 2.1958666139698359e+001, 3.0967780764751631e-004, 2.4702088477279673e+002, -1.3035753453238692e+000, 1.0898430303954829e+001, 0.0000000000000000e+000, 1.3999999999999999e+000, 2.3168863479634666e-001
60100, 2.1662483104662897e+001, 3.0584102420009261e-004, 2.4674610085671100e+002, -1.3061106080607325e+000, 1.0893624347423406e+001, 0.0000000000000000e+000, 1.3999999999999999e+000, 2.3168863457729047e-001
60200, 2.1369980745020573e+001, 3.0204769863810175e-004, 2.4647132550491926e+002, -1.3078240938385484e+000, 1.0888669780987581e+001, 0.0000000000000000e+000, 1.3999999999999999e+000, 2.3168863433965498e-001
60300, 2.1081117225345416e+001, 2.9829738489504834e-004, 2.4619655871702113e+002, -1.3087248235280615e+000, 1.0883524971718641e+001, 0.0000000000000000e+000, 1.3999999999999999e+000, 2.3168863430130743e-001
60400, 2.0795851141392045e+001, 2.9458964100985917e-004, 2.4592180049261623e+002, -1.3088220461274325e+000, 1.0878147567909265e+001, 0.0000000000000000e+000, 1.3999999999999999e+000, 2.3168863431818679e-001
60500, 2.0514141516108040e+001, 2.9092402909344751e-004, 2.4564705083130414e+002, -1.3081249106182882e+000, 1.0872495985133906e+001, 0.0000000000000000e+000, 1.3999999999999999e+000, 2.3168863430184028e-001
60600, 2.0235947795678349e+001, 2.8730011529550469e-004, 2.4537230973268470e+002, -1.3066425963348673e+000, 1.0866528051621486e+001, 0.0000000000000000e+000, 1.3999999999999999e+000, 2.3168863452065375e-001
60700, 1.9961229845602116e+001, 2.8371746977152849e-004, 2.4509757719635752e+002, -1.3043841659066464e+000, 1.0860201545617516e+001, 0.0000000000000000e+000, 1.3999999999999999e+000, 2.3168863435643686e-001
60800, 1.9689947946802473e+001, 2.8017566665009485e-004, 2.4482285322192246e+002, -1.3013589591841597e+000, 1.0853474958732297e+001, 0.0000000000000000e+000, 1.3999999999999999e+000, 2.3168863443429266e-001
60900, 1.9422062791767186e+001, 2.7667428400034763e-004, 2.4454813780897913e+002, -1.2975759096978519e+000, 1.0846305796152594e+001, 0.0000000000000000e+000, 1.3999999999999999e+000, 2.3168863443357193e-001
61000, 1.9157535480722249e+001, 2.7321290379973579e-004, 2.4427343095712746e+002, -1.2930444657457789e+000, 1.0838652637091689e+001, 0.0000000000000000e+000, 1.3999999999999999e+000, 2.3168863429892733e-001
61100, 1.8896327517835974e+001, 2.6979111190196710e-004, 2.4399873266596711e+002, -1.2877736637668313e+000, 1.0830473224947394e+001, 0.0000000000000000e+000, 1.3999999999999999e+000, 2.3168863425991815e-001
61200, 1.8638400807455394e+001, 2.6640849800520331e-004, 2.4372404293509808e+002, -1.2817724224179687e+000, 1.0821725253288985e+001, 0.0000000000000000e+000, 1.3999999999999999e+000, 2.3168863434519538e-001
61300, 1.8383717650372574e+001, 2.6306465562046788e-004, 2.4344936176412020e+002, -1.2750503698892244e+000, 1.0812367389959995e+001, 0.0000000000000000e+000, 1.3999999999999999e+000, 2.3168863433530024e-001
61400, 1.8132240740122864e+001, 2.5975918204029373e-004, 2.4317468915263331e+002, -1.2676161451454977e+000, 1.0802356947875689e+001, 0.0000000000000000e+000, 1.3999999999999999e+000, 2.3168863421492489e-001
61500, 1.7883933159313102e+001, 2.5649167830758623e-004, 2.4290002510023734e+002, -1.2594794860416976e+000, 1.0791652707262108e+001, 0.0000000000000000e+000, 1.3999999999999999e+000, 2.3168863436859527e-001
61600, 1.7638758375980625e+001, 2.5326174918471504e-004, 2.4262536960653225e+002, -1.2506492859820837e+000, 1.0780212334181027e+001, 0.0000000000000000e+000, 1.3999999999999999e+000, 2.3168863417794300e-001
61700, 1.7396680239982128e+001, 2.5006900312282292e-004, 2.4235072267111795e+002, -1.2411343318564367e+000, 1.0767993372666389e+001, 0.0000000000000000e+000, 1.3999999999999999e+000, 2.3168863433877071e-001
61800, 1.7157662979412827e+001, 2.4691305223135945e-004, 2.4207608429359453e+002, -1.2309445144222286e+000, 1.0754954754567077e+001, 0.0000000000000000e+000, 1.3999999999999999e+000, 2.3168863431600792e-001
61900, 1.6921671197055012e+001, 2.4379351224782924e-004, 2.4180145447356193e+002, -1.2200882185906312e+000, 1.0741053502754607e+001, 0.0000000000000000e+000, 1.3999999999999999e+000, 2.3168863444704310e-001
62000, 1.6688669866856596e+001, 2.4071000250776355e-004, 2.4152683321062023e+002, -1.2085754341279067e+000, 1.0726248714316656e+001, 0.0000000000000000e+000, 1.3999999999999999e+000, 2.3168863442858845e-001
62100, 1.6458624330438631e+001, 2.3766214591490386e-004, 2.4125222050436946e+002, -1.1964149226793148e+000, 1.0710497899431518e+001, 0.0000000000000000e+000, 1.3999999999999999e+000, 2.3168863430415654e-001
62200, 1.6231500293631967e+001, 2.3464956891160060e-004, 2.4097761635440972e+002, -1.1836153520737505e+000, 1.0693758409758690e+001, 0.0000000000000000e+000, 1.3999999999999999e+000, 2.3168863440491411e-001
62300, 1.6007263823043029e+001, 2.3167190144942902e-004, 2.4070302076034113e+002, -1.1701868600298093e+000, 1.0675989536432821e+001, 0.0000000000000000e+000, 1.3999999999999999e+000, 2.3168863414749866e-001
62400, 1.5785881342648132e+001, 2.2872877696001505e-004, 2.4042843372176384e+002, -1.1561375866400252e+000, 1.0657147956815896e+001, 0.0000000000000000e+000, 1.3999999999999999e+000, 2.3168863432331704e-001
62500, 1.5567319630416275e+001, 2.2581983232607250e-004, 2.4015385523827800e+002, -1.1414777678505190e+000, 1.0637193131383185e+001, 0.0000000000000000e+000, 1.3999999999999999e+000, 2.3168863435383211e-001
62600, 1.5351545814960197e+001, 2.2294470785264953e-004, 2.3987928530948381e+002, -1.1262160354491724e+000, 1.0616082365509074e+001, 0.0000000000000000e+000, 1.3999999999999999e+000, 2.3163845771430297e-001
62700, 1.5138527372215645e+001, 2.2010304723858639e-004, 2.3960472393498148e+002, -1.1103609468862303e+000, 1.0593772838262080e+001, 0.0000000000000000e+000, 1.3999999999999999e+000, 2.3158826971684474e-001
62800, 1.4928232122148298e+001, 2.1729449754817671e-004, 2.3933017111437130e+002, -1.0939228738090006e+000, 1.0570224241776801e+001, 0.0000000000000000e+000, 1.3999999999999999e+000, 2.3153807453017744e-001
62900, 1.4720628225488442e+001, 2.1451870918303673e-004, 2.3905562684725339e+002, -1.0769097182841356e+000, 1.0545392791780825e+001, 0.0000000000000000e+000, 1.3999999999999999e+000, 2.3148786771906590e-001
63000, 1.4515684180493333e+001, 2.1177533585418188e-004, 2.3878109113322819e+002, -1.0593319503175294e+000, 1.0519238436423834e+001, 0.0000000000000000e+000, 1.3999999999999999e+000, 2.3143765320915441e-001
63100, 1.4313368819736345e+001, 2.0906403455430068e-004, 2.3850656397189596e+002, -1.0411980899231865e+000, 1.0491718250735028e+001, 0.0000000000000000e+000, 1.3999999999999999e+000, 2.3138743025560984e-001
63200, 1.4113651306923483e+001, 2.0638446553023488e-004, 2.3823204536285704e+002, -1.0225165832997998e+000, 1.0462789138663403e+001, 0.0000000000000000e+000, 1.3999999999999999e+000, 2.3133719561779281e-001
63300, 1.3916501133736809e+001, 2.0373629225566139e-004, 2.3795753530571181e+002, -1.0032980111411727e+000, 1.0432411322369452e+001, 0.0000000000000000e+000, 1.3999999999999999e+000, 2.3128695379789457e-001
63400, 1.3721888116704239e+001, 2.0111918140396979e-004, 2.3768303380006063e+002, -9.8355007625160551e-001, 1.0400540494599463e+001, 0.0000000000000000e+000, 1.3999999999999999e+000, 2.3123670025571266e-001
63500, 1.3529782394096181e+001, 1.9853280282134363e-004, 2.3740854084550386e+002, -9.6328344718682279e-001, 1.0367137109555463e+001, 0.0000000000000000e+000, 1.3999999999999999e+000, 2.3118643908256067e-001
63600, 1.3340154422848086e+001, 1.9597682950003373e-004, 2.3713405644164206e+002, -9.4250654856133875e-001, 1.0332158015070815e+001, 0.0000000000000000e+000, 1.3999999999999999e+000, 2.3113616932192912e-001
63700, 1.3152974975509299e+001, 1.9345093755183092e-004, 2.3685958058807566e+002, -9.2122771867251385e-001, 1.0295559811978046e+001, 0.0000000000000000e+000, 1.3999999999999999e+000, 2.3108588770784066e-001
63800, 1.2968215137217673e+001, 1.9095480618173163e-004, 2.3658511328440514e+002, -8.9945774121231292e-001, 1.0257303278119521e+001, 0.0000000000000000e+000, 1.3999999999999999e+000, 2.3103559835118465e-001
63900, 1.2785846302699895e+001, 1.8848811766179735e-004, 2.3631065453023098e+002, -8.7720412549969118e-001, 1.0217343524566566e+001, 0.0000000000000000e+000, 1.3999999999999999e+000, 2.3098529809029489e-001
64000, 1.2605840173297445e+001, 1.8605055730520824e-004, 2.3603620432515373e+002, -8.5447772655249088e-001, 1.0175641646173354e+001, 0.0000000000000000e+000, 1.3999999999999999e+000, 2.3093499063113618e-001
64100, 1.2428168754017687e+001, 1.8364181344050523e-004, 2.3576176266877394e+002, -8.3128687724290462e-001, 1.0132154152948910e+001, 0.0000000000000000e+000, 1.3999999999999999e+000, 2.3088467363198914e-001
64200, 1.2252804350610083e+001, 1.8126157738602224e-004, 2.3548732956069222e+002, -8.0764073163772776e-001, 1.0086839061765824e+001, 0.0000000000000000e+000, 1.3999999999999999e+000, 2.3083434720029639e-001
64300, 1.2079719566667645e+001, 1.7890954342451119e-004, 2.3521290500050924e+002, -7.8354659817258110e-001, 1.0039650742983444e+001, 0.0000000000000000e+000, 1.3999999999999999e+000, 2.3078400758102968e-001
64400, 1.1908887300752506e+001, 1.7658540877794557e-004, 2.3493848898782554e+002, -7.5901732502736863e-001, 9.9905543976006239e+000, 0.0000000000000000e+000, 1.3999999999999999e+000, 2.3073366244618032e-001
64500, 1.1740280743546931e+001, 1.7428887358252279e-004, 2.3466408152224187e+002, -7.3406024881379550e-001, 9.9395045170591096e+000, 0.0000000000000000e+000, 1.3999999999999999e+000, 2.3068330740579124e-001
64600, 1.1573873375027826e+001, 1.7201964086383903e-004, 2.3438968260335886e+002, -7.0868453456674863e-001, 9.8864591389853995e+000, 0.0000000000000000e+000, 1.3999999999999999e+000, 2.3063294297067566e-001
64700, 1.1409638961666090e+001, 1.6977741651225738e-004, 2.3411529223077716e+002, -6.8289934102802441e-001, 9.8313762637114834e+000, 0.0000000000000000e+000, 1.3999999999999999e+000, 2.3058256974265612e-001
64800, 1.1247551553649769e+001, 1.6756190925845522e-004, 2.3384091040409766e+002, -6.5671182616664880e-001, 9.7742094971758213e+000, 0.0000000000000000e+000, 1.3999999999999999e+000, 2.3053218288405219e-001
64900, 1.1087585482130915e+001, 1.6537283064915216e-004, 2.3356653712292101e+002, -6.3013514418185679e-001, 9.7149255667768752e+000, 0.0000000000000000e+000, 1.3999999999999999e+000, 2.3048179122036075e-001
65000, 1.0929715356496329e+001, 1.6320989502302061e-004, 2.3329217238684811e+002, -6.0317647617022707e-001, 9.6534782003548276e+000, 0.0000000000000000e+000, 1.3999999999999999e+000, 2.3043138955600959e-001
65100, 1.0773916061661616e+001, 1.6107281948677421e-004, 2.3301781619547967e+002, -5.7584955553164341e-001, 9.5898399541079051e+000, 0.0000000000000000e+000, 1.3999999999999999e+000, 2.3038097867314769e-001
65200, 1.0620162755388613e+001, 1.5896132389143469e-004, 2.3274346854841644e+002, -5.4818637803672521e-001, 9.5240413862717492e+000, 0.0000000000000000e+000, 1.3999999999999999e+000, 2.3033055849825215e-001
65300, 1.0468430865626262e+001, 1.5687513080878064e-004, 2.3246912944525951e+002, -5.2022137255294409e-001, 9.4561223115451796e+000, 0.0000000000000000e+000, 1.3999999999999999e+000, 2.3028012435261350e-001
65400, 1.0318696087873679e+001, 1.5481396550796135e-004, 2.3219479888560960e+002, -4.9199536877172473e-001, 9.3861381508092023e+000, 0.0000000000000000e+000, 1.3999999999999999e+000, 2.3022968494635979e-001
65500, 1.0170934382566784e+001, 1.5277755593229617e-004, 2.3192047686906767e+002, -4.6354281766648447e-001, 9.3141288965100593e+000, 0.0000000000000000e+000, 1.3999999999999999e+000, 2.3017923573149496e-001
65600, 1.0025121972487256e+001, 1.5076563267624410e-004, 2.3164616339523471e+002, -4.3490028814751613e-001, 9.2401396300510488e+000, 0.0000000000000000e+000, 1.3999999999999999e+000, 2.3012877788407676e-001
65700, 9.8812353401936868e+000, 1.4877792896254188e-004, 2.3137185846371159e+002, -4.0610434911822973e-001, 9.1642154267238318e+000, 0.0000000000000000e+000, 1.3999999999999999e+000, 2.3007831011608232e-001
65800, 9.7392512254755221e+000, 1.4681418061952121e-004, 2.3109756207409936e+002, -3.7718934885798416e-001, 9.0863953275633840e+000, 0.0000000000000000e+000, 1.3999999999999999e+000, 2.3002782928573784e-001
65900, 9.5991466228285969e+000, 1.4487412605858907e-004, 2.3082327422599892e+002, -3.4819627253241792e-001, 9.0067363207519389e+000, 0.0000000000000000e+000, 1.3999999999999999e+000, 2.2997734256729618e-001
66000, 9.4608987789530943e+000, 1.4295750625188417e-004, 2.3054899491901148e+002, -3.1915949524869919e-001, 8.9252775884215136e+000, 0.0000000000000000e+000, 1.3999999999999999e+000, 2.2992684649798120e-001
66100, 9.3244851902727923e+000, 1.4106406471009494e-004, 2.3027472415273803e+002, -2.9011557109343122e-001, 8.8420642298461445e+000, 0.0000000000000000e+000, 1.3999999999999999e+000, 2.2987634157157913e-001
66200, 9.1898836004762181e+000, 1.3919354746044855e-004, 2.3000046192677962e+002, -2.6110107531238402e-001, 8.7571413167581920e+000, 0.0000000000000000e+000, 1.3999999999999999e+000, 2.2982582643512076e-001
66300, 9.0570719980792873e+000, 1.3734570302486717e-004, 2.2972620824073735e+002, -2.3215037507284350e-001, 8.6705472283532732e+000, 0.0000000000000000e+000, 1.3999999999999999e+000, 2.2977529839143887e-001
66400, 8.9260286140090503e+000, 1.3552028239828629e-004, 2.2945196309421240e+002, -2.0330444746094775e-001, 8.5823402961377937e+000, 0.0000000000000000e+000, 1.3999999999999999e+000, 2.2972476460373062e-001
66500, 8.7967319192086180e+000, 1.3371703902713810e-004, 2.2917772648680588e+002, -1.7459765362304180e-001, 8.4925590359008680e+000, 0.0000000000000000e+000, 1.3999999999999999e+000, 2.2967422142321378e-001
66600, 8.6691606222631723e+000, 1.3193572878799956e-004, 2.2890349841811906e+002, -1.4606656060775766e-001, 8.4012485008170614e+000, 0.0000000000000000e+000, 1.3999999999999999e+000, 2.2962366893508435e-001
66700, 8.5432936670464290e+000, 1.3017610996639734e-004, 2.2862927888775306e+002, -1.1774773839486181e-001, 8.3084537853322455e+000, 0.0000000000000000e+000, 1.3999999999999999e+000, 2.2957310668045716e-001
66800, 8.4191102303882630e+000, 1.2843794323578100e-004, 2.2835506789530922e+002, -8.9675615377779974e-002, 8.2142127348032030e+000, 0.0000000000000000e+000, 1.3999999999999999e+000, 2.2952253144157311e-001
66900, 8.2965897197622525e+000, 1.2672099163664818e-004, 2.2808086544038869e+002, -6.1891055103097635e-002, 8.1185847851216391e+000, 0.0000000000000000e+000, 1.3999999999999999e+000, 2.2947195044690299e-001
67000, 8.1757117709940879e+000, 1.2502502055583583e-004, 2.2780667152259281e+002, -3.4428465212596404e-002, 8.0216078978052767e+000, 0.0000000000000000e+000, 1.3999999999999999e+000, 2.2942135982888034e-001
67100, 8.0564562459896649e+000, 1.2334979770596251e-004, 2.2753248614152284e+002, -7.3244184580711115e-003, 7.9233271399662550e+000, 0.0000000000000000e+000, 1.3999999999999999e+000, 2.2937075979705457e-001
67200, 7.9388032304835594e+000, 1.2169509310503244e-004, 2.2725830929678017e+002, 1.9384516883441037e-002, 7.8237875681395410e+000, 0.0000000000000000e+000, 1.3999999999999999e+000, 2.2932015072531386e-001
67300, 7.8227330318071742e+000, 1.2006067905619277e-004, 2.2698414098796616e+002, 4.5663764494585660e-002, 7.7230265504583580e+000, 0.0000000000000000e+000, 1.3999999999999999e+000, 2.2926952757891769e-001
67400, 7.7082261766766216e+000, 1.1844633012764568e-004, 2.2670998121468216e+002, 7.1472746907308468e-002, 7.6211045275448166e+000, 0.0000000000000000e+000, 1.3999999999999999e+000, 2.2921889966918493e-001
67500, 7.5952634090001832e+000, 1.1685182313271438e-004, 2.2643582997652962e+002, 9.6776911827290715e-002, 7.5180589344951887e+000, 0.0000000000000000e+000, 1.3999999999999999e+000, 2.2916826143613006e-001
67600, 7.4838256877051883e+000, 1.1527693711006222e-004, 2.2616168727310992e+002, 1.2153969329009218e-001, 7.4139348409929706e+000, 0.0000000000000000e+000, 1.3999999999999999e+000, 2.2911761413403048e-001
67700, 7.3738941845841337e+000, 1.1372145330406303e-004, 2.2588755310402448e+002, 1.4572452546775444e-001, 7.3087773464961492e+000, 0.0000000000000000e+000, 1.3999999999999999e+000, 2.2906695748608191e-001
67800, 7.2654502821600175e+000, 1.1218515514532364e-004, 2.2561342746887493e+002, 1.6929662217200825e-001, 7.2026233612794233e+000, 0.0000000000000000e+000, 1.3999999999999999e+000, 2.2901628697739917e-001
67900, 7.1584755715702233e+000, 1.1066782823135030e-004, 2.2533931036726261e+002, 1.9221579785079038e-001, 7.0955341928045419e+000, 0.0000000000000000e+000, 1.3999999999999999e+000, 2.2896561140567934e-001
68000, 7.0529518504699187e+000, 1.0916926030737385e-004, 2.2506520179878922e+002, 2.1444732263714814e-001, 6.9875468260566391e+000, 0.0000000000000000e+000, 1.3999999999999999e+000, 2.2891492611336728e-001
68100, 6.9488611209534445e+000, 1.0768924124731297e-004, 2.2479110176305622e+002, 2.3595462771850687e-001, 6.8787063532317303e+000, 0.0000000000000000e+000, 1.3999999999999999e+000, 2.2886423124248165e-001
68200, 6.8461855874945785e+000, 1.0622756303488897e-004, 2.2451701025966517e+002, 2.5670114073923489e-001, 6.7690578398242813e+000, 0.0000000000000000e+000, 1.3999999999999999e+000, 2.2881352665295074e-001
68300, 6.7449076549051590e+000, 1.0478401974488638e-004, 2.2424292728821771e+002, 2.7665177765665872e-001, 6.6586379126575039e+000, 0.0000000000000000e+000, 1.3999999999999999e+000, 2.2876280902464452e-001
68400, 6.6450099263118849e+000, 1.0335840752455755e-004, 2.2396885284831546e+002, 2.9576694317466945e-001, 6.5475085089612275e+000, 0.0000000000000000e+000, 1.3999999999999999e+000, 2.2871208566540058e-001
68500, 6.5464752011511509e+000, 1.0195052457516992e-004, 2.2369478693956015e+002, 3.1401161362513969e-001, 6.4357062827194254e+000, 0.0000000000000000e+000, 1.3999999999999999e+000, 2.2866135297926893e-001
68600, 6.4492864731819841e+000, 1.0056017113369891e-004, 2.2342072956155337e+002, 3.3134921205072326e-001, 6.3232763351325909e+000, 0.0000000000000000e+000, 1.3999999999999999e+000, 2.2861061068611266e-001
68700, 6.3534269285166358e+000, 9.9187149454660003e-005, 2.2314668071389684e+002, 3.4774318407409255e-001, 6.2102637430995564e+000, 0.0000000000000000e+000, 1.3999999999999999e+000, 2.2855985864173584e-001
68800, 6.2588799436690108e+000, 9.7831263792084590e-005, 2.2287264039619234e+002, 3.6315809712028901e-001, 6.0967048930643246e+000, 0.0000000000000000e+000, 1.3999999999999999e+000, 2.2850909331951808e-001
68900, 6.1656290836204510e+000, 9.6492320381633180e-005, 2.2259860860804150e+002, 3.7755502406997160e-001, 5.9826621839413416e+000, 0.0000000000000000e+000, 1.3999999999999999e+000, 2.2845832223720022e-001
69000, 6.0736580999031462e+000, 9.5170127422851186e-005, 2.2232458534904629e+002, 3.9089860874427723e-001, 5.8681720329661351e+000, 0.0000000000000000e+000, 1.3999999999999999e+000, 2.2840754188379422e-001
69100, 5.9829509287005074e+000, 9.3864495061558487e-005, 2.2205057061880842e+002, 4.0315229472099301e-001, 5.7532795396120031e+000, 0.0000000000000000e+000, 1.3999999999999999e+000, 2.2835675184058987e-001
69200, 5.8934916889649358e+000, 9.2575235372380576e-005, 2.2177656441692966e+002, 4.1427950445630840e-001, 5.6380297836074300e+000, 0.0000000000000000e+000, 1.3999999999999999e+000, 2.2830595233945566e-001
69300, 5.8052646805525088e+000, 9.1302162341414645e-005, 2.2150256674301198e+002, 4.2424439725775975e-001, 5.5224589859310056e+000, 0.0000000000000000e+000, 1.3999999999999999e+000, 2.2825513975377992e-001
69400, 5.7182543823743659e+000, 9.0045091849029246e-005, 2.2122857759665715e+002, 4.3300887270604399e-001, 5.4066298806681985e+000, 0.0000000000000000e+000, 1.3999999999999999e+000, 2.2820432097335949e-001
69500, 5.6324454505650881e+000, 8.8803841652802299e-005, 2.2095459697746711e+002, 4.4053716876024140e-001, 5.2905787398256843e+000, 0.0000000000000000e+000, 1.3999999999999999e+000, 2.2815349263870824e-001
69600, 5.5478227166675058e+000, 8.7578231370590527e-005, 2.2068062488504387e+002, 4.4679271788340374e-001, 5.1743506197900233e+000, 0.0000000000000000e+000, 1.3999999999999999e+000, 2.2810265475513050e-001
69700, 5.4643711858338717e+000, 8.6368082463730205e-005, 2.2040666131898928e+002, 4.5173895842994777e-001, 5.0579906311350848e+000, 0.0000000000000000e+000, 1.3999999999999999e+000, 2.2805180762738389e-001
69800, 5.3820760350436903e+000, 8.5173218220374746e-005, 2.2013270627890540e+002, 4.5533953972087787e-001, 4.9415349093141741e+000, 0.0000000000000000e+000, 1.3999999999999999e+000, 2.2800094673444660e-001
69900, 5.3009226113373638e+000, 8.3993463738957520e-005, 2.1985875976439416e+002, 4.5755734597555919e-001, 4.8250463588906962e+000, 0.0000000000000000e+000, 1.3999999999999999e+000, 2.2795008062065117e-001
70000, 5.2208964300662313e+000, 8.2828645911789726e-005, 2.1958482177505761e+002, 4.5835613250555507e-001, 4.7085611095959541e+000, 0.0000000000000000e+000, 1.3999999999999999e+000, 2.2789920501223601e-001
70100, 5.1419831731583727e+000, 8.1678593408784648e-005, 2.1931089231049779e+002, 4.5771355904642980e-001, 4.5921242785644276e+000, 0.0000000000000000e+000, 1.3999999999999999e+000, 2.2784831984244799e-001
70200, 5.0641686874003140e+000, 8.0543136661311924e-005, 2.1903697137031685e+002, 4.5566417101124163e-001, 4.4757807499793447e+000, 0.0000000000000000e+000, 1.3999999999999999e+000, 2.2779742486931551e-001
70300, 4.9874389827343606e+000, 7.9422107846177992e-005, 2.1876305895411684e+002, 4.5225644508454899e-001, 4.3595666232131149e+000, 0.0000000000000000e+000, 1.3999999999999999e+000, 2.2774651607095886e-001
70400, 4.9117802305715434e+000, 7.8315340869734211e-005, 2.1848915506149987e+002, 4.4753965922539612e-001, 4.2435444887584328e+000, 0.0000000000000000e+000, 1.3999999999999999e+000, 2.2769560182448612e-001
70500, 4.8371787621200459e+000, 7.7222671352111192e-005, 2.1821525969206812e+002, 4.4156240454250961e-001, 4.1277504314219344e+000, 0.0000000000000000e+000, 1.3999999999999999e+000, 2.2764467798789570e-001
70600, 4.7636210667289003e+000, 7.6143936611577459e-005, 2.1794137284542376e+002, 4.3437343825810926e-001, 4.0122293464821226e+000, 0.0000000000000000e+000, 1.3999999999999999e+000, 2.2759374470342023e-001
70700, 4.6910937902468772e+000, 7.5078975649022200e-005, 2.1766749452116898e+002, 4.2602154979469020e-001, 3.8970261428275039e+000, 0.0000000000000000e+000, 1.3999999999999999e+000, 2.2754280163629603e-001
70800, 4.6195837333965120e+000, 7.4027629132562088e-005, 2.1739362471890601e+002, 4.1655473861397446e-001, 3.7821769872365567e+000, 0.0000000000000000e+000, 1.3999999999999999e+000, 2.2749184541743533e-001
70900, 4.5490778501630311e+000, 7.2989739382269957e-005, 2.1711976343823710e+002, 4.0602324257818778e-001, 3.6677443196445170e+000, 0.0000000000000000e+000, 1.3999999999999999e+000, 2.2744088314855807e-001
71000, 4.4795632461981763e+000, 7.1965150355025786e-005, 2.1684591067876460e+002, 3.9447514703982278e-001, 3.5537642754309764e+000, 0.0000000000000000e+000, 1.3999999999999999e+000, 2.2738991145832249e-001
71100, 4.4110271772386209e+000, 7.0953707629486837e-005, 2.1657206644009071e+002, 3.8195922216409789e-001, 3.4402817506358212e+000, 0.0000000000000000e+000, 1.3999999999999999e+000, 2.2733893016133411e-001
71200, 4.3434570475391894e+000, 6.9955258391180811e-005, 2.1629823072181770e+002, 3.6852425184608772e-001, 3.3273416946757060e+000, 0.0000000000000000e+000, 1.3999999999999999e+000, 2.2728793945829687e-001
71300, 4.2768404083204317e+000, 6.8969651417716206e-005, 2.1602440352354810e+002, 3.5421788458261377e-001, 3.2149804302822753e+000, 0.0000000000000000e+000, 1.3999999999999999e+000, 2.2723693534362638e-001
71400, 4.2111649562305118e+000, 6.7996737064110420e-005, 2.1575058484488420e+002, 3.3909108317229752e-001, 3.1032600310275389e+000, 0.0000000000000000e+000, 1.3999999999999999e+000, 2.2718592518412573e-001
71500, 4.1464185318214728e+000, 6.7036367248237124e-005, 2.1547677468542838e+002, 3.2319156987752989e-001, 2.9922168135357134e+000, 0.0000000000000000e+000, 1.3999999999999999e+000, 2.2713490543695014e-001
71600, 4.0825891180395857e+000, 6.6088395436389967e-005, 2.1520297304478305e+002, 3.0656810842076948e-001, 2.8818956844985562e+000, 0.0000000000000000e+000, 1.3999999999999999e+000, 2.2708387604945099e-001
71700, 4.0196648387297200e+000, 6.5152676628961928e-005, 2.1492917992255073e+002, 2.8926948841847677e-001, 2.7723415699801861e+000, 0.0000000000000000e+000, 1.3999999999999999e+000, 2.2703283720082151e-001
71800, 3.9576339571535937e+000, 6.4229067346239680e-005, 2.1465539531833380e+002, 2.7134307700992655e-001, 2.6635910857602925e+000, 0.0000000000000000e+000, 1.3999999999999999e+000, 2.2698178508021882e-001
71900, 3.8964955070828222e+000, 6.3294958991637668e-005, 2.1445829945123913e+002, 2.5284040638826411e-001, 2.5557057860115204e+000, 0.0000000000000000e+000, 1.3999999999999999e+000, 2.2693072667976152e-001
72000, 3.8362489080812758e+000, 6.2373182191730744e-005, 2.1426275118739736e+002, 2.3380889572546792e-001, 2.4487222215998683e+000, 0.0000000000000000e+000, 1.3999999999999999e+000, 2.2687965904027416e-001
72100, 3.7768819219685472e+000, 6.1464034178333157e-005, 2.1406720900700060e+002, 2.1429732642508784e-001, 2.3426852837401602e+000, 0.0000000000000000e+000, 1.3999999999999999e+000, 2.2682858175751397e-001
72200, 3.7183824637346179e+000, 6.0567352820236078e-005, 2.1387167290976492e+002, 1.9435447512404488e-001, 2.2376399274245635e+000, 0.0000000000000000e+000, 1.3999999999999999e+000, 2.2677749515266948e-001
72300, 3.6607386040063634e+000, 5.9682977928050274e-005, 2.1367614289540657e+002, 1.7402755349657598e-001, 2.1336231521981230e+000, 0.0000000000000000e+000, 1.3999999999999999e+000, 2.2672639450072052e-001
72400, 3.6039385671768391e+000, 5.8810751232617889e-005, 2.1348061896364158e+002, 1.5336842789868854e-001, 2.0306957349852133e+000, 0.0000000000000000e+000, 1.3999999999999999e+000, 2.2667528838929349e-001
72500, 3.5479707295555878e+000, 5.7950516363647586e-005, 2.1328510111418626e+002, 1.3242435642807687e-001, 1.9288945931012169e+000, 0.0000000000000000e+000, 1.3999999999999999e+000, 2.2662417238407692e-001
72600, 3.4928236175394907e+000, 5.7102118828567547e-005, 2.1308958934675672e+002, 1.1124410701495278e-001, 1.8282647064525788e+000, 0.0000000000000000e+000, 1.3999999999999999e+000, 2.2658592868496727e-001
72700, 3.4384859058042241e+000, 5.6265405991598045e-005, 2.1289408366106917e+002, 8.9876450123087037e-002, 1.7288509125170057e+000, 0.0000000000000000e+000, 1.3999999999999999e+000, 2.2654775559277063e-001
72800, 3.3849464155158500e+000, 5.5440227053037556e-005, 2.1269858405683991e+002, 6.8368521441867766e-002, 1.6306907204290546e+000, 0.0000000000000000e+000, 1.3999999999999999e+000, 2.2650930049082785e-001
72900, 3.3321941125624233e+000, 5.4626433028762094e-005, 2.1250309053378510e+002, 4.6772385294385488e-002, 1.5338440056642997e+000, 0.0000000000000000e+000, 1.3999999999999999e+000, 2.2647056593826650e-001
73000, 3.2802181058054525e+000, 5.3823876729935988e-005, 2.1230760309162102e+002, 2.5135174514879656e-002, 1.4383481559821396e+000, 0.0000000000000000e+000, 1.3999999999999999e+000, 2.2643154775976473e-001
73100, 3.2290076453510683e+000, 5.3032412742933543e-005, 2.1211212173006402e+002, 3.5056653838779757e-003, 1.3442480732881636e+000, 0.0000000000000000e+000, 1.3999999999999999e+000, 2.2639224081935536e-001
73200, 3.1785521208404104e+000, 5.2251897409464697e-005, 2.1191664644883033e+002, -1.8067364540395783e-002, 1.2515886726595751e+000, 0.0000000000000000e+000, 1.3999999999999999e+000, 2.2635264528160176e-001
73300, 3.1288410597594192e+000, 5.1482188806909031e-005, 2.1172117724763632e+002, -3.9536772236253730e-002, 1.1604079619108643e+000, 0.0000000000000000e+000, 1.3999999999999999e+000, 2.2631275825240066e-001
73400, 3.0798641257675228e+000, 5.0723146728851287e-005, 2.1152571412619827e+002, -6.0850507577214510e-002, 1.0707647628435144e+000, 0.0000000000000000e+000, 1.3999999999999999e+000, 2.2627257655821292e-001
73500, 3.0316111170452049e+000, 4.9974632665819256e-005, 2.1133025708423258e+002, -8.1961426160056347e-002, 9.8269696781437244e-001, 0.0000000000000000e+000, 1.3999999999999999e+000, 2.2623210132859523e-001
73600, 2.9840719646601159e+000, 4.9236509786219966e-005, 2.1113480612145557e+002, -1.0282076600902511e-001, 8.9624951857405666e-001, 0.0000000000000000e+000, 1.3999999999999999e+000, 2.2619132930754074e-001
73700, 2.9372367309517440e+000, 4.8508642917475595e-005, 2.1093936123758368e+002, -1.2337974689848950e-001, 8.1146730717267801e-001, 0.0000000000000000e+000, 1.3999999999999999e+000, 2.2615025470517977e-001
73800, 2.8910956079341732e+000, 4.7790898527352797e-005, 2.1074392243233331e+002, -1.4359111033617372e-001, 7.2838897595975938e-001, 0.0000000000000000e+000, 1.3999999999999999e+000, 2.2610887820433537e-001
73900, 2.8456389157169792e+000, 4.7083144705487308e-005, 2.1054848970542085e+002, -1.6340301307299959e-001, 6.4707210485786515e-001, 0.0000000000000000e+000, 1.3999999999999999e+000, 2.2606719862150551e-001
74000, 2.8008571009439742e+000, 4.6385251145100468e-005, 2.1035306305656277e+002, -1.8276822255028474e-001, 5.6755518822369877e-001, 0.0000000000000000e+000, 1.3999999999999999e+000, 2.2602521074835130e-001
74100, 2.7567407352495730e+000, 4.5697089124905203e-005, 2.1015764248547552e+002, -2.0163795896209330e-001, 4.8988317968223738e-001, 0.0000000000000000e+000, 1.3999999999999999e+000, 2.2598291414560584e-001
74200, 2.7132805137326756e+000, 4.5018531491200851e-005, 2.0996222799187552e+002, -2.1996346072148570e-001, 4.1410096350104925e-001, 0.0000000000000000e+000, 1.3999999999999999e+000, 2.2594030633030351e-001
74300, 2.6704672534479141e+000, 4.4349452640155499e-005, 2.0976681957547936e+002, -2.3769726743366654e-001, 3.4024787462711276e-001, 0.0000000000000000e+000, 1.3999999999999999e+000, 2.2589738061010842e-001
74400, 2.6282918919138853e+000, 4.3689728500271075e-005, 2.0957141723600350e+002, -2.5478790413198565e-001, 2.6838012750223583e-001, 0.0000000000000000e+000, 1.3999999999999999e+000, 2.2585414403754650e-001
74500, 2.5867454856384597e+000, 4.3039236515033503e-005, 2.0937602097316451e+002, -2.7118797407125833e-001, 1.9853690823831843e-001, 0.0000000000000000e+000, 1.3999999999999999e+000, 2.2581058567849771e-001
74600, 2.5458192086607583e+000, 4.2397855625742642e-005, 2.0918063078667890e+002, -2.8684868344246611e-001, 1.3076313526308786e-001, 0.0000000000000000e+000, 1.3999999999999999e+000, 2.2576670944020841e-001
74700, 2.5055043511097694e+000, 4.1765466254522625e-005, 2.0898524667626322e+002, -3.0172127879938332e-001, 6.5103705125077183e-002, 0.0000000000000000e+000, 1.3999999999999999e+000, 2.2572250710520531e-001
74800, 2.4657923177793890e+000, 4.1141950287510077e-005, 2.0878986864163406e+002, -3.1575801008599369e-001, 1.5987706859424242e-003, 0.0000000000000000e+000, 1.3999999999999999e+000, 2.2567797459554778e-001
74900, 2.4266746267196693e+000, 4.0527191058218048e-005, 2.0859449668250804e+002, -3.2890794768522558e-001, -5.9697042566738308e-002, 0.0000000000000000e+000, 1.3999999999999999e+000, 2.2563311809195594e-001
75000, 2.3881429078441458e+000, 3.9921073331074387e-005, 2.0839913079860179e+002, -3.4112344694835250e-001, -1.1874378828203251e-001, 0.0000000000000000e+000, 1.3999999999999999e+000, 2.2558792666509650e-001
75100, 2.3501889015530764e+000, 3.9323483285133080e-005, 2.0820377098963192e+002, -3.5236740974584085e-001, -1.7549942173313007e-001, 0.0000000000000000e+000, 1.3999999999999999e+000, 2.2554240360582190e-001
75200, 2.3128044573723958e+000, 3.8734308497956380e-005, 2.0800841725531507e+002, -3.6264960806628865e-001, -2.2993338861060988e-001, 0.0000000000000000e+000, 1.3999999999999999e+000, 2.2549654214953443e-001
75300, 2.2759815326082977e+000, 3.8153437929667368e-005, 2.0781306959536795e+002, -3.7199216767545540e-001, -2.8202199439765069e-001, 0.0000000000000000e+000, 1.3999999999999999e+000, 2.2545033841003279e-001
75400, 2.2397121910171092e+000, 3.7580761907168496e-005, 2.0761772800950718e+002, -3.8041512253005627e-001, -3.3172958476986930e-001, 0.0000000000000000e+000, 1.3999999999999999e+000, 2.2540379749786218e-001
75500, 2.2039886014905457e+000, 3.7016172108528553e-005, 2.0742239249744955e+002, -3.8794067705774665e-001, -3.7903260723233800e-001, 0.0000000000000000e+000, 1.3999999999999999e+000, 2.2535691119866133e-001
75600, 2.1688030367559032e+000, 3.6459561547532037e-005, 2.0722706305891174e+002, -3.9459030193889427e-001, -4.2390343338504755e-001, 0.0000000000000000e+000, 1.3999999999999999e+000, 2.2530968099311449e-001
75700, 2.1341478720912916e+000, 3.5910824558393359e-005, 2.0703173969361049e+002, -4.0038544018825140e-001, -4.6631440493884119e-001, 0.0000000000000000e+000, 1.3999999999999999e+000, 2.2526209664668881e-001
75800, 2.1000155840555417e+000, 3.5369856780631122e-005, 2.0683642240126255e+002, -4.0534791543104554e-001, -5.0624084521587864e-001, 0.0000000000000000e+000, 1.3999999999999999e+000, 2.2521415894667793e-001
75900, 2.0663987492327753e+000, 3.4836555144103176e-005, 2.0664111118158473e+002, -4.0949841258682035e-001, -5.4364899062852567e-001, 0.0000000000000000e+000, 1.3999999999999999e+000, 2.2516587042653871e-001
76000, 2.0332900429914047e+000, 3.4310817854199669e-005, 2.0644580603429375e+002, -4.1285880350811377e-001, -5.7851436511724741e-001, 0.0000000000000000e+000, 1.3999999999999999e+000, 2.2511722337275478e-001
76100, 2.0006822382574114e+000, 3.3792544377192532e-005, 2.0625050695910653e+002, -4.1545055557405530e-001, -6.1080932778009678e-001, 0.0000000000000000e+000, 1.3999999999999999e+000, 2.2506821156498091e-001
76200, 1.9685682043017902e+000, 3.3281635425740693e-005, 2.0605521395573982e+002, -4.1729511516819562e-001, -6.4050622533226065e-001, 0.0000000000000000e+000, 1.3999999999999999e+000, 2.2501883921888216e-001
76300, 1.9369409055420013e+000, 3.2777992944549101e-005, 2.0585992702391050e+002, -4.1841401155623825e-001, -6.6757937789729205e-001, 0.0000000000000000e+000, 1.3999999999999999e+000, 2.2496909478941049e-001
76400, 1.9057934003572248e+000, 3.2281520096179480e-005, 2.0566464616333542e+002, -4.1882852529886860e-001, -6.9199703129348111e-001, 0.0000000000000000e+000, 1.3999999999999999e+000, 2.2491898382998457e-001
76500, 1.8751188399173462e+000, 3.1792121247012264e-005, 2.0546937137373146e+002, -4.1856023014787791e-001, -7.1373367715072755e-001, 0.0000000000000000e+000, 1.3999999999999999e+000, 2.2486849966271719e-001
76600, 1.8449104670254846e+000, 3.1309701953357780e-005, 2.0527410265481552e+002, -4.1763057638983564e-001, -7.3276171323707184e-001, 0.0000000000000000e+000, 1.3999999999999999e+000, 2.2481764052899433e-001
76700, 1.8151616149739287e+000, 3.0834168947715338e-005, 2.0507884000630449e+002, -4.1606103121780269e-001, -7.4905346647663840e-001, 0.0000000000000000e+000, 1.3999999999999999e+000, 2.2476640206687734e-001
76800, 1.7858657064133281e+000, 3.0365430125178487e-005, 2.0488358342791540e+002, -4.1387285678360086e-001, -7.6258223657496349e-001, 0.0000000000000000e+000, 1.3999999999999999e+000, 2.2471477901537895e-001
76900, 1.7570162522350092e+000, 2.9903394529985455e-005, 2.0468833291936508e+002, -4.1108785666466735e-001, -7.7331832605700024e-001, 0.0000000000000000e+000, 1.3999999999999999e+000, 2.2466277392097248e-001
77000, 1.7286068504662719e+000, 2.9447972342213020e-005, 2.0449308848037057e+002, -4.0772733859242349e-001, -7.8123521075153268e-001, 0.0000000000000000e+000, 1.3999999999999999e+000, 2.2461038073827350e-001
77100, 1.7006311851785383e+000, 2.8999074864612835e-005, 2.0429785011064888e+002, -4.0381275267061617e-001, -7.8630525519744687e-001, 0.0000000000000000e+000, 1.3999999999999999e+000, 2.2455759492694552e-001
77200, 1.6730830254081615e+000, 2.8556614509587712e-005, 2.0410261780991689e+002, -3.9936557862036132e-001, -7.8850082161135981e-001, 0.0000000000000000e+000, 1.3999999999999999e+000, 2.2450441569016039e-001
77300, 1.6459562240899039e+000, 2.8120504786309030e-005, 2.0390739157789179e+002, -3.9440685063754832e-001, -7.8779409608879114e-001, 0.0000000000000000e+000, 1.3999999999999999e+000, 2.2445083471637928e-001
77400, 1.6192447170027002e+000, 2.7690660287969741e-005, 2.0371217141429048e+002, -3.8895880055570958e-001, -7.8415754227939982e-001, 0.0000000000000000e+000, 1.3999999999999999e+000, 2.2439685746326032e-001
77500, 1.5929425217278417e+000, 2.7266996679176012e-005, 2.0351695731883012e+002, -3.8304252585456039e-001, -7.7756360622661236e-001, 0.0000000000000000e+000, 1.3999999999999999e+000, 2.2434247344124400e-001
77600, 1.5670437366192720e+000, 2.6849430683473405e-005, 2.0332174929122775e+002, -3.7667948348736258e-001, -7.6798461533746698e-001, 0.0000000000000000e+000, 1.3999999999999999e+000, 2.2428768487460868e-001
77700, 1.5415425397859130e+000, 2.6437880071006835e-005, 2.0312654733120044e+002, -3.6989113729927531e-001, -7.5539293238659022e-001, 0.0000000000000000e+000, 1.3999999999999999e+000, 2.2423248241656768e-001
77800, 1.5164331880859239e+000, 2.6032263646313796e-005, 2.0293135143846527e+002, -3.6269836613644119e-001, -7.3975961243161192e-001, 0.0000000000000000e+000, 1.3999999999999999e+000, 2.2417686188576738e-001
77900, 1.4917100161327317e+000, 2.5632501236248790e-005, 2.0273616161273947e+002, -3.5512374586484557e-001, -7.2105940775470967e-001, 0.0000000000000000e+000, 1.3999999999999999e+000, 2.2412082919360085e-001
78000, 1.4673674353126724e+000, 2.5238513678037234e-005, 2.0254097785374012e+002, -3.4718818214743369e-001, -6.9926359021647455e-001, 0.0000000000000000e+000, 1.3999999999999999e+000, 2.2406437490374745e-001
78100, 1.4433999328141833e+000, 2.4850222807458617e-005, 2.0234580016118440e+002, -3.3891315401970279e-001, -6.7434451849572496e-001, 0.0000000000000000e+000, 1.3999999999999999e+000, 2.2400749371715145e-001
78200, 1.4198020706684182e+000, 2.4467551447157555e-005, 2.0215062853478943e+002, -3.3032010834238068e-001, -6.4627455599937156e-001, 0.0000000000000000e+000, 1.3999999999999999e+000, 2.2395018346530057e-001
78300, 1.3965684848011011e+000, 2.4090423395080543e-005, 2.0195546297427254e+002, -3.2142979940811639e-001, -6.1502355903936023e-001, 0.0000000000000000e+000, 1.3999999999999999e+000, 2.2389243824492150e-001
78400, 1.3736938840955215e+000, 2.3718763413037503e-005, 2.0176030347935077e+002, -3.1226506156781170e-001, -5.8056864187515778e-001, 0.0000000000000000e+000, 1.3999999999999999e+000, 2.2383425788441261e-001
78500, 1.3511730494666194e+000, 2.3352497215388067e-005, 2.0156515004974150e+002, -3.0284669442282869e-001, -5.4287991541594671e-001, 0.0000000000000000e+000, 1.3999999999999999e+000, 2.2377564143171244e-001
78600, 1.3290008329459122e+000, 2.2991551457849271e-005, 2.0137000268516195e+002, -2.9319612848897758e-001, -5.0192972226788213e-001, 0.0000000000000000e+000, 1.3999999999999999e+000, 2.2371657704232228e-001
78700, 1.3071721567772401e+000, 2.2635853726424979e-005, 2.0117486138532934e+002, -2.8333484481367155e-001, -4.5769043657481101e-001, 0.0000000000000000e+000, 1.3999999999999999e+000, 2.2365706692872805e-001
78800, 1.2856820125232404e+000, 2.2285332526456326e-005, 2.0097972614996101e+002, -2.7328351821831193e-001, -4.1013066737741799e-001, 0.0000000000000000e+000, 1.3999999999999999e+000, 2.2359710261544335e-001
78900, 1.2645254601822653e+000, 2.1939917271789162e-005, 2.0078459697877420e+002, -2.6306513818615668e-001, -3.5923001939460381e-001, 0.0000000000000000e+000, 1.3999999999999999e+000, 2.2353668575235827e-001
79000, 1.2436976273158675e+000, 2.1599538274061314e-005, 2.0058947387148629e+002, -2.5270041604752480e-001, -3.0495734875744562e-001, 0.0000000000000000e+000, 1.3999999999999999e+000, 2.2347580990109520e-001
79100, 1.2231937081865258e+000, 2.1264126732104915e-005, 2.0039435682781462e+002, -2.4221078997183637e-001, -2.4728503080528924e-001, 0.0000000000000000e+000, 1.3999999999999999e+000, 2.2341446924123190e-001
79200, 1.2030089629056160e+000, 2.0933614721464603e-005, 2.0019924584747648e+002, -2.3161773790858967e-001, -1.8618540912004869e-001, 0.0000000000000000e+000, 1.3999999999999999e+000, 2.2335266147133737e-001
79300, 1.1831387165915204e+000, 2.0607935184030558e-005, 2.0000414093018932e+002, -2.2094188132813161e-001, -1.2162579887308028e-001, 0.0000000000000000e+000, 1.3999999999999999e+000, 2.2329037856467887e-001
79400, 1.1635783585376649e+000, 2.0287021917783520e-005, 1.9980904207567050e+002, -2.1020632429329936e-001, -5.3588391630665103e-002, 0.0000000000000000e+000, 1.3999999999999999e+000, 2.2322762189813161e-001
79500, 1.1443233413904934e+000, 1.9970809566652661e-005, 1.9961394928363742e+002, -1.9943171849475741e-001, 1.7959233726040157e-002, 0.0000000000000000e+000, 1.3999999999999999e+000, 2.2316438507739755e-001
79600, 1.1253691803372043e+000, 1.9659233610484106e-005, 1.9941886255380751e+002, -1.8863949393134000e-001, 9.3044712353736833e-002, 0.0000000000000000e+000, 1.3999999999999999e+000, 2.2310066445209162e-001
79700, 1.1067114523031492e+000, 1.9352230355119047e-005, 1.9922378188589821e+002, -1.7785112553574986e-001, 1.7169568484214290e-001, 0.0000000000000000e+000, 1.3999999999999999e+000, 2.2303645232283384e-001
79800, 1.0883457951587980e+000, 1.9049736922580605e-005, 1.9902870727962704e+002, -1.6708725799710836e-001, 2.5394621116691329e-001, 0.0000000000000000e+000, 1.3999999999999999e+000, 2.2297174433905362e-001
79900, 1.0702679069361523e+000, 1.8751691241368070e-005, 1.9883363873471140e+002, -1.5637098529110030e-001, 3.3981138929955834e-001, 0.0000000000000000e+000, 1.3999999999999999e+000, 2.2290654059629181e-001
80000, 1.0524735450545415e+000, 1.8458032036858123e-005, 1.9863857625086882e+002, -1.4572293728920233e-001, 4.2932495976224222e-001, 0.0000000000000000e+000, 1.3999999999999999e+000, 2.2284083443966737e-001
80100, 1.0349585255556333e+000, 1.8168698821810860e-005, 1.9844326258586096e+002, -1.3516293708654442e-001, 5.2249198963002330e-001, 0.0000000000000000e+000, 1.3999999999999999e+000, 2.2277462063648884e-001
80200, 1.0177187223476158e+000, 1.7883631886980550e-005, 1.9824806425381996e+002, -1.2470422221095394e-001, 6.1922710135309900e-001, 0.0000000000000000e+000, 1.3999999999999999e+000, 2.2270789224720411e-001
80300, 1.0007500664584266e+000, 1.7602772291829671e-005, 1.9805291324969843e+002, -1.1435761822156389e-001, 7.1943007954333549e-001, 0.0000000000000000e+000, 1.3999999999999999e+000, 2.2264064162367875e-001
80400, 9.8404854529789809e-001, 1.7326061855344719e-005, 1.9785777563620769e+002, -1.0413628512155096e-001, 8.2297761879114606e-001, 0.0000000000000000e+000, 1.3999999999999999e+000, 2.2257287236144396e-001
80500, 9.6761020192880087e-001, 1.7053443146954002e-005, 1.9766262400696195e+002, -9.4051049196856015e-002, 9.2976928982733897e-001, 0.0000000000000000e+000, 1.3999999999999999e+000, 2.2250457919844677e-001
80600, 9.5143113434660187e-001, 1.6784859477545111e-005, 1.9746743670333962e+002, -8.4113484383699963e-002, 1.0396970670723138e+000, 0.0000000000000000e+000, 1.3999999999999999e+000, 2.2243574953040152e-001
80700, 9.3550749476787975e-001, 1.6520254890581594e-005, 1.9727219709060429e+002, -7.4335205629431217e-002, 1.1526530012486373e+000, 0.0000000000000000e+000, 1.3999999999999999e+000, 2.2236638428175964e-001
80800, 9.1983548892732436e-001, 1.6259574153318274e-005, 1.9707689289096103e+002, -6.4727083316744663e-002, 1.2685380347251252e+000, 0.0000000000000000e+000, 1.3999999999999999e+000, 2.2229646839043454e-001
80900, 9.0441137538315530e-001, 1.6002762748113012e-005, 1.9688151557123706e+002, -5.5302189090349958e-002, 1.3872265104296084e+000, 0.0000000000000000e+000, 1.3999999999999999e+000, 2.2222601155843763e-001
81000, 8.8923146483094762e-001, 1.5749766863835360e-005, 1.9668605978289526e+002, -4.6071376446818843e-002, 1.5086191558103907e+000, 0.0000000000000000e+000, 1.3999999999999999e+000, 2.2215499617019785e-001
81100, 8.7429211942571217e-001, 1.5500533387370039e-005, 1.9649052285209939e+002, -3.7046254367913339e-002, 1.6326079920409977e+000, 0.0000000000000000e+000, 1.3999999999999999e+000, 2.2208342109983797e-001
81200, 8.5958975211216238e-001, 1.5255009895214792e-005, 1.9629490431757100e+002, -2.8238387188417879e-002, 1.7590850498729533e+000, 0.0000000000000000e+000, 1.3999999999999999e+000, 2.2201128394945840e-001
81300, 8.4512082596308069e-001, 1.5013144645171597e-005, 1.9609920551398761e+002, -1.9658773949118486e-002, 1.8879522666621602e+000, 0.0000000000000000e+000, 1.3999999999999999e+000, 2.2193856695038516e-001
81400, 8.3088185352568433e-001, 1.4774886568130265e-005, 1.9590342919869229e+002, -1.1320299729735320e-002, 2.0190819463147158e+000, 0.0000000000000000e+000, 1.3999999999999999e+000, 2.2186527769007508e-001
81500, 8.1686939617589027e-001, 1.4540185259943150e-005, 1.9570757921949675e+002, -3.2338946026055043e-003, 2.1523758897725642e+000, 0.0000000000000000e+000, 1.3999999999999999e+000, 2.2179140690318036e-001
81600, 8.0308006348042704e-001, 1.4308990973390794e-005, 1.9551166022137676e+002, 4.5888185534249002e-003, 2.2877260826027599e+000, 0.0000000000000000e+000, 1.3999999999999999e+000, 2.2171694490162433e-001
81700, 7.8951051256665572e-001, 1.4081254610236611e-005, 1.9531567738987442e+002, 1.2136269261370868e-002, 2.4250245498071661e+000, 0.0000000000000000e+000, 1.3999999999999999e+000, 2.2164188635348375e-001
81800, 7.7615744750007587e-001, 1.3856927713370833e-005, 1.9511963622903730e+002, 1.9397389970948739e-002, 2.5641739913632753e+000, 0.0000000000000000e+000, 1.3999999999999999e+000, 2.2156622249020919e-001
81900, 7.6301761866936402e-001, 1.3635962459041656e-005, 1.9492354237173785e+002, 2.6359457486201519e-002, 2.7050451855041877e+000, 0.0000000000000000e+000, 1.3999999999999999e+000, 2.2148995390311360e-001
82000, 7.5008782217890257e-001, 1.3418311649173379e-005, 1.9472740142023562e+002, 3.3011470784332204e-002, 2.8475406729154091e+000, 0.0000000000000000e+000, 1.3999999999999999e+000, 2.2141306882608217e-001
82100, 7.3736489924871740e-001, 1.3203928703770774e-005, 1.9453121881485637e+002, 3.9341793316956301e-002, 2.9915524956926220e+000, 0.0000000000000000e+000, 1.3999999999999999e+000, 2.2133556373431321e-001
82200, 7.2484573562169419e-001, 1.2992767653407890e-005, 1.9433499972868049e+002, 4.5338853904318084e-002, 3.1369726370875219e+000, 0.0000000000000000e+000, 1.3999999999999999e+000, 2.2125742814890739e-001
82300, 7.1252726097808083e-001, 1.2784783131802059e-005, 1.9413874898614657e+002, 5.0991469722592109e-002, 3.2837043675651540e+000, 0.0000000000000000e+000, 1.3999999999999999e+000, 2.2117865116729798e-001
82400, 7.0040644835706245e-001, 1.2579930368469886e-005, 1.9394247100349344e+002, 5.6287171441763047e-002, 3.4316173277194912e+000, 0.0000000000000000e+000, 1.3999999999999999e+000, 2.2109923727062772e-001
82500, 6.8848031358548800e-001, 1.2378165181467182e-005, 1.9374616974897657e+002, 6.1214800214754533e-002, 3.5806146256292974e+000, 0.0000000000000000e+000, 1.3999999999999999e+000, 2.2101917268160662e-001
82600, 6.7674591471350376e-001, 1.2179443970209093e-005, 1.9354984872081275e+002, 6.5762771604375825e-002, 3.7305883039250678e+000, 0.0000000000000000e+000, 1.3999999999999999e+000, 2.2093845271012288e-001
82700, 6.6520035145717860e-001, 1.1983723708372446e-005, 1.9335351094082171e+002, 6.9919471871279351e-002, 3.8814303799900443e+000, 0.0000000000000000e+000, 1.3999999999999999e+000, 2.2085706394650761e-001
82800, 6.5384076464788288e-001, 1.1790961936876686e-005, 1.9315715896174720e+002, 7.3673578918230856e-002, 4.0330444338627158e+000, 0.0000000000000000e+000, 1.3999999999999999e+000, 2.2077499755571486e-001
82900, 6.4266433568847114e-001, 1.1601116756944831e-005, 1.9296079488625764e+002, 7.7012934613834780e-002, 4.1852993657459470e+000, 0.0000000000000000e+000, 1.3999999999999999e+000, 2.2069225570980547e-001
83000, 6.3166828601613767e-001, 1.1414146823242610e-005, 1.9276442039564077e+002, 7.9926211766152749e-002, 4.3380987076022093e+000, 0.0000000000000000e+000, 1.3999999999999999e+000, 2.2060882859586201e-001
83100, 6.2084987657185020e-001, 1.1230011337094713e-005, 1.9256803678622131e+002, 8.2401842744694698e-002, 4.4913344724548931e+000, 0.0000000000000000e+000, 1.3999999999999999e+000, 2.2052470269804064e-001
83200, 6.1020640727632891e-001, 1.1048670039778056e-005, 1.9237164501154854e+002, 8.4428219264207086e-002, 4.6448986797170377e+000, 0.0000000000000000e+000, 1.3999999999999999e+000, 2.2043987029116779e-001
83300, 5.9973521651249129e-001, 1.0870083205891151e-005, 1.9217524572841290e+002, 8.5993837071437249e-002, 4.7986950784455127e+000, 0.0000000000000000e+000, 1.3999999999999999e+000, 2.2035432226591162e-001
83400, 5.8943368061423340e-001, 1.0694211636797862e-005, 1.9197883934476840e+002, 8.7086871883579720e-002, 4.9525921967689914e+000, 0.0000000000000000e+000, 1.3999999999999999e+000, 2.2026805444603878e-001
83500, 5.7929921336156687e-001, 1.0521016654146329e-005, 1.9178242606765335e+002, 8.7695843144868710e-002, 5.1064937862627975e+000, 0.0000000000000000e+000, 1.3999999999999999e+000, 2.2018105905336419e-001
83600, 5.6932926548195983e-001, 1.0350460093460922e-005, 1.9158600594921333e+002, 8.7809166324231094e-002, 5.2602918387006268e+000, 0.0000000000000000e+000, 1.3999999999999999e+000, 2.2009332155189934e-001
83700, 5.5952132415785893e-001, 1.0182504297807278e-005, 1.9138957892895255e+002, 8.7415241293965842e-002, 5.4138783658402527e+000, 0.0000000000000000e+000, 1.3999999999999999e+000, 2.2000483879634802e-001
83800, 5.4987291254028614e-001, 1.0017112111529049e-005, 1.9119314487034808e+002, 8.6502386236183060e-002, 5.5671570719922343e+000, 0.0000000000000000e+000, 1.3999999999999999e+000, 2.1991559104651717e-001
83900, 5.4038158926849222e-001, 9.8542468740565124e-006, 1.9099670358998162e+002, 8.5059134141254003e-002, 5.7199965586155015e+000, 0.0000000000000000e+000, 1.3999999999999999e+000, 2.1982558121766055e-001
84000, 5.3104494799552149e-001, 9.6938724137849567e-006, 1.9080025487735628e+002, 8.3073837472963333e-002, 5.8723005440787750e+000, 0.0000000000000000e+000, 1.3999999999999999e+000, 2.1973479709243357e-001
84100, 5.2186061691970720e-001, 9.5359530420236267e-006, 1.9060379850358325e+002, 8.0534897304496603e-002, 6.0239610422850483e+000, 0.0000000000000000e+000, 1.3999999999999999e+000, 2.1964322879397147e-001
84200, 5.1282625832195528e-001, 9.3804535470132107e-006, 1.9040733421713588e+002, 7.7430727447941231e-002, 6.1748700549524589e+000, 0.0000000000000000e+000, 1.3999999999999999e+000, 2.1955086147450903e-001
84300, 5.0393956810880081e-001, 9.2273391880120296e-006, 1.9021086172488782e+002, 7.3749403570545352e-002, 6.3249310027214882e+000, 0.0000000000000000e+000, 1.3999999999999999e+000, 2.1945768279224270e-001
84400, 4.9519827536113947e-001, 9.0765756894496422e-006, 1.9001438065666287e+002, 6.9479916168652192e-002, 6.4740129932472881e+000, 0.0000000000000000e+000, 1.3999999999999999e+000, 2.1936369576896567e-001
84500, 4.8660014188858969e-001, 8.9281292351475705e-006, 1.8981789051154337e+002, 6.4610393390203510e-002, 6.6220195132483068e+000, 0.0000000000000000e+000, 1.3999999999999999e+000, 2.1926888453135995e-001
84600, 4.7814296178940296e-001, 8.7819664626060669e-006, 1.8962139058419663e+002, 5.9129237722267795e-002, 6.7688425829693815e+000, 0.0000000000000000e+000, 1.3999999999999999e+000, 2.1917323361388327e-001
84700, 4.6982456101586983e-001, 8.6380544573564905e-006, 1.8942487986949698e+002, 5.3024861407708367e-002, 6.9143741832678733e+000, 0.0000000000000000e+000, 1.3999999999999999e+000, 2.1907673585294257e-001
84800, 4.6164279694517407e-001, 8.4963607473788343e-006, 1.8922835694373248e+002, 4.6285110301868874e-002, 7.0585172699506513e+000, 0.0000000000000000e+000, 1.3999999999999999e+000, 2.1897937716653357e-001
84900, 4.5359555795557183e-001, 8.3568532975826840e-006, 1.8903181982070504e+002, 3.8899438217268392e-002, 7.2011418748495428e+000, 0.0000000000000000e+000, 1.3999999999999999e+000, 2.1888115403890038e-001
85000, 4.4568076300792919e-001, 8.2195005043526020e-006, 1.8883526578104488e+002, 3.0855734033724630e-002, 7.3421510189936425e+000, 0.0000000000000000e+000, 1.3999999999999999e+000, 2.1878205052038890e-001
85100, 4.3789636123246184e-001, 8.0842711901555887e-006, 1.8863869117307721e+002, 2.2152817330411669e-002, 7.4814470439627581e+000, 0.0000000000000000e+000, 1.3999999999999999e+000, 2.1868205934542900e-001
85200, 4.3024033152066854e-001, 7.9511345982108887e-006, 1.8844209118359302e+002, 1.2831083224960420e-002, 7.6189735597673991e+000, 0.0000000000000000e+000, 1.3999999999999999e+000, 2.1858116225729229e-001
85300, 4.2271068212241214e-001, 7.8200603872217357e-006, 1.8824545957689386e+002, 2.9405599696141278e-003, 7.7546947640651140e+000, 0.0000000000000000e+000, 1.3999999999999999e+000, 2.1847934351668827e-001
85400, 4.1530545024802451e-001, 7.6910186261672146e-006, 1.8804878840049196e+002, -7.4664348638899172e-003, 7.8885438895743594e+000, 0.0000000000000000e+000, 1.3999999999999999e+000, 2.1837660974352094e-001
85500, 4.0802270167545041e-001, 7.5639797891549615e-006, 1.8785206765586619e+002, -1.8339846099262813e-002, 8.0204852502639010e+000, 0.0000000000000000e+000, 1.3999999999999999e+000, 2.1827293911056192e-001
85600, 4.0086053036232494e-001, 7.4389147503331664e-006, 1.8765528493268641e+002, -2.9628860304286145e-002, 8.1504728125494044e+000, 0.0000000000000000e+000, 1.3999999999999999e+000, 2.1816831667047654e-001
85700, 3.9381705806293260e-001, 7.3157947788613874e-006, 1.8745842500493748e+002, -4.1282676354943426e-002, 8.2784604647655460e+000, 0.0000000000000000e+000, 1.3999999999999999e+000, 2.1806273495766346e-001
85800, 3.8689043395001899e-001, 7.1945915339400187e-006, 1.8726146938738628e+002, -5.3251434231180526e-002, 8.4044116715724222e+000, 0.0000000000000000e+000, 1.3999999999999999e+000, 2.1795617114393065e-001
85900, 3.8007883424135758e-001, 7.0752770598970881e-006, 1.8706439585085238e+002, -6.5482467121434809e-002, 8.5282611618913702e+000, 0.0000000000000000e+000, 1.3999999999999999e+000, 2.1784862944143413e-001
86000, 3.7341900338807638e-001, 6.9585683484487806e-006, 1.8686730000000000e+002, -7.7925917047104221e-002, 8.6499724882756386e+000, 0.0000000000000000e+000, 1.3999999999999999e+000, 2.1774009037550041e-001
86100, 3.6681914166342239e-001, 6.8354555435475681e-006, 1.8686730000000000e+002, -9.0530957022292094e-002, 8.7694996128608587e+000, 0.0000000000000000e+000, 1.3999999999999999e+000, 2.1763053820159947e-001
86200, 3.6034244186348341e-001, 6.7146443364415362e-006, 1.8686730000000000e+002, -1.0324678788677691e-001, 8.8867964703220945e+000, 0.0000000000000000e+000, 1.3999999999999999e+000, 2.1751996348048758e-001
86300, 3.5398532603769273e-001, 6.5960668689427256e-006, 1.8686730000000000e+002, -1.1602357843702822e-001, 9.0018256332798448e+000, 0.0000000000000000e+000, 1.3999999999999999e+000, 2.1740834479174620e-001
86400, 3.4774450066344942e-001, 6.4796607024822471e-006, 1.8686730000000000e+002, -1.2880858159708000e-001, 9.1145234822576509e+000, 0.0000000000000000e+000, 1.3999999999999999e+000, 2.1729568232867932e-001
86500, 3.4161692561610524e-001, 6.3653682309392835e-006, 1.8686730000000000e+002, -1.4155197606670805e-001, 9.2248527917408403e+000, 0.0000000000000000e+000, 1.3999999999999999e+000, 2.1718195776273677e-001
86600, 3.3559978603022428e-001, 6.2531361479642329e-006, 1.8686730000000000e+002, -1.5420294127616346e-001, 9.3327675029881902e+000, 0.0000000000000000e+000, 1.3999999999999999e+000, 2.1706715663757947e-001
86700, 3.2969046682495035e-001, 6.1429149645098822e-006, 1.8686730000000000e+002, -1.6671068512142467e-001, 9.4382215016923876e+000, 0.0000000000000000e+000, 1.3999999999999999e+000, 2.1695126818302413e-001
86800, 3.2388652968407949e-001, 6.0346585726223533e-006, 1.8686730000000000e+002, -1.7902533102261356e-001, 9.5411764991440720e+000, 0.0000000000000000e+000, 1.3999999999999999e+000, 2.1683426904283148e-001
86900, 3.1818569229764354e-001, 5.9283238518513561e-006, 1.8686730000000000e+002, -1.9109421218716674e-001, 9.6415706799482965e+000, 0.0000000000000000e+000, 1.3999999999999999e+000, 2.1671616162245605e-001
87000, 3.1258580968588190e-001, 5.8238703149064870e-006, 1.8686730000000000e+002, -2.0286744031988851e-001, 9.7393659095463700e+000, 0.0000000000000000e+000, 1.3999999999999999e+000, 2.1659692295387317e-001
87100, 3.0708485743986935e-001, 5.7212597894400017e-006, 1.8686730000000000e+002, -2.1429424955391810e-001, 9.8345161186492653e+000, 0.0000000000000000e+000, 1.3999999999999999e+000, 2.1647654154866236e-001
87200, 3.0168091672447545e-001, 5.6204561330525616e-006, 1.8686730000000000e+002, -2.2532380683985609e-001, 9.9269752044321500e+000, 0.0000000000000000e+000, 1.3999999999999999e+000, 2.1635500545745159e-001
87300, 2.9637216090044899e-001, 5.5214249788286015e-006, 1.8686730000000000e+002, -2.3590610761313316e-001, 1.0016703838271127e+001, 0.0000000000000000e+000, 1.3999999999999999e+000, 2.1623228867254990e-001
87400, 2.9115684363208333e-001, 5.4241335088905741e-006, 1.8686730000000000e+002, -2.4598873231204318e-001, 1.0103642219276233e+001, 0.0000000000000000e+000, 1.3999999999999999e+000, 2.1610839615952801e-001
87500, 2.8603328835616054e-001, 5.3285502536355550e-006, 1.8686730000000000e+002, -2.5552170672074759e-001, 1.0187751228359751e+001, 0.0000000000000000e+000, 1.3999999999999999e+000, 2.1598330515331668e-001
87600, 2.8099987899625845e-001, 5.2346449144757969e-006, 1.8686730000000000e+002, -2.6445421721113022e-001, 1.0268984777998396e+001, 0.0000000000000000e+000, 1.3999999999999999e+000, 2.1585700540607450e-001
87700, 2.7605505181443235e-001, 5.1423882080540040e-006, 1.8686730000000000e+002, -2.7273546120838155e-001, 1.0347296780105866e+001, 0.0000000000000000e+000, 1.3999999999999999e+000, 2.1572947842384291e-001
87800, 2.7119728829944661e-001, 5.0517517300388446e-006, 1.8686730000000000e+002, -2.8031520985057123e-001, 1.0422646763606270e+001, 0.0000000000000000e+000, 1.3999999999999999e+000, 2.1560070002596829e-001
87900, 2.6642510899781013e-001, 4.9627078367391811e-006, 1.8686730000000000e+002, -2.8714147002677559e-001, 1.0494977157120111e+001, 0.0000000000000000e+000, 1.3999999999999999e+000, 2.1547067640357695e-001
88000, 2.6173706820008702e-001, 4.8752295428922494e-006, 1.8686730000000000e+002, -2.9316405000947549e-001, 1.0564247729498135e+001, 0.0000000000000000e+000, 1.3999999999999999e+000, 2.1533938839944644e-001
88100, 2.5713174940109973e-001, 4.7892904340963236e-006, 1.8686730000000000e+002, -2.9833214764006510e-001, 1.0630412380029208e+001, 0.0000000000000000e+000, 1.3999999999999999e+000, 2.1520681600654931e-001
88200, 2.5260776145837199e-001, 4.7048645924658528e-006, 1.8686730000000000e+002, -3.0259495861464758e-001, 1.0693425031633417e+001, 0.0000000000000000e+000, 1.3999999999999999e+000, 2.1507294915438246e-001
88300, 2.4816373537837719e-001, 4.6219265341848587e-006, 1.8686730000000000e+002, -3.0590189461130773e-001, 1.0753244002899633e+001, 0.0000000000000000e+000, 1.3999999999999999e+000, 2.1493776516931773e-001
88400, 2.4379832166540716e-001, 4.5404511577327468e-006, 1.8686730000000000e+002, -3.0820164537306022e-001, 1.0809814103174119e+001, 0.0000000000000000e+000, 1.3999999999999999e+000, 2.1480126633598437e-001
88500, 2.3951018817248360e-001, 4.4604137016429956e-006, 1.8686730000000000e+002, -3.0944368060630373e-001, 1.0863093892365105e+001, 0.0000000000000000e+000, 1.3999999999999999e+000, 2.1466343118010239e-001
88600, 2.3529801839834985e-001, 4.3817897107416310e-006, 1.8686730000000000e+002, -3.0957721908653968e-001, 1.0913037313225784e+001, 0.0000000000000000e+000, 1.3999999999999999e+000, 2.1452424164329922e-001
88700, 2.3116051017878519e-001, 4.3045550098911439e-006, 1.8686730000000000e+002, -3.0855143096738535e-001, 1.0959598246954906e+001, 0.0000000000000000e+000, 1.3999999999999999e+000, 2.1438368925519852e-001
88800, 2.2709637472453534e-001, 4.2286856843413992e-006, 1.8686730000000000e+002, -3.0631531210860297e-001, 1.1002733738207551e+001, 0.0000000000000000e+000, 1.3999999999999999e+000, 2.1424175269882306e-001
88900, 2.2310433596185747e-001, 4.1541580658584499e-006, 1.8686730000000000e+002, -3.0281838272926481e-001, 1.1042391132999335e+001, 0.0000000000000000e+000, 1.3999999999999999e+000, 2.1409843156964031e-001
89000, 2.1918313013536583e-001, 4.0809487238713242e-006, 1.8686730000000000e+002, -2.9800971101403051e-001, 1.1078527734183520e+001, 0.0000000000000000e+000, 1.3999999999999999e+000, 2.1395370212902878e-001
89100, 2.1533150563606487e-001, 4.0090344609367711e-006, 1.8686730000000000e+002, -2.9183851042312631e-001, 1.1111097459522053e+001, 0.0000000000000000e+000, 1.3999999999999999e+000, 2.1380755712821642e-001
89200, 2.1154822302072138e-001, 3.9383923118831708e-006, 1.8686730000000000e+002, -2.8425395693972283e-001, 1.1140054182167313e+001, 0.0000000000000000e+000, 1.3999999999999999e+000, 2.1365997943794887e-001
89300, 2.0783205519160075e-001, 3.8689995460487150e-006, 1.8686730000000000e+002, -2.7520450358879572e-001, 1.1165353591465703e+001, 0.0000000000000000e+000, 1.3999999999999999e+000, 2.1351094927722875e-001
89400, 2.0418178770845063e-001, 3.8008336720825703e-006, 1.8686730000000000e+002, -2.6464071863742333e-001, 1.1186945758209028e+001, 0.0000000000000000e+000, 1.3999999999999999e+000, 2.1336046736376876e-001
89500, 2.0059621920703546e-001, 3.7338724448231470e-006, 1.8686730000000000e+002, -2.5251116232649462e-001, 1.1204786603457119e+001, 0.0000000000000000e+000, 1.3999999999999999e+000, 2.1320851728733844e-001
89600, 1.9707416190119229e-001, 3.6680938738176716e-006, 1.8686730000000000e+002, -2.3876503179500866e-001, 1.1218830043530883e+001, 0.0000000000000000e+000, 1.3999999999999999e+000, 2.1305508010542729e-001
89700, 1.9361444214736870e-001, 3.6034762330846910e-006, 1.8686730000000000e+002, -2.2335149819166492e-001, 1.1229029954159662e+001, 0.0000000000000000e+000, 1.3999999999999999e+000, 2.1290014948185365e-001
89800, 1.9021590105288488e-001, 3.5399980717639584e-006, 1.8686730000000000e+002, -2.0621841077889422e-001, 1.1235340577416405e+001, 0.0000000000000000e+000, 1.3999999999999999e+000, 2.1274369773776042e-001
89900, 1.8687739511108656e-001, 3.4776382253344002e-006, 1.8686730000000000e+002, -1.8731755502457836e-001, 1.1237714812648454e+001, 0.0000000000000000e+000, 1.3999999999999999e+000, 2.1258573479058152e-001
90000, 1.8359779684826716e-001, 3.4163758271130324e-006, 1.8686730000000000e+002, -1.6659688377496398e-001, 1.1236107207101467e+001, 0.0000000000000000e+000, 1.3999999999999999e+000, 2.1242624063989879e-001
90100, 1.8037599546908503e-001, 3.3561903197825139e-006, 1.8686730000000000e+002, -1.4402918495313380e-001, 1.1230500156937291e+001, 0.0000000000000000e+000, 1.3999999999999999e+000, 2.1226520172318344e-001
90200, 1.7721089748861743e-001, 3.2970614667217029e-006, 1.8686730000000000e+002, -1.1968149333683822e-001, 1.1220990138712985e+001, 0.0000000000000000e+000, 1.3999999999999999e+000, 2.1210260127769026e-001
90300, 1.7410142734071388e-001, 3.2389693629422224e-006, 1.8686730000000000e+002, -9.3642428916432055e-002, 1.1207701036539877e+001, 0.0000000000000000e+000, 1.3999999999999999e+000, 2.1193842387276890e-001
90400, 1.7104652795361749e-001, 3.1818944454587476e-006, 1.8686730000000000e+002, -6.6006622583288654e-002, 1.1190759880650919e+001, 0.0000000000000000e+000, 1.3999999999999999e+000, 2.1177267487100176e-001
90500, 1.6804516128507474e-001, 3.1258175029442892e-006, 1.8686730000000000e+002, -3.6862781700436921e-002, 1.1170290815143725e+001, 0.0000000000000000e+000, 1.3999999999999999e+000, 2.1160533698349182e-001
90600, 1.6509630881023613e-001, 3.0707196845422653e-006, 1.8686730000000000e+002, -6.3015669457012454e-003, 1.1146418855015305e+001, 0.0000000000000000e+000, 1.3999999999999999e+000, 2.1143639550799032e-001
90700, 1.6219897195678656e-001, 3.0165825077285769e-006, 1.8686730000000000e+002, 2.5586379415290326e-002, 1.1119268984069944e+001, 0.0000000000000000e+000, 1.3999999999999999e+000, 2.1126584021688022e-001
90800, 1.5935217248256819e-001, 2.9633878651325316e-006, 1.8686730000000000e+002, 5.8712977364016122e-002, 1.1088963807703767e+001, 0.0000000000000000e+000, 1.3999999999999999e+000, 2.1109364948895823e-001
90900, 1.5655495279199089e-001, 2.9111180302450038e-006, 1.8686730000000000e+002, 9.2982541239918268e-002, 1.1055632944334910e+001, 0.0000000000000000e+000, 1.3999999999999999e+000, 2.1091983469701681e-001
91000, 1.5380637618819651e-001, 2.8597556619549086e-006, 1.8686730000000000e+002, 1.2830688448370414e-001, 1.1019399210184265e+001, 0.0000000000000000e+000, 1.3999999999999999e+000, 2.1074437613194735e-001
91100, 1.5110630294802996e-001, 2.8092838078714069e-006, 1.8686825951701815e+002, 1.6459537583026798e-001, 1.0980387601658704e+001, 0.0000000000000000e+000, 1.3999999999999999e+000, 2.1056726072086129e-001
91200, 1.4845456009718905e-001, 2.7596859064000210e-006, 1.8687113814045313e+002, 2.0175737554890899e-001, 1.0938723105428249e+001, 0.0000000000000000e+000, 1.3999999999999999e+000, 2.1038848064452487e-001
91300, 1.4585019500060190e-001, 2.7109457875540734e-006, 1.8687593608747392e+002, 2.3970514399493029e-001, 1.0894527263913178e+001, 0.0000000000000000e+000, 1.3999999999999999e+000, 2.1020801766994071e-001
91400, 1.4329227911487569e-001, 2.6630476724934986e-006, 1.8688265372011978e+002, 2.7834224654558909e-001, 1.0847931836886909e+001, 0.0000000000000000e+000, 1.3999999999999999e+000, 2.1002588234248978e-001
91500, 1.4077990780467001e-001, 2.6159761717911251e-006, 1.8689129154543701e+002, 3.1758090939317973e-001, 1.0799058508073662e+001, 0.0000000000000000e+000, 1.3999999999999999e+000, 2.0984205117612098e-001
91600, 1.3831220009430001e-001, 2.5697162824382571e-006, 1.8690185021567027e+002, 3.5733049911685755e-001, 1.0748032292443273e+001, 0.0000000000000000e+000, 1.3999999999999999e+000, 2.0965652129389573e-001
91700, 1.3588829835548552e-001, 2.5242533836071059e-006, 1.8691433052850908e+002, 3.9750034474063256e-001, 1.0694978184076197e+001, 0.0000000000000000e+000, 1.3999999999999999e+000, 2.0946928039208421e-001
91800, 1.3350736793255671e-001, 2.4795732311954562e-006, 1.8692873342738960e+002, 4.3800294553284808e-001, 1.0640016876090829e+001, 0.0000000000000000e+000, 1.3999999999999999e+000, 2.0928030843440024e-001
91900, 1.3116859670680786e-001, 2.4356619511865132e-006, 1.8694506000185152e+002, 4.7874142882393500e-001, 1.0583281781115330e+001, 0.0000000000000000e+000, 1.3999999999999999e+000, 2.0908962359922451e-001
92000, 1.2887119460190535e-001, 2.3925060318612884e-006, 1.8696331148795116e+002, 5.1962826539091533e-001, 1.0524893739305275e+001, 0.0000000000000000e+000, 1.3999999999999999e+000, 2.0889720430486722e-001
92100, 1.2661439303256933e-001, 2.3500923149071164e-006, 1.8698348926873047e+002, 5.6057280061207482e-001, 1.0464977731603499e+001, 0.0000000000000000e+000, 1.3999999999999999e+000, 2.0870304269522708e-001
92200, 1.2439744429894391e-001, 2.3084079854699604e-006, 1.8700559487474271e+002, 6.0148438924334757e-001, 1.0403658744092761e+001, 0.0000000000000000e+000, 1.3999999999999999e+000, 2.0850713221346531e-001
92300, 1.2221962092927778e-001, 2.2674405612022750e-006, 1.8702962998463505e+002, 6.4227550832732760e-001, 1.0341056927580670e+001, 0.0000000000000000e+000, 1.3999999999999999e+000, 2.0830945406004342e-001
92400, 1.2008021497374338e-001, 2.2271778803624520e-006, 1.8705559642578905e+002, 6.8284926704484750e-001, 1.0277306818674921e+001, 0.0000000000000000e+000, 1.3999999999999999e+000, 2.0811002530308706e-001
92500, 1.1797853725225232e-001, 2.1876080890226171e-006, 1.8708349617501875e+002, 7.2311817146403290e-001, 1.0212528639733465e+001, 0.0000000000000000e+000, 1.3999999999999999e+000, 2.0790882814026979e-001
92600, 1.1591391655942337e-001, 2.1487196274474155e-006, 1.8711333135932796e+002, 7.6299155347824377e-001, 1.0146847390628762e+001, 0.0000000000000000e+000, 1.3999999999999999e+000, 2.0770585667086258e-001
92700, 1.1388569882976196e-001, 2.1105012157048062e-006, 1.8714510425672685e+002, 8.0237880780482063e-001, 1.0080388004245988e+001, 0.0000000000000000e+000, 1.3999999999999999e+000, 2.0750110099288241e-001
92800, 1.1189324626629987e-001, 2.0729418385736035e-006, 1.8717881729710871e+002, 8.4119218849845823e-001, 1.0013270318941428e+001, 0.0000000000000000e+000, 1.3999999999999999e+000, 2.0729454594520313e-001
92900, 1.0993593643599391e-001, 2.0360307298136061e-006, 1.8721447306318754e+002, 8.7933517158178331e-001, 9.9456295409467241e+000, 0.0000000000000000e+000, 1.3999999999999999e+000, 2.0708621232754210e-001
93000, 1.0801316133513338e-001, 1.9997573558633501e-006, 1.8725207429149779e+002, 9.1672008533756988e-001, 9.8775855370525179e+000, 0.0000000000000000e+000, 1.3999999999999999e+000, 2.0687608652411990e-001
93100, 1.0612432642808217e-001, 1.9641113990320504e-006, 1.8729162387345650e+002, 9.5325629378888943e-001, 9.8092632401678781e+000, 0.0000000000000000e+000, 1.3999999999999999e+000, 2.0666415479040637e-001
93200, 1.0426884966265865e-001, 1.9290827402519372e-006, 1.8733312485648935e+002, 9.8885316457175987e-001, 9.7407876363930903e+000, 0.0000000000000000e+000, 1.3999999999999999e+000, 2.0645041410676010e-001
93300, 1.0244616046541323e-001, 1.8946614414564212e-006, 1.8737658044522135e+002, 1.0234226486746352e+000, 9.6722784116466833e+000, 0.0000000000000000e+000, 1.3999999999999999e+000, 2.0623485383318949e-001
93400, 1.0065569872005373e-001, 1.8608377276493702e-006, 1.8742199400273344e+002, 1.0568688491980254e+000, 9.6038710030082477e+000, 0.0000000000000000e+000, 1.3999999999999999e+000, 2.0601748878441153e-001
93500, 9.8896913732179251e-002, 1.8276019687290887e-006, 1.8746936905188605e+002, 1.0891037806312296e+000, 9.5356851053633882e+000, 0.0000000000000000e+000, 1.3999999999999999e+000, 2.0579830833811541e-001
93600, 9.7169263183451857e-002, 1.7949446611299889e-006, 1.8751870927671098e+002, 1.1200368386471105e+000, 9.4678456713396333e+000, 0.0000000000000000e+000, 1.3999999999999999e+000, 2.0557730677043357e-001
93700, 9.5472212078226898e-002, 1.7628564093428750e-006, 1.8757001852387276e+002, 1.1495773750680596e+000, 9.4004776071521601e+000, 0.0000000000000000e+000, 1.3999999999999999e+000, 2.0535447793180106e-001
93800, 9.3805231685606186e-002, 1.7313279073736042e-006, 1.8762330080420085e+002, 1.1776368353320283e+000, 9.3337008291232824e+000, 0.0000000000000000e+000, 1.3999999999999999e+000, 2.0512980819162968e-001
93900, 9.2167798479778990e-002, 1.7003499201979870e-006, 1.8767856029429453e+002, 1.2041203179834608e+000, 9.2676504306546921e+000, 0.0000000000000000e+000, 1.3999999999999999e+000, 2.0490332438557188e-001
94000, 9.0559393081384804e-002, 1.6699132652682134e-006, 1.8773580133820133e+002, 1.2289393735889729e+000, 9.2024462115458423e+000, 0.0000000000000000e+000, 1.3999999999999999e+000, 2.0467500678083173e-001
94100, 8.8979499202642143e-002, 1.6400087941261574e-006, 1.8779502844917135e+002, 1.2520033676915847e+000, 9.1382130991461690e+000, 0.0000000000000000e+000, 1.3999999999999999e+000, 2.0444485452454078e-001
94200, 8.7427602598714377e-002, 1.6106273741737022e-006, 1.8785624631148846e+002, 1.2732216841603525e+000, 9.0750760138719109e+000, 0.0000000000000000e+000, 1.3999999999999999e+000, 2.0421286759240836e-001
94300, 8.5903190027910817e-002, 1.5817598706524002e-006, 1.8791945978238084e+002, 1.2925050811760117e+000, 9.0131552013974243e+000, 0.0000000000000000e+000, 1.3999999999999999e+000, 2.0397903019747252e-001
94400, 8.4405748223044863e-002, 1.5533971288795018e-006, 1.8798467389401208e+002, 1.3097599959485831e+000, 8.9525850312536690e+000, 0.0000000000000000e+000, 1.3999999999999999e+000, 2.0374336891950590e-001
94500, 8.2934762876329726e-002, 1.5255299567882377e-006, 1.8805189385555531e+002, 1.3248973184653074e+000, 8.8934856002544240e+000, 0.0000000000000000e+000, 1.3999999999999999e+000, 2.0350586815089788e-001
94600, 8.1489717640080298e-002, 1.4981491078179976e-006, 1.8812112505535234e+002, 1.3378264523435477e+000, 8.8359818611965064e+000, 0.0000000000000000e+000, 1.3999999999999999e+000, 2.0326652762147815e-001
94700, 8.0070093145464802e-002, 1.4712452641992989e-006, 1.8819237306315955e+002, 1.3484567392690361e+000, 8.7801986857994230e+000, 0.0000000000000000e+000, 1.3999999999999999e+000, 2.0302534963390212e-001
94800, 7.8675366041510139e-002, 1.4448090206774934e-006, 1.8826564363248332e+002, 1.3566981208352493e+000, 8.7262569164023098e+000, 0.0000000000000000e+000, 1.3999999999999999e+000, 2.0278231119028431e-001
94900, 7.7305024239788814e-002, 1.4188311657404700e-006, 1.8834094270300722e+002, 1.3624586793874276e+000, 8.6742896921825174e+000, 0.0000000000000000e+000, 1.3999999999999999e+000, 2.0253745442369356e-001
95000, 7.5959739811273824e-002, 1.3933241966093614e-006, 1.8841827640311323e+002, 1.3656485335895547e+000, 8.6244177255818713e+000, 0.0000000000000000e+000, 1.3999999999999999e+000, 2.0229075604352961e-001
95100, 7.4639524616236463e-002, 1.3682884445533614e-006, 1.8849765105249975e+002, 1.3662073150403045e+000, 8.5767368809296194e+000, 0.0000000000000000e+000, 1.3999999999999999e+000, 2.0204222538358416e-001
95200, 7.3343611629222857e-002, 1.3437099361281480e-006, 1.8857907316489940e+002, 1.3641956571327745e+000, 8.5312272523041344e+000, 0.0000000000000000e+000, 1.3999999999999999e+000, 2.0179185333673294e-001
95300, 7.2071296318334005e-002, 1.3195758427808166e-006, 1.8866254945089872e+002, 1.3597040452059073e+000, 8.4878366134087049e+000, 0.0000000000000000e+000, 1.3999999999999999e+000, 2.0153962882069706e-001
95400, 7.0821930648583650e-002, 1.2958743692678316e-006, 1.8874808682086385e+002, 1.3528240678336008e+000, 8.4465226697542981e+000, 0.0000000000000000e+000, 1.3999999999999999e+000, 2.0128558856472231e-001
95500, 6.9594917565168585e-002, 1.2725946510591139e-006, 1.8883569238797404e+002, 1.3436463923153910e+000, 8.4072330635496062e+000, 0.0000000000000000e+000, 1.3999999999999999e+000, 2.0102972013337253e-001
95600, 6.8389705922270616e-002, 1.2497266600881499e-006, 1.8892537347136749e+002, 1.3322619172743329e+000, 8.3699188504079025e+000, 0.0000000000000000e+000, 1.3999999999999999e+000, 2.0077202131213923e-001
95700, 6.7205785825764988e-002, 1.2272611182586765e-006, 1.8901713759940219e+002, 1.3187615512762216e+000, 8.3345310271886444e+000, 0.0000000000000000e+000, 1.3999999999999999e+000, 2.0051249650565850e-001
95800, 6.6042684360812329e-002, 1.2051894181663169e-006, 1.8911099251303517e+002, 1.3032349555316398e+000, 8.3010181892382349e+000, 0.0000000000000000e+000, 1.3999999999999999e+000, 2.0025112859683603e-001
95900, 6.4899961677435433e-002, 1.1835035505325821e-006, 1.8920694616932519e+002, 1.2857754052637793e+000, 8.2693364565676397e+000, 0.0000000000000000e+000, 1.3999999999999999e+000, 1.9998795760599558e-001
96000, 6.3777207409211431e-002, 1.1621960378860138e-006, 1.8930500674506078e+002, 1.2664727078764275e+000, 8.2394342233820481e+000, 0.0000000000000000e+000, 1.3999999999999999e+000, 1.9972297474941988e-001
96100, 6.2674037402000893e-002, 1.1412598740581712e-006, 1.8940518264051977e+002, 1.2454177814982932e+000, 8.2112624826882019e+000, 0.0000000000000000e+000, 1.3999999999999999e+000, 1.9945617632798029e-001
96200, 6.1590090731159675e-002, 1.1206884690902892e-006, 1.8950748248336336e+002, 1.2227015346009393e+000, 8.1847722643834313e+000, 0.0000000000000000e+000, 1.3999999999999999e+000, 1.9918756697982926e-001
96300, 6.0525026987192365e-002, 1.1004755991743149e-006, 1.8961191513266934e+002, 1.1984129691294212e+000, 8.1599127385723680e+000, 0.0000000000000000e+000, 1.3999999999999999e+000, 1.9891713595748628e-001
96400, 5.9478523811065498e-002, 1.0806153612753115e-006, 1.8971848968310991e+002, 1.1726467189294658e+000, 8.1366386669038064e+000, 0.0000000000000000e+000, 1.3999999999999999e+000, 1.9864492365264738e-001
96500, 5.8450274661568047e-002, 1.0611021321038433e-006, 1.8982721546927809e+002, 1.1454919118429938e+000, 8.1148990963504755e+000, 0.0000000000000000e+000, 1.3999999999999999e+000, 1.9837091633956755e-001
96600, 5.7439986798263044e-002, 1.0419305311283950e-006, 1.8993810207016872e+002, 1.1170394644563659e+000, 8.0946450155849679e+000, 0.0000000000000000e+000, 1.3999999999999999e+000, 1.9809511601844257e-001
96700, 5.6447379464486053e-002, 1.0230953873348174e-006, 1.9005115931381897e+002, 1.0873802888063846e+000, 8.0758273858411140e+000, 0.0000000000000000e+000, 1.3999999999999999e+000, 1.9781753374326810e-001
96800, 5.5472182255844445e-002, 1.0045917094583536e-006, 1.9016639728211379e+002, 1.0566029248289526e+000, 8.0583958967341829e+000, 0.0000000000000000e+000, 1.3999999999999999e+000, 1.9753815453925591e-001
96900, 5.4514133660492271e-002, 9.8641465942913073e-007, 1.9028382631576335e+002, 1.0248029957515969e+000, 8.0423041761068514e+000, 0.0000000000000000e+000, 1.3999999999999999e+000, 1.9725701971408890e-001
97000, 5.3572979758264430e-002, 9.6855952878711073e-007, 1.9040345701945733e+002, 9.9206913969174626e-001, 8.0275017854167423e+000, 0.0000000000000000e+000, 1.3999999999999999e+000, 1.9697411865399761e-001
97100, 5.2648473066519069e-002, 9.5102171783683328e-007, 1.9052530026720359e+002, 9.5849222953505275e-001, 8.0139396707677815e+000, 0.0000000000000000e+000, 1.3999999999999999e+000, 1.9668945881754407e-001
97200, 5.1740371521237401e-002, 9.3379671732542287e-007, 1.9064936720785755e+002, 9.2416325191729976e-001, 8.0015687690518753e+000, 0.0000000000000000e+000, 1.3999999999999999e+000, 1.9640304417982518e-001
97300, 5.0848437582596266e-002, 9.1688009243989084e-007, 1.9077566927084942e+002, 8.8917042268750479e-001, 7.9903391951926306e+000, 0.0000000000000000e+000, 1.3999999999999999e+000, 1.9611486524305172e-001
97400, 4.9972437454878962e-002, 9.0026746893197767e-007, 1.9090421817211760e+002, 8.5360999255112069e-001, 7.9802035824991586e+000, 0.0000000000000000e+000, 1.3999999999999999e+000, 1.9582496657499862e-001
97500, 4.9112140411182538e-002, 8.8395452119001618e-007, 1.9103502592025478e+002, 8.1757028097131768e-001, 7.9711119320637485e+000, 0.0000000000000000e+000, 1.3999999999999999e+000, 1.9553333651802637e-001
97600, 4.8267318213941722e-002, 8.6793696208791484e-007, 1.9116810482287642e+002, 7.8114220935040690e-001, 7.9630151711563801e+000, 0.0000000000000000e+000, 1.3999999999999999e+000, 1.9523998901098014e-001
97700, 4.7437744622877455e-002, 8.5221053445246929e-007, 1.9130346749321927e+002, 7.4441670550724626e-001, 7.9558641732722428e+000, 0.0000000000000000e+000, 1.3999999999999999e+000, 1.9494492229414961e-001
97800, 4.6623194982444924e-002, 8.3677100399913458e-007, 1.9144112685697962e+002, 7.0748189096650183e-001, 7.9496094011406440e+000, 0.0000000000000000e+000, 1.3999999999999999e+000, 1.9464812929406675e-001
97900, 4.5823445881409214e-002, 8.2161415359682353e-007, 1.9158109615940074e+002, 6.7043433773887229e-001, 7.9442026523451741e+000, 0.0000000000000000e+000, 1.3999999999999999e+000, 1.9434965857370717e-001
98000, 4.5038274877612854e-002, 8.0673577873066260e-007, 1.9172338897261963e+002, 6.3336218376620335e-001, 7.9395943034971843e+000, 0.0000000000000000e+000, 1.3999999999999999e+000, 1.9404950757899575e-001
98100, 4.4267460281486100e-002, 7.9213168404084145e-007, 1.9186801920328327e+002, 5.9635637048803458e-001, 7.9357352112322106e+000, 0.0000000000000000e+000, 1.3999999999999999e+000, 1.9374767409216034e-001
98200, 4.3510780992249920e-002, 7.7779768082335493e-007, 1.9201500110044634e+002, 5.5950783888313660e-001, 7.9325761972269175e+000, 0.0000000000000000e+000, 1.3999999999999999e+000, 1.9344417140482753e-001
98300, 4.2768016381221234e-002, 7.6372958538713710e-007, 1.9216434926376104e+002, 5.2290475269907843e-001, 7.9300679719370599e+000, 0.0000000000000000e+000, 1.3999999999999999e+000, 1.9313899133112450e-001
98400, 4.2038946216992772e-002, 7.4992321816904761e-007, 1.9231607865197253e+002, 4.8664365015470129e-001, 7.9281617126980599e+000, 0.0000000000000000e+000, 1.3999999999999999e+000, 1.9283218496698198e-001
98500, 4.1323350627642440e-002, 7.3637440351547689e-007, 1.9247020459173154e+002, 4.5081268938507246e-001, 7.9268080096417570e+000, 0.0000000000000000e+000, 1.3999999999999999e+000, 1.9252374102010639e-001
98600, 4.0621010095504728e-002, 7.2307897004649656e-007, 1.9262674278673921e+002, 4.1550278687263736e-001, 7.9259576891024786e+000, 0.0000000000000000e+000, 1.3999999999999999e+000, 1.9221367141760701e-001
98700, 3.9931705480354303e-002, 7.1003275152460370e-007, 1.9278570932723756e+002, 3.8080494606280585e-001, 7.9255615274373712e+000, 0.0000000000000000e+000, 1.3999999999999999e+000, 1.9190198790302321e-001
98800, 3.9255218067187292e-002, 6.9723158815647408e-007, 1.9294712069986093e+002, 3.4680752205123033e-001, 7.9255703372221591e+000, 0.0000000000000000e+000, 1.3999999999999999e+000, 1.9158868189385728e-001
98900, 3.8591329635101257e-002, 6.8467132826216914e-007, 1.9311099379786452e+002, 3.1360667629565159e-001, 7.9259348596614689e+000, 0.0000000000000000e+000, 1.3999999999999999e+000, 1.9127380583522383e-001
99000, 3.7939822544035461e-002, 6.7234783025123450e-007, 1.9327734593174677e+002, 2.8129074047356878e-001, 7.9266058628288460e+000, 0.0000000000000000e+000, 1.3999999999999999e+000, 1.9095735043729556e-001
99100, 3.7300479836450871e-002, 6.6025696485116288e-007, 1.9344619484028311e+002, 2.4995070328119171e-001, 7.9275340631271716e+000, 0.0000000000000000e+000, 1.3999999999999999e+000, 1.9063933333630456e-001
99200, 3.6673085351237082e-002, 6.4839461753770230e-007, 1.9361755870199005e+002, 2.1967749756446103e-001, 7.9286702090559862e+000, 0.0000000000000000e+000, 1.3999999999999999e+000, 1.9031976223237373e-001
99300, 3.6057423847416205e-002, 6.3675669112184866e-007, 1.9379145614703907e+002, 1.9055993973483334e-001, 7.9299651165074296e+000, 0.0000000000000000e+000, 1.3999999999999999e+000, 1.8999863099197536e-001
99400, 3.5453281135426444e-002, 6.2533910845243159e-007, 1.9396790626964145e+002, 1.6269341709059457e-001, 7.9313692936585660e+000, 0.0000000000000000e+000, 1.3999999999999999e+000, 1.8967599853570810e-001
99500, 3.4860444213961089e-002, 6.1413781519690788e-007, 1.9414692864092569e+002, 1.3616666163371044e-001, 7.9328335169994082e+000, 0.0000000000000000e+000, 1.3999999999999999e+000, 1.8935185201765897e-001
99600, 3.4278701410583388e-002, 6.0314878266758862e-007, 1.9432854332233126e+002, 1.1107065336509618e-001, 7.9343084522945064e+000, 0.0000000000000000e+000, 1.3999999999999999e+000, 1.8902621099159525e-001
99700, 3.3707842524470254e-002, 5.9236801066310793e-007, 1.9451277087954281e+002, 8.7496353964088433e-002, 7.9357447694136782e+000, 0.0000000000000000e+000, 1.3999999999999999e+000, 1.8869908959996229e-001
99800, 3.3147658969850807e-002, 5.8179153029895643e-007, 1.9469963239699109e+002, 6.5533129352358388e-002, 7.9370932249688924e+000, 0.0000000000000000e+000, 1.3999999999999999e+000, 1.8837047676000540e-001
99900, 3.2597943918841035e-002, 5.7141540680349792e-007, 1.9488914949294843e+002, 4.5275320968324331e-002, 7.9383042309410516e+000, 0.0000000000000000e+000, 1.3999999999999999e+000, 1.8804043686170183e-001
100000, 3.2058492442540720e-002, 5.6123574225901429e-007, 1.9508134433524688e+002, 2.6812189783127438e-002, 7.9393285116392738e+000, 0.0000000000000000e+000, 1.3999999999999999e+000, 1.8770896027732470e-001
100100, 3.1529101649375182e-002, 5.5124867826954694e-007, 1.9527623965765176e+002, 1.0210360042703542e-002, 7.9401207732642058e+000, 0.0000000000000000e+000, 1.3999999999999999e+000, 1.8737606683168848e-001
100200, 3.1009570819815622e-002, 5.4145039854016030e-007, 1.9547385877692130e+002, -4.5610031371846223e-003, 7.9406522027531450e+000, 0.0000000000000000e+000, 1.3999999999999999e+000, 1.8704176844432666e-001
100300, 3.0499701536699956e-002, 5.3183713135394749e-007, 1.9567422561058851e+002, -1.7557986782612407e-002, 7.9408980762630810e+000, 0.0000000000000000e+000, 1.3999999999999999e+000, 1.8670605893344600e-001
100400, 2.9999297810508065e-002, 5.2240515193557353e-007, 1.9587736469550188e+002, -2.8833777055098177e-002, 7.9408336038071479e+000, 0.0000000000000000e+000, 1.3999999999999999e+000, 1.8636900575077947e-001
100500, 2.9508166199020011e-002, 5.1315078469159763e-007, 1.9608330120716357e+002, -3.8444614151725752e-002, 7.9404340456530083e+000, 0.0000000000000000e+000, 1.3999999999999999e+000, 1.8603060190596715e-001
100600, 2.9026115920889224e-002, 5.0407040531975438e-007, 1.9629206097990703e+002, -4.6445668905088854e-002, 7.9396746355891787e+000, 0.0000000000000000e+000, 1.3999999999999999e+000, 1.8569086112666475e-001
100700, 2.8552958962737532e-002, 4.9516044278078969e-007, 1.9650367052795849e+002, -5.2892080490337931e-002, 7.9385305932769370e+000, 0.0000000000000000e+000, 1.3999999999999999e+000, 1.8534980257489672e-001
100800, 2.8088510179445081e-002, 4.8641738112772226e-007, 1.9671815706742819e+002, -5.7839351606201662e-002, 7.9369769265480716e+000, 0.0000000000000000e+000, 1.3999999999999999e+000, 1.8500742312205148e-001
100900, 2.7632587387395526e-002, 4.7783776118900447e-007, 1.9693554853928322e+002, -6.1341870277328805e-002, 7.9349890454315064e+000, 0.0000000000000000e+000, 1.3999999999999999e+000, 1.8466378565418795e-001
101000, 2.7185011450462364e-002, 4.6941818210259485e-007, 1.9715587363335294e+002, -6.3455233287578711e-002, 7.9325420056553746e+000, 0.0000000000000000e+000, 1.3999999999999999e+000, 1.8431888805438615e-001
101100, 2.6745606358613658e-002, 4.6115530269961765e-007, 1.9737916181342572e+002, -6.4234581790799522e-002, 7.9296109345047734e+000, 0.0000000000000000e+000, 1.3999999999999999e+000, 1.8397274483345016e-001
101200, 2.6314199299029523e-002, 4.5304584273665021e-007, 1.9760544334349598e+002, -6.3735069486657400e-002, 7.9261708983061476e+000, 0.0000000000000000e+000, 1.3999999999999999e+000, 1.8362537751726649e-001
101300, 2.5890620719683254e-002, 4.4508658397671837e-007, 1.9783474931522653e+002, -6.2011648988472431e-002, 7.9221966763819944e+000, 0.0000000000000000e+000, 1.3999999999999999e+000, 1.8327677765457967e-001
101400, 2.5474704385387473e-002, 4.3727437112001104e-007, 1.9806711167669545e+002, -5.9119726239992461e-002, 7.9176639260588590e+000, 0.0000000000000000e+000, 1.3999999999999999e+000, 1.8292702215404311e-001
101500, 2.5066287426307437e-002, 4.2960611258537915e-007, 1.9830256326249997e+002, -5.5114339421442886e-002, 7.9125474187893641e+000, 0.0000000000000000e+000, 1.3999999999999999e+000, 1.8257609589992149e-001
101600, 2.4665210379011902e-002, 4.2207878114490892e-007, 1.9854113782529703e+002, -5.0050641659759192e-002, 7.9068221352198558e+000, 0.0000000000000000e+000, 1.3999999999999999e+000, 1.8222402134929408e-001
101700, 2.4271317220130061e-002, 4.1468941441385136e-007, 1.9878287006886333e+002, -4.3983740132181176e-002, 7.9004630761005927e+000, 0.0000000000000000e+000, 1.3999999999999999e+000, 1.8187082400442259e-001
101800, 2.3884455392724119e-002, 4.0743511519893539e-007, 1.9902779568276583e+002, -3.6968189147068786e-002, 7.8934446522228230e+000, 0.0000000000000000e+000, 1.3999999999999999e+000, 1.8151649198208347e-001
101900, 2.3504475825498573e-002, 4.0031305170830056e-007, 1.9927595137873840e+002, -2.9060166861462164e-002, 7.8857428782108610e+000, 0.0000000000000000e+000, 1.3999999999999999e+000, 1.8116109767349695e-001
102000, 2.3131232944989134e-002, 3.9332045762668807e-007, 1.9952737492886763e+002, -2.0314283847772077e-002, 7.8773321345565828e+000, 0.0000000000000000e+000, 1.3999999999999999e+000, 1.8080463869051683e-001
102100, 2.2764584680895407e-002, 3.8645463205989147e-007, 1.9978210520569934e+002, -1.0785662945165041e-002, 7.8681873308406889e+000, 0.0000000000000000e+000, 1.3999999999999999e+000, 1.8044713486320921e-001
102200, 2.2404392464718072e-002, 3.7971293935243365e-007, 2.0004018222438324e+002, -5.2939137796922638e-004, 7.8582833115410313e+000, 0.0000000000000000e+000, 1.3999999999999999e+000, 1.8008860653996769e-001
102300, 2.2050521221897056e-002, 3.7309280878303504e-007, 2.0030164718698481e+002, 1.0400294833546309e-002, 7.8475940899594381e+000, 0.0000000000000000e+000, 1.3999999999999999e+000, 1.7972904622348151e-001
102400, 2.1702839357642414e-002, 3.6659173414236659e-007, 2.0056654252910053e+002, 2.1946627079322274e-002, 7.8360960869531224e+000, 0.0000000000000000e+000, 1.3999999999999999e+000, 1.7936853486475338e-001
102500, 2.1361218736656078e-002, 3.6020727319767925e-007, 2.0083491196892459e+002, 3.4055333726358474e-002, 7.8237632890671973e+000, 0.0000000000000000e+000, 1.3999999999999999e+000, 1.7900705857493984e-001
102600, 2.1025534656970844e-002, 3.5393704704937528e-007, 2.0110680055892618e+002, 4.6671318294512536e-002, 7.8105704497814443e+000, 0.0000000000000000e+000, 1.3999999999999999e+000, 1.7864464526498355e-001
102700, 2.0695665818109801e-002, 3.4777873938417940e-007, 2.0138225474030821e+002, 5.9739531907243411e-002, 7.7964922986537486e+000, 0.0000000000000000e+000, 1.3999999999999999e+000, 1.7828130908067683e-001
102800, 2.0371494283802537e-002, 3.4173009563011253e-007, 2.0166132240043294e+002, 7.3205921539431590e-002, 7.7815023308159681e+000, 0.0000000000000000e+000, 1.3999999999999999e+000, 1.7791705437154684e-001
102900, 2.0052905439484785e-002, 3.3578892201829027e-007, 2.0194405293341379e+002, 8.7013391213147190e-002, 7.7655775022421718e+000, 0.0000000000000000e+000, 1.3999999999999999e+000, 1.7755195077327521e-001
103000, 1.9739787944810811e-002, 3.2995308455658522e-007, 2.0223049730408917e+002, 1.0110787125009145e-001, 7.7486913211027835e+000, 0.0000000000000000e+000, 1.3999999999999999e+000, 1.7718599333332216e-001
103100, 1.9432033681425369e-002, 3.2422050792046648e-007, 2.0252070811561163e+002, 1.1543432275324163e-001, 7.7308183800267338e+000, 0.0000000000000000e+000, 1.3999999999999999e+000, 1.7681920251387323e-001
103200, 1.9129537696226950e-002, 3.1858917426603983e-007, 2.0281473968090538e+002, 1.2993770509413405e-001, 7.7119332323518632e+000, 0.0000000000000000e+000, 1.3999999999999999e+000, 1.7645160677401234e-001
103300, 1.8832198140365058e-002, 3.1305712197047107e-007, 2.0311264809826537e+002, 1.4456408368668489e-001, 7.6920088578961066e+000, 0.0000000000000000e+000, 1.3999999999999999e+000, 1.7608319522109267e-001
103400, 1.8539916204223999e-002, 3.0762244430509780e-007, 2.0341449133139633e+002, 1.5925619435739646e-001, 7.6710227763351737e+000, 0.0000000000000000e+000, 1.3999999999999999e+000, 1.7571404722882242e-001
103500, 1.8252596048626772e-002, 3.0228328804618256e-007, 2.0372032929421309e+002, 1.7396012478328216e-001, 7.6489479448683024e+000, 0.0000000000000000e+000, 1.3999999999999999e+000, 1.7534415698166561e-001
103600, 1.7970144732511246e-002, 2.9703785202852675e-007, 2.0403022394075464e+002, 1.8862085763630376e-001, 7.6257588163338825e+000, 0.0000000000000000e+000, 1.3999999999999999e+000, 1.7497353913548541e-001
103700, 1.7692472137326221e-002, 2.9188438564704965e-007, 2.0434423936059295e+002, 2.0318338096863481e-001, 7.6014297262412907e+000, 0.0000000000000000e+000, 1.3999999999999999e+000, 1.7460222994905533e-001
103800, 1.7419490888386225e-002, 2.8682118731123393e-007, 2.0466244188015318e+002, 2.1759377940081961e-001, 7.5759330421329905e+000, 0.0000000000000000e+000, 1.3999999999999999e+000, 1.7423021535089434e-001
103900, 1.7151116273438544e-002, 2.8184660285754421e-007, 2.0498490017040001e+002, 2.3179485904983202e-001, 7.5492469536158771e+000, 0.0000000000000000e+000, 1.3999999999999999e+000, 1.7385757635141824e-001
104000, 1.6887266158678312e-002, 2.7695902392456867e-007, 2.0531168536138523e+002, 2.4573270318641327e-001, 7.5213438178364784e+000, 0.0000000000000000e+000, 1.3999999999999999e+000, 1.7348430205353149e-001
104100, 1.6627860902463196e-002, 2.7215688629584542e-007, 2.0564287116420041e+002, 2.5935237106493741e-001, 7.4921978656578299e+000, 0.0000000000000000e+000, 1.3999999999999999e+000, 1.7311042176249058e-001
104200, 1.6372823266960230e-002, 2.6743866821495897e-007, 2.0597853400092771e+002, 2.7259885177771487e-001, 7.4617832602890779e+000, 0.0000000000000000e+000, 1.3999999999999999e+000, 1.7273595420328500e-001
104300, 1.6122078327969053e-002, 2.6280288867762667e-007, 2.0631875314324094e+002, 2.8541815969533302e-001, 7.4300716498550017e+000, 0.0000000000000000e+000, 1.3999999999999999e+000, 1.7236089603520077e-001
104400, 1.5875553383157763e-002, 2.5824810570529573e-007, 2.0666361086037202e+002, 2.9775336641925476e-001, 7.3970419916829622e+000, 0.0000000000000000e+000, 1.3999999999999999e+000, 1.7198531912869749e-001
104500, 1.5633177858939008e-002, 2.5377291460456623e-007, 2.0701319257722889e+002, 3.0955051530360195e-001, 7.3626659357484998e+000, 0.0000000000000000e+000, 1.3999999999999999e+000, 1.7160922513077007e-001
104600, 1.5394883216224037e-002, 2.4937594621685037e-007, 2.0736758704353113e+002, 3.2075465348551824e-001, 7.3269174861980240e+000, 0.0000000000000000e+000, 1.3999999999999999e+000, 1.7123263388377266e-001
104700, 1.5160602855275962e-002, 2.4505586516233342e-007, 2.0772688651491688e+002, 3.3131084898269531e-001, 7.2897705963063055e+000, 0.0000000000000000e+000, 1.3999999999999999e+000, 1.7085556645912683e-001
104800, 1.4930272019884120e-002, 2.4081136808224286e-007, 2.0809118694707601e+002, 3.4116493366139766e-001, 7.2511961376696625e+000, 0.0000000000000000e+000, 1.3999999999999999e+000, 1.7047801623571399e-001
104900, 1.4703827701083074e-002, 2.3664118188336902e-007, 2.0846058820407467e+002, 3.5026045247851623e-001, 7.2111738950409752e+000, 0.0000000000000000e+000, 1.3999999999999999e+000, 1.7010006434789970e-001
105000, 1.4481208540623446e-002, 2.3254406198844304e-007, 2.0883519428216184e+002, 3.5854325420400784e-001, 7.1696747408861814e+000, 0.0000000000000000e+000, 1.3999999999999999e+000, 1.6972170327293848e-001
105100, 1.4262354734407854e-002, 2.2851879059598074e-007, 2.0921511355049171e+002, 3.6597212280436187e-001, 7.1266751987110206e+000, 0.0000000000000000e+000, 1.3999999999999999e+000, 1.6934295085986975e-001
105200, 1.4047207936095698e-002, 2.2456417495296031e-007, 2.0960045901035252e+002, 3.7256040322071626e-001, 7.0821626732353655e+000, 0.0000000000000000e+000, 1.3999999999999999e+000, 1.6896383786612826e-001
105300, 1.3835711161074104e-002, 2.2067904564349664e-007, 2.0999134857467493e+002, 3.7833546424190223e-001, 7.0361237580399729e+000, 0.0000000000000000e+000, 1.3999999999999999e+000, 1.6858435169228109e-001
105400, 1.3627808690995811e-002, 2.1686225489663355e-007, 2.1038790536979781e+002, 3.8332347676912920e-001, 6.9885555157273185e+000, 0.0000000000000000e+000, 1.3999999999999999e+000, 1.6820457389213558e-001
105500, 1.3423445979065828e-002, 2.1311267491595598e-007, 2.1079025806169898e+002, 3.8755192458408622e-001, 6.9394445349486906e+000, 0.0000000000000000e+000, 1.3999999999999999e+000, 1.6782448729073371e-001
105600, 1.3222569556273727e-002, 2.0942919623385167e-007, 2.1119854120916642e+002, 3.9104781554835588e-001, 6.8887807659954721e+000, 0.0000000000000000e+000, 1.3999999999999999e+000, 1.6744412571324083e-001
105700, 1.3025126938744748e-002, 2.0581072609274627e-007, 2.1161289564668391e+002, 3.9383822023306714e-001, 6.8365540969540222e+000, 0.0000000000000000e+000, 1.3999999999999999e+000, 1.6706350509650955e-001
105800, 1.2831066536395210e-002, 2.0225618685569436e-007, 2.1203346890015092e+002, 3.9595028978994756e-001, 6.7827502240155324e+000, 0.0000000000000000e+000, 1.3999999999999999e+000, 1.6668262393559452e-001
105900, 1.2640337563070361e-002, 1.9876451444844304e-007, 2.1246041563895386e+002, 3.9741080676614016e-001, 6.7273671177104530e+000, 0.0000000000000000e+000, 1.3999999999999999e+000, 1.6630154883292239e-001
106000, 1.2452889948336281e-002, 1.9533465683481774e-007, 2.1289389816835509e+002, 3.9824700710761085e-001, 6.6703904356155501e+000, 0.0000000000000000e+000, 1.3999999999999999e+000, 1.6592027986629357e-001
106100, 1.2268674251111186e-002, 1.9196557252731165e-007, 2.1333408696669579e+002, 3.9848598379148825e-001, 6.6118098850489035e+000, 0.0000000000000000e+000, 1.3999999999999999e+000, 1.6553883808732456e-001
106200, 1.2087641575305773e-002, 1.8865622913431142e-007, 2.1378116127250797e+002, 3.9815482275760472e-001, 6.5516149813600615e+000, 0.0000000000000000e+000, 1.3999999999999999e+000, 1.6515724384328490e-001
106300, 1.1909743487665242e-002, 1.8540560194552276e-007, 2.1423530972733434e+002, 3.9728056030594483e-001, 6.4897904677471674e+000, 0.0000000000000000e+000, 1.3999999999999999e+000, 1.6477548374469661e-001
106400, 1.1734931937999864e-002, 1.8221267255680488e-007, 2.1469673108087005e+002, 3.9589047349049405e-001, 6.4263352875016526e+000, 0.0000000000000000e+000, 1.3999999999999999e+000, 1.6439364131931045e-001
106500, 1.1563159182005791e-002, 1.7907642753556119e-007, 2.1516563496598573e+002, 3.9401161788462358e-001, 6.3612340836610448e+000, 0.0000000000000000e+000, 1.3999999999999999e+000, 1.6401170580188473e-001
106600, 1.1394377706891282e-002, 1.7599585712769355e-007, 2.1564224275230663e+002, 3.9167114451328949e-001, 6.2944762227399682e+000, 0.0000000000000000e+000, 1.3999999999999999e+000, 1.6362969604743682e-001
106700, 1.1228540160043527e-002, 1.7296995400704259e-007, 2.1612678848832059e+002, 3.8889624524312777e-001, 6.2260509165911051e+000, 0.0000000000000000e+000, 1.3999999999999999e+000, 1.6324763532424341e-001
106800, 1.1065599280993510e-002, 1.6999771206811429e-007, 2.1661951994352509e+002, 3.8571379900932967e-001, 6.1559418891720261e+000, 0.0000000000000000e+000, 1.3999999999999999e+000, 1.6286551178024999e-001
106900, 1.0905507836969242e-002, 1.6707812526284895e-007, 2.1712069976393644e+002, 3.8215150475076137e-001, 6.0841489284258419e+000, 0.0000000000000000e+000, 1.3999999999999999e+000, 1.6248340104950276e-001
107000, 1.0748218562364711e-002, 1.6421018648211408e-007, 2.1763060675643260e+002, 3.7823635101207298e-001, 6.0106557561697151e+000, 0.0000000000000000e+000, 1.3999999999999999e+000, 1.6210129459426012e-001
107100, 1.0593684102504275e-002, 1.6139288648263093e-007, 2.1814953731996906e+002, 3.7399552494152200e-001, 5.9354513053366569e+000, 0.0000000000000000e+000, 1.3999999999999999e+000, 1.6171921415903306e-001
107200, 1.0441856962139605e-002, 1.5862521286000037e-007, 2.1867780704476706e+002, 3.6945627666118352e-001, 5.8585243878702444e+000, 0.0000000000000000e+000, 1.3999999999999999e+000, 1.6133717086044297e-001
107300, 1.0292689459191892e-002, 1.5590614906853283e-007, 2.1921575250426122e+002, 3.6464548155910159e-001, 5.7798577311586472e+000, 0.0000000000000000e+000, 1.3999999999999999e+000, 1.6095516560139408e-001
107400, 1.0146133684350177e-002, 1.5323467348873861e-007, 2.1976373326903848e+002, 3.5959111999048660e-001, 5.6994519897774492e+000, 0.0000000000000000e+000, 1.3999999999999999e+000, 1.6057327034896834e-001
107500, 1.0002141467241482e-002, 1.5060975854328338e-007, 2.2032213417739206e+002, 3.5432012627354648e-001, 5.6172898302652863e+000, 0.0000000000000000e+000, 1.3999999999999999e+000, 1.6019146539045451e-001
107600, 9.8606643500423006e-003, 1.4803036986254066e-007, 2.2089136790369372e+002, 3.4885981659835930e-001, 5.5333597416291536e+000, 0.0000000000000000e+000, 1.3999999999999999e+000, 1.5980977987518061e-001
107700, 9.7216535695660751e-003, 1.4549546550089702e-007, 2.2147187787384613e+002, 3.4323745893883434e-001, 5.4476501089490981e+000, 0.0000000000000000e+000, 1.3999999999999999e+000, 1.5942822419652067e-001
107800, 9.5850600490852769e-003, 1.4300399520528382e-007, 2.2206414158701750e+002, 3.3747994145511545e-001, 5.3601425670494258e+000, 0.0000000000000000e+000, 1.3999999999999999e+000, 1.5904679751888590e-001
107900, 9.4508344014152083e-003, 1.4055489973763820e-007, 2.2266867441519199e+002, 3.3161552974018194e-001, 5.2708386271698853e+000, 0.0000000000000000e+000, 1.3999999999999999e+000, 1.5866556141979840e-001
108000, 9.3189269451258334e-003, 1.3814711303478938e-007, 2.2328603396745746e+002, 3.2567112563415429e-001, 5.1797198789284380e+000, 0.0000000000000000e+000, 1.3999999999999999e+000, 1.5828450858528248e-001
108100, 9.1892877361778348e-003, 1.3577957533212830e-007, 2.2391682512530426e+002, 3.1967409477767400e-001, 5.0867742640315790e+000, 0.0000000000000000e+000, 1.3999999999999999e+000, 1.5790365661593606e-001
108200, 9.0618666178153527e-003, 1.3345122105034431e-007, 2.2456170587970036e+002, 3.1365187245826226e-001, 4.9919897873355445e+000, 0.0000000000000000e+000, 1.3999999999999999e+000, 1.5752302723790007e-001
108300, 8.9366132922406184e-003, 1.3116097215789655e-007, 2.2522139413196666e+002, 3.0763136260694801e-001, 4.8953468468038350e+000, 0.0000000000000000e+000, 1.3999999999999999e+000, 1.5714260243428271e-001
108400, 8.8134774184830400e-003, 1.2890773788060259e-007, 2.2589667566068653e+002, 3.0164097910492660e-001, 4.7968479045500203e+000, 0.0000000000000000e+000, 1.3999999999999999e+000, 1.5676245347838813e-001
108500, 8.6924087420259793e-003, 1.2669041447464846e-007, 2.2658841350907093e+002, 2.9570766342590576e-001, 4.6964732389902704e+000, 0.0000000000000000e+000, 1.3999999999999999e+000, 1.5638257312144038e-001
108600, 8.5733572632628423e-003, 1.2450788507090838e-007, 2.2729755911559261e+002, 2.8985892379685252e-001, 4.5942104073487986e+000, 0.0000000000000000e+000, 1.3999999999999999e+000, 1.5600297174189390e-001
108700, 8.4562734538544369e-003, 1.2235901959618452e-007, 2.2802516560122177e+002, 2.8412221866085136e-001, 4.4900468285511508e+000, 0.0000000000000000e+000, 1.3999999999999999e+000, 1.5562366539761144e-001
108800, 8.3411085327331509e-003, 1.2024267477763954e-007, 2.2877240374775991e+002, 2.7852469301066274e-001, 4.3839616308679519e+000, 0.0000000000000000e+000, 1.3999999999999999e+000, 1.5524464332528368e-001
108900, 8.2278148171345180e-003, 1.1815769423751405e-007, 2.2954058136587469e+002, 2.7309468486647048e-001, 4.2759581826514816e+000, 0.0000000000000000e+000, 1.3999999999999999e+000, 1.5486597461689922e-001
109000, 8.1163461690227923e-003, 1.1610290868595101e-007, 2.3033116697660651e+002, 2.6785932507461796e-001, 4.1660155579245943e+000, 0.0000000000000000e+000, 1.3999999999999999e+000, 1.5448764750595068e-001
109100, 8.0066585642477005e-003, 1.1407713622070284e-007, 2.3114581904347415e+002, 2.6284618946037175e-001, 4.0541207198983509e+000, 0.0000000000000000e+000, 1.3999999999999999e+000, 1.5410967450822541e-001
109200, 7.8987108216327373e-003, 1.1207918274328310e-007, 2.3198642243515269e+002, 2.5808287852904677e-001, 3.9402604621655639e+000, 0.0000000000000000e+000, 1.3999999999999999e+000, 1.5373207135297168e-001
109300, 7.7924655434370637e-003, 1.1010784250211102e-007, 2.3285513443528797e+002, 2.5359669560114745e-001, 3.8244126285896050e+000, 0.0000000000000000e+000, 1.3999999999999999e+000, 1.5335482060067995e-001
109400, 7.6878903395677690e-003, 1.0816189877416573e-007, 2.3375444354841926e+002, 2.4941592601888712e-001, 3.7065815178804571e+000, 0.0000000000000000e+000, 1.3999999999999999e+000, 1.5297798921204722e-001
109500, 7.5849594393520613e-003, 1.0624012469755776e-007, 2.3468724574542733e+002, 2.4556790194137823e-001, 3.5867447783351829e+000, 0.0000000000000000e+000, 1.3999999999999999e+000, 1.5260157211127956e-001
109600, 7.4836558430233123e-003, 1.0434128426846871e-007, 2.3565694492650445e+002, 2.4208032903074170e-001, 3.4648888125647370e+000, 0.0000000000000000e+000, 1.3999999999999999e+000, 1.5222557351347407e-001
109700, 7.3839742413905948e-003, 1.0246413351682597e-007, 2.3666758773392655e+002, 2.3898087897400255e-001, 3.3409998634188729e+000, 0.0000000000000000e+000, 1.3999999999999999e+000, 1.5185000585157063e-001
109800, 7.2859250563088009e-003, 1.0060742187599139e-007, 2.3772404827686660e+002, 2.3629711131951670e-001, 3.2150542498271957e+000, 0.0000000000000000e+000, 1.3999999999999999e+000, 1.5147485944536354e-001
109900, 7.1899359090399429e-003, 9.8775330513831814e-008, 2.3883228742469475e+002, 2.3405717648520033e-001, 3.0870572448194031e+000, 0.0000000000000000e+000, 1.3999999999999999e+000, 1.5110019585344403e-001
110000, 7.0973354723889237e-003, 9.6983716979898369e-008, 2.4000000000000000e+002, 2.3228866376227619e-001, 2.9569851009932901e+000, 0.0000000000000000e+000, 1.3999999999999999e+000, 1.5072600140490422e-001
110100, 7.0072936922655829e-003, 9.5232711843230021e-008, 2.4119999999999993e+002, 2.3101366443185994e-001, 2.8248311571332749e+000, 0.0000000000000000e+000, 1.3999999999999999e+000, 1.5035228813959794e-001
110200, 6.9188057422717598e-003, 9.3521242311089802e-008, 2.4240000000000003e+002, 2.3023158870971683e-001, 2.6906194174836409e+000, 0.0000000000000000e+000, 1.3999999999999999e+000, 1.4997906782830975e-001
110300, 6.8318395586489588e-003, 9.1848267370253684e-008, 2.4359999999999997e+002, 2.2993619109081956e-001, 2.5543709647690771e+000, 0.0000000000000000e+000, 1.3999999999999999e+000, 1.4960632168920210e-001
110400, 6.7463638229338149e-003, 9.0212776755300401e-008, 2.4480000000000007e+002, 2.3012124077944943e-001, 2.4161378865402829e+000, 0.0000000000000000e+000, 1.3999999999999999e+000, 1.4923411724401903e-001
110500, 6.6623479431592615e-003, 8.8613789953045583e-008, 2.4600000000000000e+002, 2.3078051698434102e-001, 2.2759411502830162e+000, 0.0000000000000000e+000, 1.3999999999999999e+000, 1.4886243768706472e-001
110600, 6.5797620355528743e-003, 8.7050355241774854e-008, 2.4719999999999993e+002, 2.3190783514573166e-001, 2.1338117874777938e+000, 0.0000000000000000e+000, 1.3999999999999999e+000, 1.4849128968637412e-001
110700, 6.4985769067193574e-003, 8.5521548763981054e-008, 2.4840000000000003e+002, 2.3349702417581270e-001, 1.9897808198411260e+000, 0.0000000000000000e+000, 1.3999999999999999e+000, 1.4812069388085181e-001
110800, 6.4187640362930783e-003, 8.4026473631341800e-008, 2.4959999999999997e+002, 2.3554214574023055e-001, 1.8438677224552524e+000, 0.0000000000000000e+000, 1.3999999999999999e+000, 1.4775062435281522e-001
110900, 6.3402955600503682e-003, 8.2564259060768775e-008, 2.5080000000000007e+002, 2.3803676088175635e-001, 1.6961255274578071e+000, 0.0000000000000000e+000, 1.3999999999999999e+000, 1.4738114717763695e-001
111000, 6.2631442534667649e-003, 8.1134059540344717e-008, 2.5200000000000000e+002, 2.4097497164669329e-001, 1.5465735111450256e+000, 0.0000000000000000e+000, 1.3999999999999999e+000, 1.4701225014813560e-001
111100, 6.1872835157099921e-003, 7.9735054024077179e-008, 2.5319999999999993e+002, 2.4435070494363914e-001, 1.3952420946250697e+000, 0.0000000000000000e+000, 1.3999999999999999e+000, 1.4664393703210846e-001
111200, 6.1126873540547008e-003, 7.8366445154376825e-008, 2.5440000000000003e+002, 2.4815793861470076e-001, 1.2421614897375008e+000, 0.0000000000000000e+000, 1.3999999999999999e+000, 1.4627622222686235e-001
111300, 6.0393303687086945e-003, 7.7027458511252198e-008, 2.5559999999999997e+002, 2.5239103055133366e-001, 1.0873497828773975e+000, 0.0000000000000000e+000, 1.3999999999999999e+000, 1.4590908700339461e-001
111400, 5.9671877380401746e-003, 7.5717341887247883e-008, 2.5680000000000007e+002, 2.5704338317881231e-001, 9.3086045219801328e-001, 0.0000000000000000e+000, 1.3999999999999999e+000, 1.4554259433196251e-001
111500, 5.8962352041935957e-003, 7.4435364587161996e-008, 2.5800000000000000e+002, 2.6210936461693485e-001, 7.7271147338545565e-001, 0.0000000000000000e+000, 1.3999999999999999e+000, 1.4517672584560515e-001
111600, 5.8264490590862299e-003, 7.3180816751668862e-008, 2.5919999999999993e+002, 2.6758304659145798e-001, 6.1293243135957443e-001, 0.0000000000000000e+000, 1.3999999999999999e+000, 1.4481149258530190e-001
111700, 5.7578061307720745e-003, 7.1953008703936285e-008, 2.6040000000000003e+002, 2.7345859299740655e-001, 4.5155265552401919e-001, 0.0000000000000000e+000, 1.3999999999999999e+000, 1.4444690249244591e-001
111800, 5.6902837701654895e-003, 7.0751270318429301e-008, 2.6159999999999997e+002, 2.7973065973884292e-001, 2.8858882520375939e-001, 0.0000000000000000e+000, 1.3999999999999999e+000, 1.4408294109459033e-001
111900, 5.6238598381144877e-003, 6.9574950411089577e-008, 2.6280000000000007e+002, 2.8639239383882775e-001, 1.2409502096912234e-001, 0.0000000000000000e+000, 1.3999999999999999e+000, 1.4371966327262822e-001
112000, 5.5585126928129952e-003, 6.8423416150101375e-008, 2.6400000000000000e+002, 2.9343859171337411e-001, -4.1912398820088563e-002, 0.0000000000000000e+000, 1.3999999999999999e+000, 1.4335705559401773e-001
112100, 5.4942211775447225e-003, 6.7296052486521669e-008, 2.6519999999999993e+002, 3.0086343331857468e-001, -2.0940467335397195e-001, 0.0000000000000000e+000, 1.3999999999999999e+000, 1.4299513049425938e-001
112200, 5.4309646087482635e-003, 6.6192261604040988e-008, 2.6640000000000003e+002, 3.0866116840298224e-001, -3.7835319414932034e-001, 0.0000000000000000e+000, 1.3999999999999999e+000, 1.4263389119538386e-001
112300, 5.3687227643953511e-003, 6.5111462387193916e-008, 2.6759999999999997e+002, 3.1682681464283707e-001, -5.4874265702453906e-001, 0.0000000000000000e+000, 1.3999999999999999e+000, 1.4227332051610278e-001
112400, 5.3074758726736901e-003, 6.4053089907355580e-008, 2.6880000000000007e+002, 3.2535338027654986e-001, -7.2051884079956918e-001, 0.0000000000000000e+000, 1.3999999999999999e+000, 1.4191347932823034e-001
112500, 5.2472046009659776e-003, 6.3016594925885928e-008, 2.7000000000000000e+002, 3.3423590146346732e-001, -8.9366660469913684e-001, 0.0000000000000000e+000, 1.3999999999999999e+000, 1.4155434895702576e-001
112600, 5.1878900451177348e-003, 6.2001443413815822e-008, 2.7119999999999993e+002, 3.4346874720870285e-001, -1.0681581104933646e+000, 0.0000000000000000e+000, 1.3999999999999999e+000, 1.4119593768048444e-001
112700, 5.1295137189848071e-003, 6.1007116087469938e-008, 2.7240000000000003e+002, 3.5304637484012841e-001, -1.2439656100878294e+000, 0.0000000000000000e+000, 1.3999999999999999e+000, 1.4083825183857721e-001
112800, 5.0720575442539601e-003, 6.0033107959471710e-008, 2.7359999999999997e+002, 3.6296395828998473e-001, -1.4210751341094940e+000, 0.0000000000000000e+000, 1.3999999999999999e+000, 1.4048127617553491e-001
112900, 5.0155038405299028e-003, 5.9078927904592286e-008, 2.7480000000000007e+002, 3.7321452630116486e-001, -1.5994322352849093e+000, 0.0000000000000000e+000, 1.3999999999999999e+000, 1.4012506759385443e-001
113000, 4.9598353156788044e-003, 5.8144098239886500e-008, 2.7600000000000000e+002, 3.8379331048062915e-001, -1.7790231147119502e+000, 0.0000000000000000e+000, 1.3999999999999999e+000, 1.3976960791670942e-001
113100, 4.9050350564246404e-003, 5.7228154318649273e-008, 2.7719999999999993e+002, 3.9469486913270085e-001, -1.9598208503484860e+000, 0.0000000000000000e+000, 1.3999999999999999e+000, 1.3941490519782743e-001
113200, 4.8510865191892082e-003, 5.6330644137678438e-008, 2.7840000000000003e+002, 4.0591376678670521e-001, -2.1417983967821428e+000, 0.0000000000000000e+000, 1.3999999999999999e+000, 1.3906096538748786e-001
113300, 4.7979735211699957e-003, 5.5451127957385335e-008, 2.7959999999999997e+002, 4.1744551328361618e-001, -2.3249431322598562e+000, 0.0000000000000000e+000, 1.3999999999999999e+000, 1.3870776670712745e-001
113400, 4.7456802316498212e-003, 5.4589177934305803e-008, 2.8080000000000007e+002, 4.2928300952872844e-001, -2.5092005689725414e+000, 0.0000000000000000e+000, 1.3999999999999999e+000, 1.3835537453961469e-001
113500, 4.6941911635308515e-003, 5.3744377765565708e-008, 2.8200000000000000e+002, 4.4142176412171336e-001, -2.6945582530347036e+000, 0.0000000000000000e+000, 1.3999999999999999e+000, 1.3800376298842204e-001
113600, 4.6434911650885093e-003, 5.2916322344900420e-008, 2.8319999999999993e+002, 4.5385647130286871e-001, -2.8809898031653609e+000, 0.0000000000000000e+000, 1.3999999999999999e+000, 1.3765294277768883e-001
113700, 4.5935654119376775e-003, 5.2104617429807926e-008, 2.8440000000000003e+002, 4.6658184630415084e-001, -3.0684692117232113e+000, 0.0000000000000000e+000, 1.3999999999999999e+000, 1.3730291685462048e-001
113800, 4.5443993992062498e-003, 5.1308879319456660e-008, 2.8559999999999997e+002, 4.7959367914317802e-001, -3.2569850511743024e+000, 0.0000000000000000e+000, 1.3999999999999999e+000, 1.3695366792876168e-001
113900, 4.4959789339111917e-003, 5.0528734542984353e-008, 2.8680000000000007e+002, 4.9288471944636358e-001, -3.4464826212983448e+000, 0.0000000000000000e+000, 1.3999999999999999e+000, 1.3660525255703104e-001
114000, 4.4482901275295621e-003, 4.9763819557804263e-008, 2.8800000000000000e+002, 5.0645077451488685e-001, -3.6369506375168856e+000, 0.0000000000000000e+000, 1.3999999999999999e+000, 1.3625765332093606e-001
114100, 4.4013193887615515e-003, 4.9013780457599869e-008, 2.8919999999999993e+002, 5.2028667870199929e-001, -3.8283636170030992e+000, 0.0000000000000000e+000, 1.3999999999999999e+000, 1.3591087096589402e-001
114200, 4.3550534164783251e-003, 4.8278272689651160e-008, 2.9040000000000003e+002, 5.3438730850360083e-001, -4.0206963906615112e+000, 0.0000000000000000e+000, 1.3999999999999999e+000, 1.3556491371773466e-001
114300, 4.3094791928514897e-003, 4.7556960781192290e-008, 2.9159999999999997e+002, 5.4874860649815482e-001, -4.2139382810193187e+000, 0.0000000000000000e+000, 1.3999999999999999e+000, 1.3521976618917789e-001
114400, 4.2645839766574664e-003, 4.6849518074470056e-008, 2.9280000000000007e+002, 5.6336330004720647e-001, -4.4080347833360660e+000, 0.0000000000000000e+000, 1.3999999999999999e+000, 1.3487547688658599e-001
114500, 4.2203552967539654e-003, 4.6155626470227581e-008, 2.9400000000000000e+002, 5.7822744035240858e-001, -4.6029757893077257e+000, 0.0000000000000000e+000, 1.3999999999999999e+000, 1.3453203179786413e-001
114600, 4.1767809457219710e-003, 4.5474976179303012e-008, 2.9519999999999993e+002, 5.9333595896250291e-001, -4.7987362684799750e+000, 0.0000000000000000e+000, 1.3999999999999999e+000, 1.3418943094771804e-001
114700, 4.1338489736706284e-003, 4.4807265482087803e-008, 2.9640000000000003e+002, 6.0868378678760182e-001, -4.9952915970843996e+000, 0.0000000000000000e+000, 1.3999999999999999e+000, 1.3384768247669765e-001
114800, 4.0915476821987212e-003, 4.4152200495556310e-008, 2.9759999999999997e+002, 6.2426719551845211e-001, -5.1926323497370923e+000, 0.0000000000000000e+000, 1.3999999999999999e+000, 1.3350676657618613e-001
114900, 4.0498656185107415e-003, 4.3509494947633755e-008, 2.9880000000000007e+002, 6.4007875075957554e-001, -5.3907036913353119e+000, 0.0000000000000000e+000, 1.3999999999999999e+000, 1.3316673506160220e-001
115000, 4.0087915696809633e-003, 4.2878869958628444e-008, 3.0000000000000000e+002, 6.5611467276818247e-001, -5.5894963756579799e+000, 0.0000000000000000e+000, 1.3999999999999999e+000, 1.3282757422952174e-001
115100, 3.9683145570641402e-003, 4.2260053829517189e-008, 3.0119999999999993e+002, 6.7237004071357964e-001, -5.7889860963006123e+000, 0.0000000000000000e+000, 1.3999999999999999e+000, 1.3248927871922586e-001
115200, 3.9284238308461448e-003, 4.1652781836824204e-008, 3.0240000000000003e+002, 6.8883988241739091e-001, -5.9891485968945712e+000, 0.0000000000000000e+000, 1.3999999999999999e+000, 1.3215186178724855e-001
115300, 3.8891088647333605e-003, 4.1056796033899089e-008, 3.0359999999999997e+002, 7.0552059230513453e-001, -6.1899752345110874e+000, 0.0000000000000000e+000, 1.3999999999999999e+000, 1.3181529832072517e-001
115400, 3.8503593507751704e-003, 4.0471845058358612e-008, 3.0480000000000007e+002, 7.2240463521040610e-001, -6.3914108920803123e+000, 0.0000000000000000e+000, 1.3999999999999999e+000, 1.3147964422682448e-001
115500, 3.8121651943170006e-003, 3.9897683945497363e-008, 3.0600000000000000e+002, 7.3948847247279814e-001, -6.5934472578829837e+000, 0.0000000000000000e+000, 1.3999999999999999e+000, 1.3114487649095860e-001
115600, 3.7745165090803494e-003, 3.9334073947466862e-008, 3.0719999999999993e+002, 7.5676713072359281e-001, -6.7960599913272297e+000, 0.0000000000000000e+000, 1.3999999999999999e+000, 1.3081100291521958e-001
115700, 3.7374036123662287e-003, 3.8780782358029397e-008, 3.0840000000000003e+002, 7.7423576763442881e-001, -6.9992254699888790e+000, 0.0000000000000000e+000, 1.3999999999999999e+000, 1.3047802077671816e-001
115800, 3.7008170203780325e-003, 3.8237582342694245e-008, 3.0959999999999997e+002, 7.9189083525858162e-001, -7.2029350775949519e+000, 0.0000000000000000e+000, 1.3999999999999999e+000, 1.3014591749538207e-001
115900, 3.6647474436627306e-003, 3.7704252774079276e-008, 3.1080000000000007e+002, 8.0972472301147136e-001, -7.4071337539168258e+000, 0.0000000000000000e+000, 1.3999999999999999e+000, 1.2981473724830500e-001
116000, 3.6291857826641345e-003, 3.7180578072293532e-008, 3.1200000000000000e+002, 8.2773397022827866e-001, -7.6118135620020100e+000, 0.0000000000000000e+000, 1.3999999999999999e+000, 1.2948446675250133e-001
116100, 3.5941231233884113e-003, 3.6666348050207114e-008, 3.1319999999999993e+002, 8.4591363004378406e-001, -7.8169501357324842e+000, 0.0000000000000000e+000, 1.3999999999999999e+000, 1.2915510515264023e-001
116200, 3.5595507331769882e-003, 3.6161357763428804e-008, 3.1440000000000003e+002, 8.6425886775925154e-001, -8.0225198170324159e+000, 0.0000000000000000e+000, 1.3999999999999999e+000, 1.2882665365829635e-001
116300, 3.5254600565838351e-003, 3.5665407364834841e-008, 3.1559999999999997e+002, 8.8276618959646047e-001, -8.2285143141364774e+000, 0.0000000000000000e+000, 1.3999999999999999e+000, 1.2849909849180102e-001
116400, 3.4918427113559978e-003, 3.5178301963516586e-008, 3.1680000000000007e+002, 9.0142784850425395e-001, -8.4348780910323402e+000, 0.0000000000000000e+000, 1.3999999999999999e+000, 1.2817248406261841e-001
116500, 3.4586904845126504e-003, 3.4699851487982406e-008, 3.1800000000000000e+002, 9.2024037834256234e-001, -8.6416028877203050e+000, 0.0000000000000000e+000, 1.3999999999999999e+000, 1.2784679461822784e-001
116600, 3.4259953285215618e-003, 3.4229870553489995e-008, 3.1919999999999993e+002, 9.3919879993713684e-001, -8.8486643187627028e+000, 0.0000000000000000e+000, 1.3999999999999999e+000, 1.2752202844662494e-001
116700, 3.3937493575700631e-003, 3.3768178333371699e-008, 3.2040000000000003e+002, 9.5829823883726450e-001, -9.0560385260425349e+000, 0.0000000000000000e+000, 1.3999999999999999e+000, 1.2719818636054803e-001
116800, 3.3619448439270510e-003, 3.3314598434213138e-008, 3.2159999999999997e+002, 9.7753515108852806e-001, -9.2637165454332244e+000, 0.0000000000000000e+000, 1.3999999999999999e+000, 1.2687525670831304e-001
116900, 3.3305742143950367e-003, 3.2868958774774487e-008, 3.2280000000000007e+002, 9.9690158377087834e-001, -9.4716423808571353e+000, 0.0000000000000000e+000, 1.3999999999999999e+000, 1.2655328311103467e-001
117000, 3.2996300468491847e-003, 3.2431091468526805e-008, 3.2400000000000000e+002, 1.0163940570627819e+000, -9.6798072747854533e+000, 0.0000000000000000e+000, 1.3999999999999999e+000, 1.2623224478802944e-001
117100, 3.2691050668608810e-003, 3.2000832709684916e-008, 3.2519999999999993e+002, 1.0360074951273879e+000, -9.8881862672154295e+000, 0.0000000000000000e+000, 1.3999999999999999e+000, 1.2591214361296785e-001
117200, 3.2389921444038357e-003, 3.1578022662626748e-008, 3.2640000000000003e+002, 1.0557369292725918e+000, -1.0096755189151434e+001, 0.0000000000000000e+000, 1.3999999999999999e+000, 1.2559298259955906e-001
117300, 3.2092842906409525e-003, 3.1162505354594339e-008, 3.2759999999999997e+002, 1.0755785343737814e+000, -1.0305503334800758e+001, 0.0000000000000000e+000, 1.3999999999999999e+000, 1.2527474039024383e-001
117400, 3.1799746547889005e-003, 3.0754128571561937e-008, 3.2880000000000007e+002, 1.0955243088862938e+000, -1.0514374467193758e+001, 0.0000000000000000e+000, 1.3999999999999999e+000, 1.2495746978437404e-001
117500, 3.1510565210594106e-003, 3.0352743757180660e-008, 3.3000000000000000e+002, 1.1155705241026626e+000, -1.0723358674693552e+001, 0.0000000000000000e+000, 1.3999999999999999e+000, 1.2464114457921247e-001
117600, 3.1225233056745507e-003, 2.9958205914694017e-008, 3.3119999999999993e+002, 1.1357134020847721e+000, -1.0932436923535947e+001, 0.0000000000000000e+000, 1.3999999999999999e+000, 1.2432576742553263e-001
117700, 3.0943685539541765e-003, 2.9570373511731490e-008, 3.3240000000000003e+002, 1.1559549509126592e+000, -1.1141617194353817e+001, 0.0000000000000000e+000, 1.3999999999999999e+000, 1.2401133919252412e-001
117800, 3.0665859374742655e-003, 2.9189108387894092e-008, 3.3359999999999997e+002, 1.1763002072967497e+000, -1.1350930514488985e+001, 0.0000000000000000e+000, 1.3999999999999999e+000, 1.2369784257436084e-001
117900, 3.0391692512933026e-003, 2.8814275665034330e-008, 3.3480000000000007e+002, 1.1967494495300868e+000, -1.1560359543848964e+001, 0.0000000000000000e+000, 1.3999999999999999e+000, 1.2338532168998533e-001
118000, 3.0121124112459869e-003, 2.8445743660155370e-008, 3.3600000000000000e+002, 1.2173075724144951e+000, -1.1769934214640321e+001, 0.0000000000000000e+000, 1.3999999999999999e+000, 1.2307375912591126e-001
118100, 2.9854094513014754e-003, 2.8083383800836667e-008, 3.3719999999999993e+002, 1.2379778473637162e+000, -1.1979668606847124e+001, 0.0000000000000000e+000, 1.3999999999999999e+000, 1.2276314973687266e-001
118200, 2.9590545209856405e-003, 2.7727070543118118e-008, 3.3840000000000003e+002, 1.2587634237130643e+000, -1.2189575775865531e+001, 0.0000000000000000e+000, 1.3999999999999999e+000, 1.2245350357835336e-001
118300, 2.9330418828643731e-003, 2.7376681291752530e-008, 3.3959999999999997e+002, 1.2796689863302471e+000, -1.2399684705990781e+001, 0.0000000000000000e+000, 1.3999999999999999e+000, 1.2214479405507367e-001
118400, 2.9073659100877169e-003, 2.7032096322765658e-008, 3.4080000000000007e+002, 1.3006944139611647e+000, -1.2609975859865774e+001, 0.0000000000000000e+000, 1.3999999999999999e+000, 1.2183706648602667e-001
118500, 2.8820210839924127e-003, 2.6693198708243518e-008, 3.4200000000000000e+002, 1.3218442181534236e+000, -1.2820477370597711e+001, 0.0000000000000000e+000, 1.3999999999999999e+000, 1.2153030266613794e-001
118600, 2.8570019917612392e-003, 2.6359874243276451e-008, 3.4319999999999993e+002, 1.3431213086796439e+000, -1.3031200897958856e+001, 0.0000000000000000e+000, 1.3999999999999999e+000, 1.2122450446946482e-001
118700, 2.8323033241383780e-003, 2.6032011374999616e-008, 3.4440000000000003e+002, 1.3645284009267968e+000, -1.3242157375190100e+001, 0.0000000000000000e+000, 1.3999999999999999e+000, 1.2091966777483586e-001
118800, 2.8079198731988239e-003, 2.5709501133659721e-008, 3.4559999999999997e+002, 1.3860697224233878e+000, -1.3453372965194745e+001, 0.0000000000000000e+000, 1.3999999999999999e+000, 1.2061577683318760e-001
118900, 2.7838465301706834e-003, 2.5392237065647207e-008, 3.4680000000000007e+002, 1.4077446851984192e+000, -1.3664825913508507e+001, 0.0000000000000000e+000, 1.3999999999999999e+000, 1.2031287664115108e-001
119000, 2.7600782833090060e-003, 2.5080115168433663e-008, 3.4800000000000000e+002, 1.4295572819202158e+000, -1.3876541337229288e+001, 0.0000000000000000e+000, 1.3999999999999999e+000, 1.2001094333552012e-001
119100, 2.7366102158195653e-003, 2.4773033827352861e-008, 3.4919999999999993e+002, 1.4515098023070894e+000, -1.4088527601466323e+001, 0.0000000000000000e+000, 1.3999999999999999e+000, 1.1970997731203840e-001
119200, 2.7134375038317879e-003, 2.4470893754173407e-008, 3.5040000000000003e+002, 1.4736045000596085e+000, -1.4300793035525814e+001, 0.0000000000000000e+000, 1.3999999999999999e+000, 1.1940998260604975e-001
119300, 2.6905554144191169e-003, 2.4173597927403747e-008, 3.5159999999999997e+002, 1.4958451956359027e+000, -1.4513361108727665e+001, 0.0000000000000000e+000, 1.3999999999999999e+000, 1.1911093744968243e-001
119400, 2.6679593036660668e-003, 2.3881051534280693e-008, 3.5280000000000007e+002, 1.5182303890757731e+000, -1.4726205879797115e+001, 0.0000000000000000e+000, 1.3999999999999999e+000, 1.1881288443977581e-001
119500, 2.6456446147801382e-003, 2.3593161914384431e-008, 3.5400000000000000e+002, 1.5407635798150012e+000, -1.4939349125330164e+001, 0.0000000000000000e+000, 1.3999999999999999e+000, 1.1851580015081847e-001
119600, 2.6236068762483951e-003, 2.3309838504838727e-008, 3.5519999999999993e+002, 1.5634464769492009e+000, -1.5152796210926184e+001, 0.0000000000000000e+000, 1.3999999999999999e+000, 1.1821969192794944e-001
119700, 2.6018417000363875e-003, 2.3030992787037620e-008, 3.5640000000000003e+002, 1.5862806945457055e+000, -1.5366551939695063e+001, 0.0000000000000000e+000, 1.3999999999999999e+000, 1.1792455171314567e-001
119800, 2.5803447798296718e-003, 2.2756538234864318e-008, 3.5759999999999997e+002, 1.6092692069045189e+000, -1.5580634938682621e+001, 0.0000000000000000e+000, 1.3999999999999999e+000, 1.1763036639699409e-001
119900, 2.5591118893155645e-003, 2.2486390264345244e-008, 3.5880000000000007e+002, 1.6324098810872898e+000, -1.5795016099362075e+001, 0.0000000000000000e+000, 1.3999999999999999e+000, 1.1733717503339416e-001
120000, 2.5381388805051216e-003, 2.2220466184705443e-008, 3.6000000000000000e+002, 1.6557055096243791e+000, -1.6009713128733345e+001, 0.0000000000000000e+000, 1.3999999999999999e+000, 1.1704496066571475e-001
120100, 2.5174137172980665e-003, 2.1958685150779078e-008, 3.6119885721002242e+002, 1.6791570953676591e+000, -1.6224727589358327e+001, 0.0000000000000000e+000, 1.3999999999999999e+000, 1.1675371498354654e-001
120200, 2.4969248226263583e-003, 2.1700968116732823e-008, 3.6239543178834117e+002, 1.7027652262577906e+000, -1.6440058387596299e+001, 0.0000000000000000e+000, 1.3999999999999999e+000, 1.1646344762675981e-001
120300, 2.4766688362144523e-003, 2.1447237791065417e-008, 3.6358972815081449e+002, 1.7265323577774365e+000, -1.6655721475117925e+001, 0.0000000000000000e+000, 1.3999999999999999e+000, 1.1617413313451097e-001
120400, 2.4566424522371563e-003, 2.1197418592847014e-008, 3.6478175070462476e+002, 1.7504554128024492e+000, -1.6871682540118066e+001, 0.0000000000000000e+000, 1.3999999999999999e+000, 1.1588581232176211e-001
120500, 2.4368424183794594e-003, 2.0951436609153654e-008, 3.6597150384829479e+002, 1.7745362840310994e+000, -1.7087954486553670e+001, 0.0000000000000000e+000, 1.3999999999999999e+000, 1.1559846923907420e-001
120600, 2.4172655349129842e-003, 2.0709219553672027e-008, 3.6715899197170563e+002, 1.7987751167658144e+000, -1.7304533958414478e+001, 0.0000000000000000e+000, 1.3999999999999999e+000, 1.1531209921622265e-001
120700, 2.3979086537877616e-003, 2.0470696726430620e-008, 3.6834421945611405e+002, 1.8231717238931175e+000, -1.7521415598682758e+001, 0.0000000000000000e+000, 1.3999999999999999e+000, 1.1502670027329785e-001
120800, 2.3787686777396780e-003, 2.0235798974628695e-008, 3.6952719067416842e+002, 1.8477277260700424e+000, -1.7738610360139162e+001, 0.0000000000000000e+000, 1.3999999999999999e+000, 1.1474226006479973e-001
120900, 2.3598425594132692e-003, 2.0004458654529628e-008, 3.7070790998992777e+002, 1.8724388137075856e+000, -1.7956077966165239e+001, 0.0000000000000000e+000, 1.3999999999999999e+000, 1.1445881338816116e-001
121000, 2.3411273004994935e-003, 1.9776609594386243e-008, 3.7188638175887729e+002, 1.8973062233383031e+000, -1.8173827187257107e+001, 0.0000000000000000e+000, 1.3999999999999999e+000, 1.1417634362238890e-001
121100, 2.3226199508885178e-003, 1.9552187058369612e-008, 3.7306261032794646e+002, 1.9223290315424502e+000, -1.8391848832110149e+001, 0.0000000000000000e+000, 1.3999999999999999e+000, 1.1389484574445465e-001
121200, 2.3043176078371714e-003, 1.9331127711470933e-008, 3.7423660003552595e+002, 1.9475060680407876e+000, -1.8610132291131304e+001, 0.0000000000000000e+000, 1.3999999999999999e+000, 1.1361432115100979e-001
121300, 2.2862174151505946e-003, 1.9113369585345969e-008, 3.7540835521148369e+002, 1.9728381604999894e+000, -1.8828683869237018e+001, 0.0000000000000000e+000, 1.3999999999999999e+000, 1.1333474917839340e-001
121400, 2.2683165623785706e-003, 1.8898852045080111e-008, 3.7657788017718349e+002, 1.9983198617210092e+000, -1.9047457274764799e+001, 0.0000000000000000e+000, 1.3999999999999999e+000, 1.1305617468469566e-001
121500, 2.2506122840252004e-003, 1.8687515756838149e-008, 3.7774517924550048e+002, 2.0239513945250081e+000, -1.9266455695590682e+001, 0.0000000000000000e+000, 1.3999999999999999e+000, 1.1277857451064417e-001
121600, 2.2331018587731870e-003, 1.8479302656385117e-008, 3.7891025672083924e+002, 2.0497308606057487e+000, -1.9485664416616267e+001, 0.0000000000000000e+000, 1.3999999999999999e+000, 1.1250194490265833e-001
121700, 2.2157826087209321e-003, 1.8274155918439911e-008, 3.8007311689915002e+002, 2.0756562219495196e+000, -1.9705068055488841e+001, 0.0000000000000000e+000, 1.3999999999999999e+000, 1.1222628883748985e-001
121800, 2.1986518986335996e-003, 1.8072019926848919e-008, 3.8123376406794523e+002, 2.1017271575911951e+000, -1.9924666405089496e+001, 0.0000000000000000e+000, 1.3999999999999999e+000, 1.1195158286463977e-001
121900, 2.1817071352069088e-003, 1.7872840245547280e-008, 3.8239220250631774e+002, 2.1279371157083511e+000, -2.0144407651608010e+001, 0.0000000000000000e+000, 1.3999999999999999e+000, 1.1167786945244415e-001
122000, 2.1649457663441563e-003, 1.7676563590291199e-008, 3.8354843648495580e+002, 2.1542854753928458e+000, -2.0364289845253243e+001, 0.0000000000000000e+000, 1.3999999999999999e+000, 1.1140513163079348e-001
122100, 2.1483652804457701e-003, 1.7483137801134894e-008, 3.8470247026616096e+002, 2.1807693643171175e+000, -2.0584293040536334e+001, 0.0000000000000000e+000, 1.3999999999999999e+000, 1.1113336423242721e-001
122200, 2.1319632057117061e-003, 1.7292511815635108e-008, 3.8585430810386492e+002, 2.2073855716978592e+000, -2.0804395402492020e+001, 0.0000000000000000e+000, 1.3999999999999999e+000, 1.1086256040116568e-001
122300, 2.1157371094557096e-003, 1.7104635642756072e-008, 3.8700395424364524e+002, 2.2341327630383372e+000, -2.1024591041684175e+001, 0.0000000000000000e+000, 1.3999999999999999e+000, 1.1059271395760319e-001
122400, 2.0996845974322366e-003, 1.6919460337462971e-008, 3.8815141292274325e+002, 2.2610034532242134e+000, -2.1244823118116393e+001, 0.0000000000000000e+000, 1.3999999999999999e+000, 1.1032385512647798e-001
122500, 2.0838033131747825e-003, 1.6736937975975862e-008, 3.8929668837007932e+002, 2.2879960156246155e+000, -2.1465084374909214e+001, 0.0000000000000000e+000, 1.3999999999999999e+000, 1.1005596512725653e-001
122600, 2.0680909373464299e-003, 1.6557021631673130e-008, 3.9043978480627050e+002, 2.3151066186322891e+000, -2.1685349193948753e+001, 0.0000000000000000e+000, 1.3999999999999999e+000, 1.0978904274318524e-001
122700, 2.0525451871016846e-003, 1.6379665351620543e-008, 3.9158070644364682e+002, 2.3423308848970277e+000, -2.1905589613709097e+001, 0.0000000000000000e+000, 1.3999999999999999e+000, 1.0952309057574468e-001
122800, 2.0371638154595036e-003, 1.6204824133708643e-008, 3.9271945748626740e+002, 2.3696670938392623e+000, -2.2125796909408844e+001, 0.0000000000000000e+000, 1.3999999999999999e+000, 1.0925808429737202e-001
122900, 2.0219446106878244e-003, 1.6032453904385452e-008, 3.9385604212993758e+002, 2.3971061046383433e+000, -2.2345906003997936e+001, 0.0000000000000000e+000, 1.3999999999999999e+000, 1.0899406322674929e-001
123000, 2.0068853956988599e-003, 1.5862511496963323e-008, 3.9499046456222447e+002, 2.4246458199713663e+000, -2.2565906606830051e+001, 0.0000000000000000e+000, 1.3999999999999999e+000, 1.0873100709384199e-001
123100, 1.9919840274551463e-003, 1.5694954630485108e-008, 3.9612272896247464e+002, 2.4522811342327944e+000, -2.2785766339804841e+001, 0.0000000000000000e+000, 1.3999999999999999e+000, 1.0846891902824994e-001
123200, 1.9772383963863644e-003, 1.5529741889135737e-008, 3.9725283950182950e+002, 2.4800072613619921e+000, -2.3005454571265894e+001, 0.0000000000000000e+000, 1.3999999999999999e+000, 1.0820779448723045e-001
123300, 1.9626464258162119e-003, 1.5366832702179468e-008, 3.9838080034324162e+002, 2.5078211550226719e+000, -2.3224955414672472e+001, 0.0000000000000000e+000, 1.3999999999999999e+000, 1.0794761501210319e-001
123400, 1.9482060713999526e-003, 1.5206187324414619e-008, 3.9950661564149198e+002, 2.5357131762825609e+000, -2.3444201424878795e+001, 0.0000000000000000e+000, 1.3999999999999999e+000, 1.0768841897255128e-001
123500, 1.9339153205717270e-003, 1.5047766817125470e-008, 4.0063028954320498e+002, 2.5636802243159611e+000, -2.3663176507804305e+001, 0.0000000000000000e+000, 1.3999999999999999e+000, 1.0743076227981134e-001
123600, 1.9197721920019143e-003, 1.4891533029521219e-008, 4.0175182618686608e+002, 2.5917165040316328e+000, -2.3881844382216009e+001, 0.0000000000000000e+000, 1.3999999999999999e+000, 1.0717355382529346e-001
123700, 1.9057747350640028e-003, 1.4737448580645557e-008, 4.0287122970283713e+002, 2.6198164039616914e+000, -2.4100170089603644e+001, 0.0000000000000000e+000, 1.3999999999999999e+000, 1.0691730141679417e-001
123800, 1.8919210293110520e-003, 1.4585476841745792e-008, 4.0398850421337227e+002, 2.6479763471706819e+000, -2.4318134277171147e+001, 0.0000000000000000e+000, 1.3999999999999999e+000, 1.0666198144890809e-001
123900, 1.8782091839618035e-003, 1.4435581919090521e-008, 4.0510365383263536e+002, 2.6761859241949608e+000, -2.4535666021988881e+001, 0.0000000000000000e+000, 1.3999999999999999e+000, 1.0640762988895913e-001
124000, 1.8646373373955596e-003, 1.4287728637218151e-008, 4.0621668266671441e+002, 2.7044412928619037e+000, -2.4752744812476262e+001, 0.0000000000000000e+000, 1.3999999999999999e+000, 1.0615422630778330e-001
124100, 1.8512036566564717e-003, 1.4141882522610311e-008, 4.0732759481363928e+002, 2.7327362816213672e+000, -2.4969332248743065e+001, 0.0000000000000000e+000, 1.3999999999999999e+000, 1.0590176916887671e-001
124200, 1.8379063369664138e-003, 1.3998009787773715e-008, 4.0843639436339697e+002, 2.7610645906325360e+000, -2.5185389517504056e+001, 0.0000000000000000e+000, 1.3999999999999999e+000, 1.0565025524693365e-001
124300, 1.8247436012468522e-003, 1.3856077315723416e-008, 4.0954308539794727e+002, 2.7894219061868566e+000, -2.5400893120574896e+001, 0.0000000000000000e+000, 1.3999999999999999e+000, 1.0539965642718584e-001
124400, 1.8117136996491359e-003, 1.3716052644853366e-008, 4.1064767199123969e+002, 2.8177977075218332e+000, -2.5615772029944299e+001, 0.0000000000000000e+000, 1.3999999999999999e+000, 1.0515001793808135e-001
124500, 1.7988149090931106e-003, 1.3577903954184211e-008, 4.1175015820922852e+002, 2.8461875006074422e+000, -2.5830001571801517e+001, 0.0000000000000000e+000, 1.3999999999999999e+000, 1.0490130972099757e-001
124600, 1.7860455328142723e-003, 1.3441600048980700e-008, 4.1285054810988936e+002, 2.8745848829541338e+000, -2.6043542428564681e+001, 0.0000000000000000e+000, 1.3999999999999999e+000, 1.0465353096565173e-001
124700, 1.7734038999186862e-003, 1.3307110346724101e-008, 4.1394884574323510e+002, 2.9029827072101080e+000, -2.6256351090798002e+001, 0.0000000000000000e+000, 1.3999999999999999e+000, 1.0440668317969352e-001
124800, 1.7608883649463209e-003, 1.3174404863435908e-008, 4.1504505515133076e+002, 2.9313774388051748e+000, -2.6468407938051435e+001, 0.0000000000000000e+000, 1.3999999999999999e+000, 1.0416074024038509e-001
124900, 1.7484973074417245e-003, 1.3043454200336360e-008, 4.1613918036831103e+002, 2.9597572191693606e+000, -2.6679634906404804e+001, 0.0000000000000000e+000, 1.3999999999999999e+000, 1.0391573976576633e-001
125000, 1.7362291315326992e-003, 1.2914229530834841e-008, 4.1723122542039414e+002, 2.9881180119555402e+000, -2.6890010060124613e+001, 0.0000000000000000e+000, 1.3999999999999999e+000, 1.0367166003126672e-001
125100, 1.7240822655164628e-003, 1.2786702587840286e-008, 4.1832119432589923e+002, 3.0164528227820209e+000, -2.7099490523683123e+001, 0.0000000000000000e+000, 1.3999999999999999e+000, 1.0342849992258321e-001
125200, 1.7120551614531018e-003, 1.2660845651382693e-008, 4.1940909109526172e+002, 3.0447551083298756e+000, -2.7308036150745359e+001, 0.0000000000000000e+000, 1.3999999999999999e+000, 1.0318624756543363e-001
125300, 1.7001462947665903e-003, 1.2536631536540409e-008, 4.2049491973104762e+002, 3.0730203087794066e+000, -2.7515621582622817e+001, 0.0000000000000000e+000, 1.3999999999999999e+000, 1.0294489440381216e-001
125400, 1.6883541638525504e-003, 1.2414033581659836e-008, 4.2157868422797173e+002, 3.1012372246115709e+000, -2.7722172651281863e+001, 0.0000000000000000e+000, 1.3999999999999999e+000, 1.0270446557700552e-001
125500, 1.6766772896933129e-003, 1.2293025636865019e-008, 4.2266038857291062e+002, 3.1294017631825124e+000, -2.7927667115130028e+001, 0.0000000000000000e+000, 1.3999999999999999e+000, 1.0246494293284321e-001
125600, 1.6651142154798365e-003, 1.2173582052846812e-008, 4.2374003674492053e+002, 3.1575069593983254e+000, -2.8132062023099287e+001, 0.0000000000000000e+000, 1.3999999999999999e+000, 1.0222632856132466e-001
125700, 1.6536635062402471e-003, 1.2055677669923695e-008, 4.2481763271525142e+002, 3.1855461885919487e+000, -2.8335316799702266e+001, 0.0000000000000000e+000, 1.3999999999999999e+000, 1.0198861524786117e-001
125800, 1.6423237484751339e-003, 1.1939287807368703e-008, 4.2589318044736285e+002, 3.2135155866649101e+000, -2.8537409564397560e+001, 0.0000000000000000e+000, 1.3999999999999999e+000, 1.0175177855471902e-001
125900, 1.6310935497993622e-003, 1.1824388252994653e-008, 4.2696668389694037e+002, 3.2414039873834843e+000, -2.8738267338996142e+001, 0.0000000000000000e+000, 1.3999999999999999e+000, 1.0151585478592141e-001
126000, 1.6199715385901206e-003, 1.1710955252989753e-008, 4.2803814701190947e+002, 3.2692074181618000e+000, -2.8937867700436936e+001, 0.0000000000000000e+000, 1.3999999999999999e+000, 1.0128082918479207e-001
126100, 1.6089563636416191e-003, 1.1598965502000732e-008, 4.2910757373245235e+002, 3.2969194041618142e+000, -2.9136170702147712e+001, 0.0000000000000000e+000, 1.3999999999999999e+000, 1.0104668782799632e-001
126200, 1.5980466938253911e-003, 1.1488396133450352e-008, 4.3017496799102310e+002, 3.3245339279776247e+000, -2.9333139192859150e+001, 0.0000000000000000e+000, 1.3999999999999999e+000, 1.0081343655908413e-001
126300, 1.5872412177571631e-003, 1.1379224710090915e-008, 4.3124033371236192e+002, 3.3520469295071980e+000, -2.9528749628218009e+001, 0.0000000000000000e+000, 1.3999999999999999e+000, 1.0058105470924540e-001
126400, 1.5765386434694886e-003, 1.1271429214782561e-008, 4.3230367481351266e+002, 3.3794482786845585e+000, -2.9722935577320076e+001, 0.0000000000000000e+000, 1.3999999999999999e+000, 1.0034957208704400e-001
126500, 1.5659376980899748e-003, 1.1164988041490154e-008, 4.3336499520383575e+002, 3.4067343703257449e+000, -2.9915676232938957e+001, 0.0000000000000000e+000, 1.3999999999999999e+000, 1.0011896848734456e-001
126600, 1.5554371275256201e-003, 1.1059879986497399e-008, 4.3442429878502537e+002, 3.4338992706342943e+000, -3.0106934829709740e+001, 0.0000000000000000e+000, 1.3999999999999999e+000, 9.9889240578114713e-002
126700, 1.5450356961525557e-003, 1.0956084239828423e-008, 4.3548158945112391e+002, 3.4609376176057527e+000, -3.0296677443593321e+001, 0.0000000000000000e+000, 1.3999999999999999e+000, 9.9660387917411206e-002
126800, 1.5347321865112195e-003, 1.0853580376872211e-008, 4.3653687108853683e+002, 3.4878458426093433e+000, -3.0484883271890450e+001, 0.0000000000000000e+000, 1.3999999999999999e+000, 9.9432387731063027e-002
126900, 1.5245253990071998e-003, 1.0752348350207211e-008, 4.3759014757604893e+002, 3.5146145136260385e+000, -3.0671490360351388e+001, 0.0000000000000000e+000, 1.3999999999999999e+000, 9.9205276914549140e-002
127000, 1.5144141516171474e-003, 1.0652368481617274e-008, 4.3864142278483848e+002, 3.5412408428818867e+000, -3.0856481624133181e+001, 0.0000000000000000e+000, 1.3999999999999999e+000, 9.8979029455833950e-002
127100, 1.5043972796000467e-003, 1.0553621454296845e-008, 4.3969070057849308e+002, 3.5677196569346772e+000, -3.1039825094330524e+001, 0.0000000000000000e+000, 1.3999999999999999e+000, 9.8753646927761549e-002
127200, 1.4944736352135437e-003, 1.0456088305239001e-008, 4.4073798481302435e+002, 3.5940461377915107e+000, -3.1221489535020812e+001, 0.0000000000000000e+000, 1.3999999999999999e+000, 9.8529126846704548e-002
127300, 1.4846420874352654e-003, 1.0359750417801926e-008, 4.4178327933688308e+002, 3.6202179369201657e+000, -3.1401460478562978e+001, 0.0000000000000000e+000, 1.3999999999999999e+000, 9.8305444077303530e-002
127400, 1.4749015216891810e-003, 1.0264589514450223e-008, 4.4282658799097464e+002, 3.6462262684609885e+000, -3.1579680159525964e+001, 0.0000000000000000e+000, 1.3999999999999999e+000, 9.8082635666732865e-002
127500, 1.4652508395766857e-003, 1.0170587649665037e-008, 4.4386791460867346e+002, 3.6720690799298250e+000, -3.1756135776315890e+001, 0.0000000000000000e+000, 1.3999999999999999e+000, 9.7860681273641781e-002
127600, 1.4556889586125337e-003, 1.0077727203020156e-008, 4.4490726301583823e+002, 3.6977420983275149e+000, -3.1930799373038347e+001, 0.0000000000000000e+000, 1.3999999999999999e+000, 9.7639573157362478e-002
127700, 1.4462148119653538e-003, 9.9859908724186299e-009, 4.4594463703082749e+002, 3.7232415274237964e+000, -3.2103646166353180e+001, 0.0000000000000000e+000, 1.3999999999999999e+000, 9.7419317031577995e-002
127800, 1.4368273482027263e-003, 9.8953616674863952e-009, 4.4698004046451297e+002, 3.7485657435786113e+000, -3.2274665084993785e+001, 0.0000000000000000e+000, 1.3999999999999999e+000, 9.7199885441644332e-002
127900, 1.4275255310408515e-003, 9.8058229031194967e-009, 4.4801347712029667e+002, 3.7737069351109240e+000, -3.2443804420603158e+001, 0.0000000000000000e+000, 1.3999999999999999e+000, 9.6981313500117391e-002
128000, 1.4183083390985909e-003, 9.7173581931803726e-009, 4.4904495079412345e+002, 3.7986643520980450e+000, -3.2611057888053871e+001, 0.0000000000000000e+000, 1.3999999999999999e+000, 9.6763581302518720e-002
128100, 1.4091747656557816e-003, 9.6299514443390930e-009, 4.5007446527449792e+002, 3.8234362841459473e+000, -3.2776414291209790e+001, 0.0000000000000000e+000, 1.3999999999999999e+000, 9.6546668581608028e-002
128200, 1.4001238184158027e-003, 9.5435868500564294e-009, 4.5110202434249777e+002, 3.8480143542268261e+000, -3.2939816872369292e+001, 0.0000000000000000e+000, 1.3999999999999999e+000, 9.6330622468289051e-002
128300, 1.3911545192723488e-003, 9.4582488847054099e-009, 4.5212763177178931e+002, 3.8724035145922908e+000, -3.3101296821840052e+001, 0.0000000000000000e+000, 1.3999999999999999e+000, 9.6115375094651567e-002
128400, 1.3822659040804235e-003, 9.3739222978284591e-009, 4.5315129132864183e+002, 3.8965935042848585e+000, -3.3260785929192856e+001, 0.0000000000000000e+000, 1.3999999999999999e+000, 9.5900990330615110e-002
128500, 1.3734570224309189e-003, 9.2905921085230102e-009, 4.5417300677194260e+002, 3.9205896779259453e+000, -3.3418316625824531e+001, 0.0000000000000000e+000, 1.3999999999999999e+000, 9.5687397000479291e-002
128600, 1.3647269374297121e-003, 9.2082435999591608e-009, 4.5519278185321150e+002, 3.9443860981344576e+000, -3.3573848430263631e+001, 0.0000000000000000e+000, 1.3999999999999999e+000, 9.5474626774404409e-002
128700, 1.3560747254802601e-003, 9.1268623140196513e-009, 4.5621062031661575e+002, 3.9679772181859012e+000, -3.3727343040313919e+001, 0.0000000000000000e+000, 1.3999999999999999e+000, 9.5262710853438237e-002
128800, 1.3474994760699472e-003, 9.0464340460614397e-009, 4.5722652589898439e+002, 3.9913686944922180e+000, -3.3878834623465430e+001, 0.0000000000000000e+000, 1.3999999999999999e+000, 9.5051578840070053e-002
128900, 1.3390002915604925e-003, 8.9669448397983020e-009, 4.5824050232982245e+002, 4.0145516341591749e+000, -3.4028262910728643e+001, 0.0000000000000000e+000, 1.3999999999999999e+000, 9.4841294757541425e-002
129000, 1.3305762869816680e-003, 8.8883809822968995e-009, 4.5925255333132657e+002, 4.0375324302890272e+000, -3.4175665646324354e+001, 0.0000000000000000e+000, 1.3999999999999999e+000, 9.4631790617748790e-002
129100, 1.3222265898288441e-003, 8.8107289990875089e-009, 4.6026268261839869e+002, 4.0603057865580272e+000, -3.4321006328419315e+001, 0.0000000000000000e+000, 1.3999999999999999e+000, 9.4423095989966274e-002
129200, 1.3139503398639264e-003, 8.7339756493840204e-009, 4.6127089389866126e+002, 4.0828675645954284e+000, -3.4464254845770157e+001, 0.0000000000000000e+000, 1.3999999999999999e+000, 9.4215241373900194e-002
129300, 1.3057466889197726e-003, 8.6581079214116530e-009, 4.6227719087247090e+002, 4.1052241832956069e+000, -3.4605448217009453e+001, 0.0000000000000000e+000, 1.3999999999999999e+000, 9.4008158271617126e-002
129400, 1.2976148007080848e-003, 8.5831130278400219e-009, 4.6328157723293293e+002, 4.1273682769616817e+000, -3.4744536145779612e+001, 0.0000000000000000e+000, 1.3999999999999999e+000, 9.3801908612877655e-002
129500, 1.2895538506305601e-003, 8.5089784013180379e-009, 4.6428405666591698e+002, 4.1493060799440098e+000, -3.4881554031872291e+001, 0.0000000000000000e+000, 1.3999999999999999e+000, 9.3596424854967608e-002
129600, 1.2815630255933017e-003, 8.4356916901085506e-009, 4.6528463285006990e+002, 4.1710339660921072e+000, -3.5016475294855667e+001, 0.0000000000000000e+000, 1.3999999999999999e+000, 9.3391739613250188e-002
129700, 1.2736415238245704e-003, 8.3632407538212402e-009, 4.6628330945683115e+002, 4.1925493561280645e+000, -3.5149278907102172e+001, 0.0000000000000000e+000, 1.3999999999999999e+000, 9.3187876904459371e-002
129800, 1.2657885546954622e-003, 8.2916136592390094e-009, 4.6728009015044677e+002, 4.2138583853068301e+000, -3.5279999277414802e+001, 0.0000000000000000e+000, 1.3999999999999999e+000, 9.2984775303620676e-002
129900, 1.2580033385438871e-003, 8.2207986762384709e-009, 4.6827497858798301e+002, 4.2349551486452741e+000, -3.5408595566936725e+001, 0.0000000000000000e+000, 1.3999999999999999e+000, 9.2782493842524794e-002
130000, 1.2502851065015019e-003, 8.1507842738003151e-009, 4.6926797841934206e+002, 4.2558469761737499e+000, -3.5535107507794628e+001, 0.0000000000000000e+000, 1.3999999999999999e+000, 9.2580963206256917e-002
130100, 1.2426331003236068e-003, 8.0815591161079173e-009, 4.7025909328727505e+002, 4.2765301327344103e+000, -3.5659513691839734e+001, 0.0000000000000000e+000, 1.3999999999999999e+000, 9.2380217913300172e-002
130200, 1.2350465722220975e-003, 8.0131120587328291e-009, 4.7124832682739725e+002, 4.2969983975916417e+000, -3.5781799962684673e+001, 0.0000000000000000e+000, 1.3999999999999999e+000, 9.2180283878809735e-002
130300, 1.2275247847010197e-003, 7.9454321449026970e-009, 4.7223568266820143e+002, 4.3172540876983936e+000, -3.5902008654309668e+001, 0.0000000000000000e+000, 1.3999999999999999e+000, 9.1981094595150983e-002
130400, 1.2200670103952676e-003, 7.8785086018532877e-009, 4.7322116443107177e+002, 4.3372872542359753e+000, -3.6020108805566004e+001, 0.0000000000000000e+000, 1.3999999999999999e+000, 9.1782710861869288e-002
130500, 1.2126725319117932e-003, 7.8123308372589051e-009, 4.7420477573029962e+002, 4.3571002680280158e+000, -3.6136142484801596e+001, 0.0000000000000000e+000, 1.3999999999999999e+000, 9.1585067381839150e-002
130600, 1.2053406416737242e-003, 7.7468884357423111e-009, 4.7518652017309603e+002, 4.3766865056955924e+000, -3.6250098818739239e+001, 0.0000000000000000e+000, 1.3999999999999999e+000, 9.1388193262090286e-002
130700, 1.1980706417670927e-003, 7.6821711554605101e-009, 4.7616640135960654e+002, 4.3960396683385330e+000, -3.6361968792411858e+001, 0.0000000000000000e+000, 1.3999999999999999e+000, 9.1192118159790586e-002
130800, 1.1908618437899805e-003, 7.6181689247637511e-009, 4.7714442288292526e+002, 4.4151626170250138e+000, -3.6471796376269047e+001, 0.0000000000000000e+000, 1.3999999999999999e+000, 9.0996774727868143e-002
130900, 1.1837135687046193e-003, 7.5548718389297577e-009, 4.7812058832910770e+002, 4.4340464372014363e+000, -3.6579557736725413e+001, 0.0000000000000000e+000, 1.3999999999999999e+000, 9.0802221693621996e-002
131000, 1.1766251466917164e-003, 7.4922701569669679e-009, 4.7909490127718686e+002, 4.4526935006212565e+000, -3.6685294037617950e+001, 0.0000000000000000e+000, 1.3999999999999999e+000, 9.0608396715509881e-002
131100, 1.1695959170073729e-003, 7.4303542984878897e-009, 4.8006736529918578e+002, 4.4710987634053234e+000, -3.6789002921306121e+001, 0.0000000000000000e+000, 1.3999999999999999e+000, 9.0415329307174594e-002
131200, 1.1626252278424587e-003, 7.3691148406502691e-009, 4.8103798396013167e+002, 4.4892563285096871e+000, -3.6890678828605630e+001, 0.0000000000000000e+000, 1.3999999999999999e+000, 9.0223045712502808e-002
131300, 1.1557124361842926e-003, 7.3085425151637981e-009, 4.8200676081807023e+002, 4.5071688625487027e+000, -3.6990363259333002e+001, 0.0000000000000000e+000, 1.3999999999999999e+000, 9.0031479076552900e-002
131400, 1.1488569076806550e-003, 7.2486282053613255e-009, 4.8297369942407875e+002, 4.5248290307995038e+000, -3.7088042367922874e+001, 0.0000000000000000e+000, 1.3999999999999999e+000, 8.9840689313434502e-002
131500, 1.1420580165063870e-003, 7.1893629433348224e-009, 4.8393880332228082e+002, 4.5422392105957234e+000, -3.7183755910715952e+001, 0.0000000000000000e+000, 1.3999999999999999e+000, 8.9650617569917920e-002
131600, 1.1353151452317509e-003, 7.1307379071297694e-009, 4.8490207604985972e+002, 4.5593949129440778e+000, -3.7277505576466218e+001, 0.0000000000000000e+000, 1.3999999999999999e+000, 8.9461288245868020e-002
131700, 1.1286276846935442e-003, 7.0727444180030238e-009, 4.8586352113707255e+002, 4.5762911842092260e+000, -3.7369291155219869e+001, 0.0000000000000000e+000, 1.3999999999999999e+000, 8.9272725697491465e-002
131800, 1.1219950338679408e-003, 7.0153739377365101e-009, 4.8682314210726372e+002, 4.5929311063229425e+000, -3.7459155655087422e+001, 0.0000000000000000e+000, 1.3999999999999999e+000, 8.9084869968891686e-002
131900, 1.1154165997458048e-003, 6.9586180660103838e-009, 4.8778094247687795e+002, 4.6093074549319732e+000, -3.7547086480620095e+001, 0.0000000000000000e+000, 1.3999999999999999e+000, 8.8897778858261320e-002
132000, 1.1088917972099310e-003, 6.9024685378310218e-009, 4.8873692575547551e+002, 4.6254231410940871e+000, -3.7633126032917083e+001, 0.0000000000000000e+000, 1.3999999999999999e+000, 8.8711387757231211e-002
132100, 1.1024200489144040e-003, 6.8469172210141728e-009, 4.8969109544574519e+002, 4.6412745278968792e+000, -3.7717280614862020e+001, 0.0000000000000000e+000, 1.3999999999999999e+000, 8.8525727107045801e-002
132200, 1.0960007851659878e-003, 6.7919561137214670e-009, 4.9064345504351786e+002, 4.6568566563122857e+000, -3.7799550213885489e+001, 0.0000000000000000e+000, 1.3999999999999999e+000, 8.8340818971278129e-002
132300, 1.0896334438074160e-003, 6.7375773420486608e-009, 4.9159400803778010e+002, 4.6721729715075462e+000, -3.7879979837670511e+001, 0.0000000000000000e+000, 1.3999999999999999e+000, 8.8156608233942294e-002
132400, 1.0833174701028847e-003, 6.6837731576663928e-009, 4.9254275791068750e+002, 4.6872172479427761e+000, -3.7958562595870070e+001, 0.0000000000000000e+000, 1.3999999999999999e+000, 8.7973144300005857e-002
132500, 1.0770523166251055e-003, 6.6305359355085179e-009, 4.9348970813757899e+002, 4.7019920914530937e+000, -3.8035338177061860e+001, 0.0000000000000000e+000, 1.3999999999999999e+000, 8.7790371889203495e-002
132600, 1.0708374431445760e-003, 6.5778581715112650e-009, 4.9443486218699030e+002, 4.7164939198055285e+000, -3.8110314255704459e+001, 0.0000000000000000e+000, 1.3999999999999999e+000, 8.7608312848478490e-002
132700, 1.0646723165205162e-003, 6.5257324803987526e-009, 4.9537822352066667e+002, 4.7307190490951596e+000, -3.8183497907267089e+001, 0.0000000000000000e+000, 1.3999999999999999e+000, 8.7426994740743086e-002
132800, 1.0585564105935945e-003, 6.4741515935148462e-009, 4.9631979559357745e+002, 4.7446707590960173e+000, -3.8254932541252401e+001, 0.0000000000000000e+000, 1.3999999999999999e+000, 8.7246356744444586e-002
132900, 1.0524892060806597e-003, 6.4231083567018294e-009, 4.9725958185392818e+002, 4.7583425021190386e+000, -3.8324609836503747e+001, 0.0000000000000000e+000, 1.3999999999999999e+000, 8.7066453518301654e-002
133000, 1.0464701904709182e-003, 6.3725957282215144e-009, 4.9819758574317547e+002, 4.7717376711400794e+000, -3.8392573639762588e+001, 0.0000000000000000e+000, 1.3999999999999999e+000, 8.6887229971457230e-002
133100, 1.0404988579241342e-003, 6.3226067767216157e-009, 4.9913381069603963e+002, 4.7848529919227385e+000, -3.8458833645422636e+001, 0.0000000000000000e+000, 1.3999999999999999e+000, 8.6708705218169854e-002
133200, 1.0345747091702886e-003, 6.2731346792431144e-009, 5.0006826014051830e+002, 4.7976847966637646e+000, -3.8523396932861083e+001, 0.0000000000000000e+000, 1.3999999999999999e+000, 8.6530908458079592e-002
133300, 1.0286972514109885e-003, 6.2241727192695649e-009, 5.0100093749789994e+002, 4.8102363244041983e+000, -3.8586306053562339e+001, 0.0000000000000000e+000, 1.3999999999999999e+000, 8.6353779471023503e-002
133400, 1.0228659982226211e-003, 6.1757142848176426e-009, 5.0193184618277604e+002, 4.8225018917449729e+000, -3.8647558580795113e+001, 0.0000000000000000e+000, 1.3999999999999999e+000, 8.6177370131670927e-002
133500, 1.0170804694608279e-003, 6.1277528665655170e-009, 5.0286098960305628e+002, 4.8344847651966818e+000, -3.8707197038987765e+001, 0.0000000000000000e+000, 1.3999999999999999e+000, 8.6001624719847625e-002
133600, 1.0113401911668609e-003, 6.0802820560218214e-009, 5.0378837115998056e+002, 4.8461812192859650e+000, -3.8765228188365896e+001, 0.0000000000000000e+000, 1.3999999999999999e+000, 8.5826568983252860e-002
133700, 1.0056446954752960e-003, 6.0332955437313111e-009, 5.0471399424813239e+002, 4.8575883664548556e+000, -3.8821664035375321e+001, 0.0000000000000000e+000, 1.3999999999999999e+000, 8.5652225458936734e-002
133800, 9.9999352052327988e-004, 5.9867871175175629e-009, 5.0563786225545300e+002, 4.8687087322666640e+000, -3.8876543434172468e+001, 0.0000000000000000e+000, 1.3999999999999999e+000, 8.5478539028147421e-002
133900, 9.9438621036141176e-004, 5.9407506607627464e-009, 5.0655997856325251e+002, 4.8795380164142843e+000, -3.8929870859340028e+001, 0.0000000000000000e+000, 1.3999999999999999e+000, 8.5305555924034618e-002
134000, 9.8882231486583576e-004, 5.8951801507211257e-009, 5.0748034654622552e+002, 4.8900782387682185e+000, -3.8981682315905282e+001, 0.0000000000000000e+000, 1.3999999999999999e+000, 8.5133224749588787e-002
134100, 9.8330138965201704e-004, 5.8500696568686846e-009, 5.0839896957246276e+002, 4.9003264319206155e+000, -3.9031989014632295e+001, 0.0000000000000000e+000, 1.3999999999999999e+000, 8.4961571724605278e-002
134200, 9.7782299598986560e-004, 5.8054133392860473e-009, 5.0931585100346473e+002, 4.9102802417873725e+000, -3.9080805332642996e+001, 0.0000000000000000e+000, 1.3999999999999999e+000, 8.4790611522516560e-002
134300, 9.7238670072006151e-004, 5.7612054470733965e-009, 5.1023099419415479e+002, 4.9199415776231223e+000, -3.9128167071570353e+001, 0.0000000000000000e+000, 1.3999999999999999e+000, 8.4620298314369527e-002
134400, 9.6699207617207566e-004, 5.7174403167996335e-009, 5.1114440249289146e+002, 4.9293057863675918e+000, -3.9174076590996577e+001, 0.0000000000000000e+000, 1.3999999999999999e+000, 8.4450677679299327e-002
134500, 9.6163870008322252e-004, 5.6741123709812860e-009, 5.1205607924148262e+002, 4.9383754375114375e+000, -3.9218573118323270e+001, 0.0000000000000000e+000, 1.3999999999999999e+000, 8.4281695012735761e-002
134600, 9.5632615551923634e-004, 5.6312161165935520e-009, 5.1296602777519820e+002, 4.9471474816265069e+000, -3.9261667355289063e+001, 0.0000000000000000e+000, 1.3999999999999999e+000, 8.4113373813043402e-002
134700, 9.5105403079604866e-004, 5.5887461436110164e-009, 5.1387425142278255e+002, 4.9556193782153066e+000, -3.9303372873635482e+001, 0.0000000000000000e+000, 1.3999999999999999e+000, 8.3945734112893730e-002
134800, 9.4582191940277896e-004, 5.5466971235775469e-009, 5.1478075350646827e+002, 4.9637932826974316e+000, -3.9343726155088760e+001, 0.0000000000000000e+000, 1.3999999999999999e+000, 8.3778727648588569e-002
134900, 9.4062941992617175e-004, 5.5050638082063017e-009, 5.1568553734198781e+002, 4.9716647302519572e+000, -3.9382731027588470e+001, 0.0000000000000000e+000, 1.3999999999999999e+000, 8.3612399200622425e-002
135000, 9.3547613597603607e-004, 5.4638410280065909e-009, 5.1658860623858845e+002, 4.9792350585209615e+000, -3.9420420418857269e+001, 0.0000000000000000e+000, 1.3999999999999999e+000, 8.3446697496452546e-002
135100, 9.3036167611199050e-004, 5.4230236909391034e-009, 5.1748996349904303e+002, 4.9865023398090207e+000, -3.9456810414603872e+001, 0.0000000000000000e+000, 1.3999999999999999e+000, 8.3281644631857721e-002
135200, 9.2528565377147183e-004, 5.3826067810985157e-009, 5.1838961241966445e+002, 4.9934642145305181e+000, -3.9491915442070592e+001, 0.0000000000000000e+000, 1.3999999999999999e+000, 8.3117259593171205e-002
135300, 9.2024768719872253e-004, 5.3425853574215509e-009, 5.1928755629031787e+002, 5.0001214039984401e+000, -3.9525765362265332e+001, 0.0000000000000000e+000, 1.3999999999999999e+000, 8.2953493813395673e-002
135400, 9.1524739937508660e-004, 5.3029545524218566e-009, 5.2018379839443242e+002, 5.0064706601939388e+000, -3.9558369171442017e+001, 0.0000000000000000e+000, 1.3999999999999999e+000, 8.2790392921787956e-002
135500, 9.1028441795034157e-004, 5.2637095709496792e-009, 5.2107834200901630e+002, 5.0125127011599444e+000, -3.9589757452022660e+001, 0.0000000000000000e+000, 1.3999999999999999e+000, 8.2627907434604825e-002
135600, 9.0535837517514051e-004, 5.2248456889763452e-009, 5.2197119040466782e+002, 5.0182457014527238e+000, -3.9619946661294620e+001, 0.0000000000000000e+000, 1.3999999999999999e+000, 8.2466053293061808e-002
135700, 9.0046890783458699e-004, 5.1863582524032758e-009, 5.2286234684558826e+002, 5.0236666418477212e+000, -3.9648946919628600e+001, 0.0000000000000000e+000, 1.3999999999999999e+000, 8.2304859397565835e-002
135800, 8.9561565718278638e-004, 5.1482426758941550e-009, 5.2375181458959560e+002, 5.0287768168600708e+000, -3.9676792101389985e+001, 0.0000000000000000e+000, 1.3999999999999999e+000, 8.2144267483432301e-002
135900, 8.9079826887858914e-004, 5.1104944417311456e-009, 5.2463959688813577e+002, 5.0335727289899506e+000, -3.9703489316244948e+001, 0.0000000000000000e+000, 1.3999999999999999e+000, 8.1984328014253260e-002
136000, 8.8601639292216084e-004, 5.0731090986926445e-009, 5.2552569698629623e+002, 5.0380544912877001e+000, -3.9729065934768542e+001, 0.0000000000000000e+000, 1.3999999999999999e+000, 8.1824991567302566e-002
136100, 8.8126968359276069e-004, 5.0360822609543505e-009, 5.2641011812281863e+002, 5.0422202489142931e+000, -3.9753538504376628e+001, 0.0000000000000000e+000, 1.3999999999999999e+000, 8.1666274763282892e-002
136200, 8.7655779938741122e-004, 4.9994096070115085e-009, 5.2729286353011116e+002, 5.0460682676120907e+000, -3.9776923937518809e+001, 0.0000000000000000e+000, 1.3999999999999999e+000, 8.1508199750809612e-002
136300, 8.7188040296049571e-004, 4.9630868786221134e-009, 5.2817393643426101e+002, 5.0495975053619659e+000, -3.9799243306099989e+001, 0.0000000000000000e+000, 1.3999999999999999e+000, 8.1350720457298756e-002
136400, 8.6723716106447174e-004, 4.9271098797718411e-009, 5.2905334005504665e+002, 5.0528062847233626e+000, -3.9820513149539742e+001, 0.0000000000000000e+000, 1.3999999999999999e+000, 8.1193879848391923e-002
136500, 8.6262774449136215e-004, 4.8914744756583581e-009, 5.2993107760595149e+002, 5.0556934192433269e+000, -3.9840754921814415e+001, 0.0000000000000000e+000, 1.3999999999999999e+000, 8.1037622679836607e-002
136600, 8.5805182801530625e-004, 4.8561765916963878e-009, 5.3080715229417524e+002, 5.0582570524367005e+000, -3.9859984591536744e+001, 0.0000000000000000e+000, 1.3999999999999999e+000, 8.0881978431732809e-002
136700, 8.5350909033587693e-004, 4.8212122125414010e-009, 5.3168156732064676e+002, 5.0604959271317052e+000, -3.9878220989695258e+001, 0.0000000000000000e+000, 1.3999999999999999e+000, 8.0726964308460533e-002
136800, 8.4899921402247934e-004, 4.7865773811334820e-009, 5.3255432588003691e+002, 5.0624080818703092e+000, -3.9895481351332286e+001, 0.0000000000000000e+000, 1.3999999999999999e+000, 8.0572526993796967e-002
136900, 8.4452188545944772e-004, 4.7522681977588753e-009, 5.3342543116076968e+002, 5.0639919218143143e+000, -3.9911781692525068e+001, 0.0000000000000000e+000, 1.3999999999999999e+000, 8.0418715899631052e-002
137000, 8.4007679479211985e-004, 4.7182808191303986e-009, 5.3429488634503662e+002, 5.0652467139735133e+000, -3.9927146911971334e+001, 0.0000000000000000e+000, 1.3999999999999999e+000, 8.0265482362526494e-002
137100, 8.3566363587369934e-004, 4.6846114574855036e-009, 5.3516269460880744e+002, 5.0661696589901366e+000, -3.9941587230302154e+001, 0.0000000000000000e+000, 1.3999999999999999e+000, 8.0112843307647660e-002
137200, 8.3128210621303904e-004, 4.6512563797022654e-009, 5.3602885912184320e+002, 5.0667595248990569e+000, -3.9955120511423999e+001, 0.0000000000000000e+000, 1.3999999999999999e+000, 7.9960820188821558e-002
137300, 8.2693190692311814e-004, 4.6182119064318579e-009, 5.3689338304770865e+002, 5.0670149718206439e+000, -3.9967769635299938e+001, 0.0000000000000000e+000, 1.3999999999999999e+000, 7.9809367346403828e-002
137400, 8.2261274267042875e-004, 4.5854744112484131e-009, 5.3775626954378367e+002, 5.0669333086105492e+000, -3.9979542557368774e+001, 0.0000000000000000e+000, 1.3999999999999999e+000, 7.9658522085918684e-002
137500, 8.1832432162516004e-004, 4.5530403198152993e-009, 5.3861752176127698e+002, 5.0665136280276677e+000, -3.9990464742875297e+001, 0.0000000000000000e+000, 1.3999999999999999e+000, 7.9508242895740475e-002
137600, 8.1406635541202480e-004, 4.5209061090667997e-009, 5.3947714284523715e+002, 5.0657539527174134e+000, -4.0000550193162162e+001, 0.0000000000000000e+000, 1.3999999999999999e+000, 7.9358545936356273e-002
137700, 8.0983855906205588e-004, 4.4890683064066362e-009, 5.4033513593456541e+002, 5.0646519913590753e+000, -4.0009810689377538e+001, 0.0000000000000000e+000, 1.3999999999999999e+000, 7.9209452964784946e-002
137800, 8.0564065096501197e-004, 4.4575234889211494e-009, 5.4119150416202820e+002, 5.0632063520937463e+000, -4.0018269643063739e+001, 0.0000000000000000e+000, 1.3999999999999999e+000, 7.9060915764920456e-002
137900, 8.0147235282255016e-004, 4.4262682826077622e-009, 5.4204625065426762e+002, 5.0614152398844876e+000, -4.0025938799609143e+001, 0.0000000000000000e+000, 1.3999999999999999e+000, 7.8912978333349620e-002
138000, 7.9733338960216857e-004, 4.3952993616183995e-009, 5.4289937853181630e+002, 5.0592757669787902e+000, -4.0032834311594712e+001, 0.0000000000000000e+000, 1.3999999999999999e+000, 7.8765587407130536e-002
138100, 7.9322348949181808e-004, 4.3646134475172453e-009, 5.4375089090910706e+002, 5.0567871999428489e+000, -4.0038976099529165e+001, 0.0000000000000000e+000, 1.3999999999999999e+000, 7.8618770394122781e-002
138200, 7.8914238385526100e-004, 4.3342073085528391e-009, 5.4460079089448664e+002, 5.0539466950737735e+000, -4.0044372038445815e+001, 0.0000000000000000e+000, 1.3999999999999999e+000, 7.8472545285869166e-002
138300, 7.8508980718808112e-004, 4.3040777589439036e-009, 5.4544908159022702e+002, 5.0507526468300137e+000, -4.0049045968440367e+001, 0.0000000000000000e+000, 1.3999999999999999e+000, 7.8326862872691083e-002
138400, 7.8106549707442443e-004, 4.2742216581790364e-009, 5.4629576609253695e+002, 5.0472032661815787e+000, -4.0053008227694228e+001, 0.0000000000000000e+000, 1.3999999999999999e+000, 7.8181762374017430e-002
138500, 7.7706919414432813e-004, 4.2446359103292887e-009, 5.4714084749157553e+002, 5.0432954446809788e+000, -4.0056275369438730e+001, 0.0000000000000000e+000, 1.3999999999999999e+000, 7.8037205151236799e-002
138600, 7.7310064203179078e-004, 4.2153174633742750e-009, 5.4798432887146282e+002, 5.0390274260836145e+000, -4.0058860635881025e+001, 0.0000000000000000e+000, 1.3999999999999999e+000, 7.7893204593696183e-002
138700, 7.6915958733345395e-004, 4.1862633085408605e-009, 5.4882621331029270e+002, 5.0343984650131395e+000, -4.0060782742832501e+001, 0.0000000000000000e+000, 1.3999999999999999e+000, 7.7749781753929131e-002
138800, 7.6524577956791511e-004, 4.1574704796543487e-009, 5.4966650388014432e+002, 5.0294039309593357e+000, -4.0062050878598292e+001, 0.0000000000000000e+000, 1.3999999999999999e+000, 7.7606889694618153e-002
138900, 7.6135897113567910e-004, 4.1289360525020373e-009, 5.5050520364709359e+002, 5.0240444429767956e+000, -4.0062686233757340e+001, 0.0000000000000000e+000, 1.3999999999999999e+000, 7.7464571035634061e-002
139000, 7.5749891727970164e-004, 4.1006571442086204e-009, 5.5134231567122652e+002, 5.0183151356922897e+000, -4.0062698009270633e+001, 0.0000000000000000e+000, 1.3999999999999999e+000, 7.7322778397309860e-002
139100, 7.5366537604656925e-004, 4.0726309126235877e-009, 5.5217784300664971e+002, 5.0122150298028494e+000, -4.0062102931149802e+001, 0.0000000000000000e+000, 1.3999999999999999e+000, 7.7181532753197293e-002
139200, 7.4985810824826750e-004, 4.0448545557200838e-009, 5.5301178870150306e+002, 5.0057424021186741e+000, -4.0060912698400813e+001, 0.0000000000000000e+000, 1.3999999999999999e+000, 7.7040850053088347e-002
139300, 7.4607687742450201e-004, 4.0173253110049027e-009, 5.5384415579797133e+002, 4.9988935659357221e+000, -4.0059144094960878e+001, 0.0000000000000000e+000, 1.3999999999999999e+000, 7.6900689475459458e-002
139400, 7.4232144980563013e-004, 3.9900404549397714e-009, 5.5467494733229523e+002, 4.9916678347142875e+000, -4.0056809152611692e+001, 0.0000000000000000e+000, 1.3999999999999999e+000, 7.6761086278400975e-002
139500, 7.3859159427613495e-004, 3.9629973023732999e-009, 5.5550416633478483e+002, 4.9840604852583335e+000, -4.0053919835748871e+001, 0.0000000000000000e+000, 1.3999999999999999e+000, 7.6622002847592199e-002
139600, 7.3488708233871282e-004, 3.9361932059839089e-009, 5.5633181582982979e+002, 4.9760708128311588e+000, -4.0050493221847610e+001, 0.0000000000000000e+000, 1.3999999999999999e+000, 7.6483449988341709e-002
139700, 7.3120768807876627e-004, 3.9096255557323886e-009, 5.5715789883591219e+002, 4.9676973641415794e+000, -4.0046541717065772e+001, 0.0000000000000000e+000, 1.3999999999999999e+000, 7.6345449477934840e-002
139800, 7.2755318812962866e-004, 3.8832917783256953e-009, 5.5798241836561749e+002, 4.9589347274196989e+000, -4.0042074623552161e+001, 0.0000000000000000e+000, 1.3999999999999999e+000, 7.6207956156763138e-002
139900, 7.2392336163817027e-004, 3.8571893366899544e-009, 5.5880537742564616e+002, 4.9497837166764684e+000, -4.0037109658121068e+001, 0.0000000000000000e+000, 1.3999999999999999e+000, 7.6071011247822812e-002
140000, 7.2031799023097355e-004, 3.8313157294535221e-009, 5.5962677901682605e+002, 4.9402390912356360e+000, -4.0031658821533519e+001, 0.0000000000000000e+000, 1.3999999999999999e+000, 7.5934570926215236e-002
140100, 7.1673685798102926e-004, 3.8056684904396703e-009, 5.6044662613412379e+002, 4.9303005900725125e+000, -4.0025731651007135e+001, 0.0000000000000000e+000, 1.3999999999999999e+000, 7.5798650509160612e-002
140200, 7.1317975137493545e-004, 3.7802451881687068e-009, 5.6126492176665647e+002, 4.9199750227367280e+000, -4.0019340901649791e+001, 0.0000000000000000e+000, 1.3999999999999999e+000, 7.5663270621114803e-002
140300, 7.0964645928055107e-004, 3.7550434253690563e-009, 5.6208166889770257e+002, 4.9092658648397931e+000, -4.0012495591873126e+001, 0.0000000000000000e+000, 1.3999999999999999e+000, 7.5528385665141765e-002
140400, 7.0613677291521371e-004, 3.7300608384978200e-009, 5.6289687050471389e+002, 4.8981819853415498e+000, -4.0005203284588653e+001, 0.0000000000000000e+000, 1.3999999999999999e+000, 7.5394038763242577e-002
140500, 7.0265048581434511e-004, 3.7052950972696461e-009, 5.6371052955932805e+002, 4.8867271967741273e+000, -3.9997475595480402e+001, 0.0000000000000000e+000, 1.3999999999999999e+000, 7.5260181753758940e-002
140600, 6.9918739380061840e-004, 3.6807439041948300e-009, 5.6452264902737875e+002, 4.8749088957139248e+000, -3.9989319799465136e+001, 0.0000000000000000e+000, 1.3999999999999999e+000, 7.5126834397379355e-002
140700, 6.9574729495350263e-004, 3.6564049825631169e-009, 5.6533323186890777e+002, 4.8627351797848366e+000, -3.9980746112197245e+001, 0.0000000000000000e+000, 1.3999999999999999e+000, 7.4994017636722560e-002
140800, 6.9232998957932679e-004, 3.6322755975900676e-009, 5.6614228103817663e+002, 4.8502085828242629e+000, -3.9971760941804860e+001, 0.0000000000000000e+000, 1.3999999999999999e+000, 7.4861682970233864e-002
140900, 6.8893528018178338e-004, 3.6083532454806971e-009, 5.6694979948367745e+002, 4.8373395786776587e+000, -3.9962377442957973e+001, 0.0000000000000000e+000, 1.3999999999999999e+000, 7.4729871384206475e-002
141000, 6.8556297143281810e-004, 3.5846357064434959e-009, 5.6775579014814502e+002, 4.8241295340448049e+000, -3.9952596925344679e+001, 0.0000000000000000e+000, 1.3999999999999999e+000, 7.4598541900099513e-002
141100, 6.8221287014405487e-004, 3.5611207894942153e-009, 5.6856025596856830e+002, 4.8105875786896979e+000, -3.9942434867429348e+001, 0.0000000000000000e+000, 1.3999999999999999e+000, 7.4467709768236634e-002
141200, 6.7888478523851759e-004, 3.5378063320174296e-009, 5.6936319987620095e+002, 4.7967211876404470e+000, -3.9931896408556916e+001, 0.0000000000000000e+000, 1.3999999999999999e+000, 7.4337395083126784e-002
141300, 6.7557852772289818e-004, 3.5146901993362985e-009, 5.7016462479657423e+002, 4.7825329114418684e+000, -3.9920990706129295e+001, 0.0000000000000000e+000, 1.3999999999999999e+000, 7.4207549765453837e-002
141400, 6.7229391066017945e-004, 3.4917702842894665e-009, 5.7096453364950594e+002, 4.7680327042206603e+000, -3.9909726057962992e+001, 0.0000000000000000e+000, 1.3999999999999999e+000, 7.4078218975251270e-002
141500, 6.6903074914261517e-004, 3.4690445068149360e-009, 5.7176292934911419e+002, 4.7532224842175319e+000, -3.9898108895493365e+001, 0.0000000000000000e+000, 1.3999999999999999e+000, 7.3949358350066344e-002
141600, 6.6578886026521426e-004, 3.4465108135416536e-009, 5.7255981480382752e+002, 4.7381102966476449e+000, -3.9886147214123227e+001, 0.0000000000000000e+000, 1.3999999999999999e+000, 7.3820982129014001e-002
141700, 6.6256806309959368e-004, 3.4241671773879407e-009, 5.7335519291639616e+002, 4.7227042009308393e+000, -3.9873849091748212e+001, 0.0000000000000000e+000, 1.3999999999999999e+000, 7.3693109689480021e-002
141800, 6.5936817866809054e-004, 3.4020115971661404e-009, 5.7414906658390396e+002, 4.7070065096434410e+000, -3.9861223552044251e+001, 0.0000000000000000e+000, 1.3999999999999999e+000, 7.3565699791133532e-002
141900, 6.5618902991844061e-004, 3.3800420971949500e-009, 5.7494143869777838e+002, 4.6910274940341186e+000, -3.9848279245438789e+001, 0.0000000000000000e+000, 1.3999999999999999e+000, 7.3438788573790811e-002
142000, 6.5303044169873279e-004, 3.3582567269178544e-009, 5.7573231214380269e+002, 4.6747678679224247e+000, -3.9835017396897591e+001, 0.0000000000000000e+000, 1.3999999999999999e+000, 7.3312338806419408e-002
142100, 6.4989224073270331e-004, 3.3366535605278829e-009, 5.7652168980212753e+002, 4.6582362930763681e+000, -3.9821448831142703e+001, 0.0000000000000000e+000, 1.3999999999999999e+000, 7.3186364065211743e-002
142200, 6.4677425559554237e-004, 3.3152306965995181e-009, 5.7730957454728059e+002, 4.6414419695749300e+000, -3.9807586951149325e+001, 0.0000000000000000e+000, 1.3999999999999999e+000, 7.3060879379626673e-002
142300, 6.4367631668978598e-004, 3.2939862577254179e-009, 5.7809596924817959e+002, 4.6243845320984125e+000, -3.9793427733433319e+001, 0.0000000000000000e+000, 1.3999999999999999e+000, 7.2935843547981757e-002
142400, 6.4059825622188511e-004, 3.2729183901609631e-009, 5.7888087676814143e+002, 4.6070760081478346e+000, -3.9778988112748486e+001, 0.0000000000000000e+000, 1.3999999999999999e+000, 7.2811299587330763e-002
142500, 6.3753990817886881e-004, 3.2520252634735047e-009, 5.7966429996489478e+002, 4.5895163744729155e+000, -3.9764266396363006e+001, 0.0000000000000000e+000, 1.3999999999999999e+000, 7.2687203497145664e-002
142600, 6.3450110830547428e-004, 3.2313050701981551e-009, 5.8044624169059091e+002, 4.5717144103010900e+000, -3.9749273729871732e+001, 0.0000000000000000e+000, 1.3999999999999999e+000, 7.2563568614586571e-002
142700, 6.3148169408156548e-004, 3.2107560254991462e-009, 5.8122670479181420e+002, 4.5536790786861765e+000, -3.9734021140181952e+001, 0.0000000000000000e+000, 1.3999999999999999e+000, 7.2440416871639504e-002
142800, 6.2848150469988265e-004, 3.1903763668368506e-009, 5.8200569210959384e+002, 4.5354101634880308e+000, -3.9718507013465981e+001, 0.0000000000000000e+000, 1.3999999999999999e+000, 7.2317705466863474e-002
142900, 6.2550038104417123e-004, 3.1701643536406836e-009, 5.8278320647941359e+002, 4.5169196017464435e+000, -3.9702745936189217e+001, 0.0000000000000000e+000, 1.3999999999999999e+000, 7.2195469434011186e-002
143000, 6.2253816566752609e-004, 3.1501182669869076e-009, 5.8355925073122467e+002, 4.4982069892849941e+000, -3.9686736271392917e+001, 0.0000000000000000e+000, 1.3999999999999999e+000, 7.2073671451556756e-002
143100, 6.1959470277116321e-004, 3.1302364092824242e-009, 5.8433382768945523e+002, 4.4792812620126963e+000, -3.9670489201475007e+001, 0.0000000000000000e+000, 1.3999999999999999e+000, 7.1952326486562773e-002
143200, 6.1666983818337484e-004, 3.1105171039531628e-009, 5.8510694017302171e+002, 4.4601512767204010e+000, -3.9654013351416211e+001, 0.0000000000000000e+000, 1.3999999999999999e+000, 7.1831449875502759e-002
143300, 6.1376341933893058e-004, 3.0909586951383761e-009, 5.8587859099534057e+002, 4.4408167172535595e+000, -3.9637309650328376e+001, 0.0000000000000000e+000, 1.3999999999999999e+000, 7.1711004751122437e-002
143400, 6.1087529525869595e-004, 3.0715595473895978e-009, 5.8664878296433699e+002, 4.4212890737759425e+000, -3.9620387602351535e+001, 0.0000000000000000e+000, 1.3999999999999999e+000, 7.1591022903924204e-002
143500, 6.0800531652950964e-004, 3.0523180453743802e-009, 5.8741751888245858e+002, 4.4015685231325872e+000, -3.9603250782643777e+001, 0.0000000000000000e+000, 1.3999999999999999e+000, 7.1471469257419901e-002
143600, 6.0515333528446001e-004, 3.0332325935855054e-009, 5.8818480154668418e+002, 4.3816638085945794e+000, -3.9585907925386053e+001, 0.0000000000000000e+000, 1.3999999999999999e+000, 7.1352357247582834e-002
143700, 6.0231920518334344e-004, 3.0143016160544473e-009, 5.8895063374853544e+002, 4.3615832286476444e+000, -3.9568365040738207e+001, 0.0000000000000000e+000, 1.3999999999999999e+000, 7.1233699862045821e-002
143800, 5.9950278139343153e-004, 2.9955235560696995e-009, 5.8971501827408815e+002, 4.3413264690799362e+000, -3.9550623108225693e+001, 0.0000000000000000e+000, 1.3999999999999999e+000, 7.1115466446287245e-002
143900, 5.9670392057061883e-004, 2.9768968759002552e-009, 5.9047795790398118e+002, 4.3209060113879376e+000, -3.9532697012201773e+001, 0.0000000000000000e+000, 1.3999999999999999e+000, 7.0997687311270680e-002
144000, 5.9392248084061720e-004, 2.9584200565224893e-009, 5.9123945541342971e+002, 4.3003205309509589e+000, -3.9514582430695221e+001, 0.0000000000000000e+000, 1.3999999999999999e+000, 7.0880323139523027e-002
144100, 5.9115832178067626e-004, 2.9400915973527967e-009, 5.9199951357223426e+002, 4.2795792634879160e+000, -3.9496290689671120e+001, 0.0000000000000000e+000, 1.3999999999999999e+000, 7.0763389646443409e-002
144200, 5.8841130440136246e-004, 2.9219100159835877e-009, 5.9275813514479182e+002, 4.2586912149172411e+000, -3.9477830680396778e+001, 0.0000000000000000e+000, 1.3999999999999999e+000, 7.0646905790748574e-002
144300, 5.8568129112874026e-004, 2.9038738479242806e-009, 5.9351532289010720e+002, 4.2376548148601634e+000, -3.9459198034758785e+001, 0.0000000000000000e+000, 1.3999999999999999e+000, 7.0530828248741878e-002
144400, 5.8296814578670617e-004, 2.8859816463460232e-009, 5.9427107956180248e+002, 4.2164833113347875e+000, -3.9440410332789043e+001, 0.0000000000000000e+000, 1.3999999999999999e+000, 7.0415197582567549e-002
144500, 5.8027173357961908e-004, 2.8682319818307578e-009, 5.9502540790812873e+002, 4.1951746340202671e+000, -3.9421460647256588e+001, 0.0000000000000000e+000, 1.3999999999999999e+000, 7.0299971567234901e-002
144600, 5.7759192107522132e-004, 2.8506234421245950e-009, 5.9577831067197633e+002, 4.1737387007475757e+000, -3.9402363011915305e+001, 0.0000000000000000e+000, 1.3999999999999999e+000, 7.0185166530887549e-002
144700, 5.7492857618770003e-004, 2.8331546318946465e-009, 5.9652979059088545e+002, 4.1521835445211215e+000, -3.9383121073246642e+001, 0.0000000000000000e+000, 1.3999999999999999e+000, 7.0070798360820058e-002
144800, 5.7228156816108860e-004, 2.8158241724902964e-009, 5.9727985039705686e+002, 4.1305084597166797e+000, -3.9363735756835531e+001, 0.0000000000000000e+000, 1.3999999999999999e+000, 6.9956827606884459e-002
144900, 5.6965076755284951e-004, 2.7986307017080445e-009, 5.9802849281736201e+002, 4.1087258684309713e+000, -3.9344219449835016e+001, 0.0000000000000000e+000, 1.3999999999999999e+000, 6.9843290294501051e-002
145000, 5.6703604621768683e-004, 2.7815728735601222e-009, 5.9877572057335431e+002, 4.0868345120038994e+000, -3.9324570439359739e+001, 0.0000000000000000e+000, 1.3999999999999999e+000, 6.9730151428716622e-002
145100, 5.6443727729164439e-004, 2.7646493580471056e-009, 5.9952153638127913e+002, 4.0648434524180876e+000, -3.9304797599583466e+001, 0.0000000000000000e+000, 1.3999999999999999e+000, 6.9617420329334795e-002
145200, 5.6185433517635583e-004, 2.7478588409338177e-009, 6.0026594295208463e+002, 4.0427613178791981e+000, -3.9284907278772181e+001, 0.0000000000000000e+000, 1.3999999999999999e+000, 6.9505120170713072e-002
145300, 5.5928709552355814e-004, 2.7312000235290142e-009, 6.0100894299143215e+002, 4.0205866486724622e+000, -3.9264897593674256e+001, 0.0000000000000000e+000, 1.3999999999999999e+000, 6.9393204175083822e-002
145400, 5.5673543521982246e-004, 2.7146716224685976e-009, 6.0175053919970640e+002, 3.9983326481460915e+000, -3.9244783780742779e+001, 0.0000000000000000e+000, 1.3999999999999999e+000, 6.9281711912426144e-002
145500, 5.5419923237147830e-004, 2.6982723695021626e-009, 6.0249073427202597e+002, 3.9759973420598529e+000, -3.9224561482463379e+001, 0.0000000000000000e+000, 1.3999999999999999e+000, 6.9170607393910399e-002
145600, 5.5167836628980827e-004, 2.6820010112832473e-009, 6.0322953089825467e+002, 3.9535894741245530e+000, -3.9204236862814625e+001, 0.0000000000000000e+000, 1.3999999999999999e+000, 6.9059902738024467e-002
145700, 5.4917271747633573e-004, 2.6658563091623424e-009, 6.0396693176301051e+002, 3.9311185188379310e+000, -3.9183821707332783e+001, 0.0000000000000000e+000, 1.3999999999999999e+000, 6.8949614465097842e-002
145800, 5.4668216760846286e-004, 2.6498370389838910e-009, 6.0470293954567740e+002, 3.9085831937297577e+000, -3.9163314144028625e+001, 0.0000000000000000e+000, 1.3999999999999999e+000, 6.8839705215827690e-002
145900, 5.4420659952519814e-004, 2.6339419908859618e-009, 6.0543755692041373e+002, 3.8859950743367668e+000, -3.9142721385112587e+001, 0.0000000000000000e+000, 1.3999999999999999e+000, 6.8730208277956686e-002
146000, 5.4174589721313370e-004, 2.6181699691033217e-009, 6.0617078655616524e+002, 3.8633537621190519e+000, -3.9122047092234084e+001, 0.0000000000000000e+000, 1.3999999999999999e+000, 6.8621088082303466e-002
146100, 5.3929994579260800e-004, 2.6025197917735777e-009, 6.0690263111667286e+002, 3.8406674051960681e+000, -3.9101294855719992e+001, 0.0000000000000000e+000, 1.3999999999999999e+000, 6.8512359432637990e-002
146200, 5.3686863150405762e-004, 2.5869902907463430e-009, 6.0763309326048523e+002, 3.8179446847141643e+000, -3.9080471070299332e+001, 0.0000000000000000e+000, 1.3999999999999999e+000, 6.8404034828387250e-002
146300, 5.3445184169459122e-004, 2.5715803113955598e-009, 6.0836217564096705e+002, 3.7951850956585380e+000, -3.9059579193437884e+001, 0.0000000000000000e+000, 1.3999999999999999e+000, 6.8296080966762068e-002
146400, 5.3204946480467233e-004, 2.5562887124343999e-009, 6.0908988090630987e+002, 3.7724008594607672e+000, -3.9038629269014201e+001, 0.0000000000000000e+000, 1.3999999999999999e+000, 6.8188529494919242e-002
146500, 5.2966139035509141e-004, 2.5411143657335417e-009, 6.0981621169954371e+002, 3.7495895634957490e+000, -3.9017614122362929e+001, 0.0000000000000000e+000, 1.3999999999999999e+000, 6.8081348051258067e-002
146600, 5.2728750893402609e-004, 2.5260561561418718e-009, 6.1054117065854530e+002, 3.7267608095853899e+000, -3.8996545477325512e+001, 0.0000000000000000e+000, 1.3999999999999999e+000, 6.7974543588996322e-002
146700, 5.2492771218435111e-004, 2.5111129813103075e-009, 6.1126476041604963e+002, 3.7039237896397066e+000, -3.8975432318614317e+001, 0.0000000000000000e+000, 1.3999999999999999e+000, 6.7868139037061348e-002
146800, 5.2258189279108633e-004, 2.4962837515181775e-009, 6.1198698359965965e+002, 3.6810760718651960e+000, -3.8954267661373216e+001, 0.0000000000000000e+000, 1.3999999999999999e+000, 6.7762093092073289e-002
146900, 5.2024994446898867e-004, 2.4815673895021844e-009, 6.1270784283185594e+002, 3.6582308363904890e+000, -3.8933066651376684e+001, 0.0000000000000000e+000, 1.3999999999999999e+000, 6.7656439114150563e-002
147000, 5.1793176195042204e-004, 2.4669628302884969e-009, 6.1342734073000770e+002, 3.6353861282982787e+000, -3.8911824955233016e+001, 0.0000000000000000e+000, 1.3999999999999999e+000, 6.7551142843789033e-002
147100, 5.1562724097325616e-004, 2.4524690210268166e-009, 6.1414547990638289e+002, 3.6125506049396954e+000, -3.8890548864316244e+001, 0.0000000000000000e+000, 1.3999999999999999e+000, 6.7446221650069513e-002
147200, 5.1333627826904461e-004, 2.4380849208275284e-009, 6.1486226296815744e+002, 3.5897339836719011e+000, -3.8869250143506129e+001, 0.0000000000000000e+000, 1.3999999999999999e+000, 6.7341681184908006e-002
147300, 5.1105877155131437e-004, 2.4238095006011229e-009, 6.1557769251742616e+002, 3.5669337753578407e+000, -3.8847921672715742e+001, 0.0000000000000000e+000, 1.3999999999999999e+000, 6.7237496825649737e-002
147400, 5.0879461950397733e-004, 2.4096417428999247e-009, 6.1629177115121206e+002, 3.5441626987107977e+000, -3.8826576066281994e+001, 0.0000000000000000e+000, 1.3999999999999999e+000, 6.7133691496311806e-002
147500, 5.0654372177005391e-004, 2.3955806417629548e-009, 6.1700450146147716e+002, 3.5214192955189345e+000, -3.8805211650266244e+001, 0.0000000000000000e+000, 1.3999999999999999e+000, 6.7030237866035264e-002
147600, 5.0430597894033171e-004, 2.3816252025621612e-009, 6.1771588603513214e+002, 3.4987122327023146e+000, -3.8783834748082946e+001, 0.0000000000000000e+000, 1.3999999999999999e+000, 6.6927146308697769e-002
147700, 5.0208129254233804e-004, 2.3677744418517446e-009, 6.1842592745404613e+002, 3.4760502378218754e+000, -3.8762451693700740e+001, 0.0000000000000000e+000, 1.3999999999999999e+000, 6.6824430951936839e-002
147800, 4.9986956502944392e-004, 2.3540273872196935e-009, 6.1913462829505727e+002, 3.4534323069857940e+000, -3.8741063448868879e+001, 0.0000000000000000e+000, 1.3999999999999999e+000, 6.6722060572895286e-002
147900, 4.9767069977003323e-004, 2.3403830771412148e-009, 6.1984199112998181e+002, 3.4308700596528645e+000, -3.8719677317879373e+001, 0.0000000000000000e+000, 1.3999999999999999e+000, 6.6620060473312218e-002
148000, 4.9548460103693358e-004, 2.3268405608349088e-009, 6.2054801852562480e+002, 3.4083623296689378e+000, -3.8698291586358721e+001, 0.0000000000000000e+000, 1.3999999999999999e+000, 6.6518401807735009e-002
148100, 4.9331117399689412e-004, 2.3133988981206956e-009, 6.2125271304378975e+002, 3.3859175906021295e+000, -3.8676912646168354e+001, 0.0000000000000000e+000, 1.3999999999999999e+000, 6.6417098700164795e-002
148200, 4.9115032470026492e-004, 2.3000571592801686e-009, 6.2195607724128877e+002, 3.3635448957824119e+000, -3.8655549442320797e+001, 0.0000000000000000e+000, 1.3999999999999999e+000, 6.6316159321324258e-002
148300, 4.8900196007077535e-004, 2.2868144249188747e-009, 6.2265811366995149e+002, 3.3412425751679535e+000, -3.8634197704076200e+001, 0.0000000000000000e+000, 1.3999999999999999e+000, 6.6215556599916944e-002
148400, 4.8686598789551095e-004, 2.2736697858309598e-009, 6.2335882487663628e+002, 3.3190230850675091e+000, -3.8612869882556673e+001, 0.0000000000000000e+000, 1.3999999999999999e+000, 6.6115318209625518e-002
148500, 4.8474231681495435e-004, 2.2606223428655200e-009, 6.2405821340323894e+002, 3.2968842192856367e+000, -3.8591559213916838e+001, 0.0000000000000000e+000, 1.3999999999999999e+000, 6.6015407688480784e-002
148600, 4.8263085631320758e-004, 2.2476712067951956e-009, 6.2475628178670343e+002, 3.2748355660619710e+000, -3.8570277186892206e+001, 0.0000000000000000e+000, 1.3999999999999999e+000, 6.5915845896072273e-002
148700, 4.8053151670834644e-004, 2.2348154981867334e-009, 6.2545303255903093e+002, 3.2528851237210019e+000, -3.8549027528581789e+001, 0.0000000000000000e+000, 1.3999999999999999e+000, 6.5816639702846361e-002
148800, 4.7844420914286249e-004, 2.2220543472733066e-009, 6.2614846824729023e+002, 3.2310322122878716e+000, -3.8527811289455464e+001, 0.0000000000000000e+000, 1.3999999999999999e+000, 6.5717758689147629e-002
148900, 4.7636884557427837e-004, 2.2093868938289516e-009, 6.2684259137362665e+002, 3.2092878104152689e+000, -3.8506632924815591e+001, 0.0000000000000000e+000, 1.3999999999999999e+000, 6.5619232989784143e-002
149000, 4.7430533876589181e-004, 2.1968122870449002e-009, 6.2753540445527256e+002, 3.1876517654528604e+000, -3.8485496308346860e+001, 0.0000000000000000e+000, 1.3999999999999999e+000, 6.5521032229164861e-002
149100, 4.7225360227759364e-004, 2.1843296854075182e-009, 6.2822691000455723e+002, 3.1661315871410962e+000, -3.8464402362569153e+001, 0.0000000000000000e+000, 1.3999999999999999e+000, 6.5423165944133471e-002
149200, 4.7021355045686377e-004, 2.1719382565783400e-009, 6.2891711052891549e+002, 3.1447367516067026e+000, -3.8443362666093286e+001, 0.0000000000000000e+000, 1.3999999999999999e+000, 6.5325649113009310e-002
149300, 4.6818509842985344e-004, 2.1596371772757035e-009, 6.2960600853089886e+002, 3.1234652223064883e+000, -3.8422370481120822e+001, 0.0000000000000000e+000, 1.3999999999999999e+000, 6.5228449061778396e-002
149400, 4.6616816209261937e-004, 2.1474256331583237e-009, 6.3029360650818342e+002, 3.1023292623014811e+000, -3.8401438025134389e+001, 0.0000000000000000e+000, 1.3999999999999999e+000, 6.5131595938009587e-002
149500, 4.6416265810243226e-004, 2.1353028187103737e-009, 6.3097990695358112e+002, 3.0813279435732266e+000, -3.8380564005823906e+001, 0.0000000000000000e+000, 1.3999999999999999e+000, 6.5035056715822590e-002
149600, 4.6216850386920796e-004, 2.1232679371283136e-009, 6.3166491235504850e+002, 3.0604691753228734e+000, -3.8359752023929538e+001, 0.0000000000000000e+000, 1.3999999999999999e+000, 6.4938845720802843e-002
149700, 4.6018561754711972e-004, 2.1113202002097008e-009, 6.3234862519569674e+002, 3.0397618126364825e+000, -3.8339010785306876e+001, 0.0000000000000000e+000, 1.3999999999999999e+000, 6.4842975661830601e-002
149800, 4.5821391802622254e-004, 2.0994588282431743e-009, 6.3303104795380091e+002, 3.0192046094580758e+000, -3.8318336537018006e+001, 0.0000000000000000e+000, 1.3999999999999999e+000, 6.4747413231085016e-002
149900, 4.5625332492426777e-004, 2.0876830499004373e-009, 6.3371218310280926e+002, 2.9988089693557498e+000, -3.8297738631134216e+001, 0.0000000000000000e+000, 1.3999999999999999e+000, 6.4652188901002813e-002
150000, 4.5430375857857011e-004, 2.0759921021295589e-009, 6.3439203311135350e+002, 2.9785743527879607e+000, -3.8277215872002429e+001, 0.0000000000000000e+000, 1.3999999999999999e+000, 6.4557269972653680e-002
